window_start,window_end,volume,fraud_rate,failure_rate,avg_amount,unique_accounts,unique_devices,unique_ip_subnets,unique_pincodes,top_skus,top_sku_share,sku_hhi,accounts_per_device,txs_per_device,txs_per_subnet,pincode_concentration,mean_account_velocity,mean_device_velocity,baseline_volume,z_volume,baseline_fraud_rate,z_fraud_rate,baseline_failure_rate,z_failure_rate,baseline_accounts_per_device,z_accounts_per_device,baseline_txs_per_device,z_txs_per_device,baseline_txs_per_subnet,z_txs_per_subnet,baseline_top_sku_share,z_top_sku_share,baseline_pincode_concentration,z_pincode_concentration,baseline_mean_device_velocity,z_mean_device_velocity,spike_type,anomaly_score,coordination_score
2026-01-05 00:00:00,2026-01-05 01:00:00,4,0.0,0.0,691.75,4,4,3,3,"[{""sku_id"": ""sku_1006"", ""count"": 2}, {""sku_id"": ""sku_1014"", ""count"": 1}, {""sku_id"": ""sku_1012"", ""count"": 1}]",0.5,0.375,1.0,1.0,1.3333333333333333,0.5,1.0,1.0,,,,,,,,,,,,,,,,,,,ordinary,0.0,0.0
2026-01-05 02:00:00,2026-01-05 03:00:00,3,0.0,0.3333333333333333,916.7199999999999,3,3,2,3,"[{""sku_id"": ""sku_1013"", ""count"": 1}, {""sku_id"": ""sku_1001"", ""count"": 1}, {""sku_id"": ""sku_1019"", ""count"": 1}]",0.3333333333333333,0.3333333333333333,1.0,1.0,1.5,0.3333333333333333,1.0,1.0,,,,,,,,,,,,,,,,,,,ordinary,0.0,0.0
2026-01-05 04:00:00,2026-01-05 05:00:00,3,0.0,0.0,1075.9399999999998,3,3,3,3,"[{""sku_id"": ""sku_1001"", ""count"": 1}, {""sku_id"": ""sku_1034"", ""count"": 1}, {""sku_id"": ""sku_1018"", ""count"": 1}]",0.3333333333333333,0.3333333333333333,1.0,1.0,1.0,0.3333333333333333,1.0,1.0,,,,,,,,,,,,,,,,,,,ordinary,0.0,0.0
2026-01-05 05:00:00,2026-01-05 06:00:00,3,0.0,0.0,743.2433333333333,3,3,3,3,"[{""sku_id"": ""sku_1034"", ""count"": 1}, {""sku_id"": ""sku_1019"", ""count"": 1}, {""sku_id"": ""sku_1001"", ""count"": 1}]",0.3333333333333333,0.3333333333333333,1.0,1.0,1.0,0.3333333333333333,1.0,1.0,,,,,,,,,,,,,,,,,,,ordinary,0.0,0.0
2026-01-05 06:00:00,2026-01-05 07:00:00,3,0.0,0.0,2636.7333333333336,2,2,2,2,"[{""sku_id"": ""sku_1004"", ""count"": 1}, {""sku_id"": ""sku_1031"", ""count"": 1}, {""sku_id"": ""sku_1003"", ""count"": 1}]",0.3333333333333333,0.3333333333333333,1.0,1.5,1.5,0.6666666666666666,1.3333333333333333,1.3333333333333333,,,,,,,,,,,,,,,,,,,ordinary,0.0,0.0
2026-01-05 07:00:00,2026-01-05 08:00:00,12,0.0,0.0,1545.7700000000002,12,12,9,12,"[{""sku_id"": ""sku_1005"", ""count"": 2}, {""sku_id"": ""sku_1002"", ""count"": 2}, {""sku_id"": ""sku_1041"", ""count"": 1}]",0.16666666666666666,0.11111111111111112,1.0,1.0,1.3333333333333333,0.08333333333333333,1.0,1.0,,,,,,,,,,,,,,,,,,,ordinary,0.0,0.0
2026-01-05 08:00:00,2026-01-05 09:00:00,12,0.0,0.08333333333333333,1064.6525000000001,12,12,9,10,"[{""sku_id"": ""sku_1009"", ""count"": 2}, {""sku_id"": ""sku_1018"", ""count"": 1}, {""sku_id"": ""sku_1029"", ""count"": 1}]",0.16666666666666666,0.09722222222222224,1.0,1.0,1.3333333333333333,0.16666666666666666,1.0,1.0,,,,,,,,,,,,,,,,,,,ordinary,0.0,0.0
2026-01-05 09:00:00,2026-01-05 10:00:00,14,0.07142857142857142,0.0,629.9799999999999,13,13,11,9,"[{""sku_id"": ""sku_1004"", ""count"": 3}, {""sku_id"": ""sku_1002"", ""count"": 2}, {""sku_id"": ""sku_1015"", ""count"": 2}]",0.21428571428571427,0.13265306122448978,1.0,1.0769230769230769,1.2727272727272727,0.2857142857142857,1.1428571428571428,1.1428571428571428,,,,,,,,,,,,,,,,,,,ordinary,0.0,0.0
2026-01-05 10:00:00,2026-01-05 11:00:00,24,0.0,0.0,1477.493333333333,23,23,17,22,"[{""sku_id"": ""sku_1003"", ""count"": 5}, {""sku_id"": ""sku_1013"", ""count"": 2}, {""sku_id"": ""sku_1001"", ""count"": 2}]",0.20833333333333334,0.09374999999999994,1.0,1.0434782608695652,1.411764705882353,0.08333333333333333,1.0416666666666667,1.0416666666666667,,,,,,,,,,,,,,,,,,,ordinary,0.0,0.0
2026-01-05 11:00:00,2026-01-05 12:00:00,20,0.05,0.05,1504.521,20,20,12,15,"[{""sku_id"": ""sku_1001"", ""count"": 5}, {""sku_id"": ""sku_1036"", ""count"": 2}, {""sku_id"": ""sku_1003"", ""count"": 2}]",0.25,0.12000000000000002,1.0,1.0,1.6666666666666667,0.15,1.0,1.0,,,,,,,,,,,,,,,,,,,ordinary,0.0,0.0
2026-01-05 12:00:00,2026-01-05 13:00:00,20,0.0,0.1,1234.0039999999997,20,20,12,16,"[{""sku_id"": ""sku_1002"", ""count"": 4}, {""sku_id"": ""sku_1007"", ""count"": 2}, {""sku_id"": ""sku_1003"", ""count"": 1}]",0.2,0.08500000000000002,1.0,1.0,1.6666666666666667,0.2,1.0,1.0,,,,,,,,,,,,,,,,,,,ordinary,0.0,0.0
2026-01-05 13:00:00,2026-01-05 14:00:00,20,0.05,0.0,2034.22,20,20,13,15,"[{""sku_id"": ""sku_1006"", ""count"": 3}, {""sku_id"": ""sku_1027"", ""count"": 2}, {""sku_id"": ""sku_1013"", ""count"": 2}]",0.15,0.08500000000000002,1.0,1.0,1.5384615384615385,0.1,1.0,1.0,,,,,,,,,,,,,,,,,,,ordinary,0.0,0.0
2026-01-05 14:00:00,2026-01-05 15:00:00,13,0.0,0.07692307692307693,1901.9707692307697,12,12,10,11,"[{""sku_id"": ""sku_1001"", ""count"": 5}, {""sku_id"": ""sku_1004"", ""count"": 1}, {""sku_id"": ""sku_1032"", ""count"": 1}]",0.38461538461538464,0.19526627218934914,1.0,1.0833333333333333,1.3,0.23076923076923078,1.1538461538461537,1.1538461538461537,,,,,,,,,,,,,,,,,,,ordinary,0.0,0.0
2026-01-05 15:00:00,2026-01-05 16:00:00,17,0.0,0.0,2354.0458823529407,17,17,13,17,"[{""sku_id"": ""sku_1004"", ""count"": 2}, {""sku_id"": ""sku_1010"", ""count"": 2}, {""sku_id"": ""sku_1001"", ""count"": 2}]",0.11764705882352941,0.08650519031141868,1.0,1.0,1.3076923076923077,0.058823529411764705,1.0,1.0,,,,,,,,,,,,,,,,,,,ordinary,0.0,0.0
2026-01-05 16:00:00,2026-01-05 17:00:00,14,0.0,0.07142857142857142,1299.9771428571428,14,14,13,12,"[{""sku_id"": ""sku_1002"", ""count"": 2}, {""sku_id"": ""sku_1021"", ""count"": 2}, {""sku_id"": ""sku_1030"", ""count"": 1}]",0.14285714285714285,0.09183673469387757,1.0,1.0,1.0769230769230769,0.14285714285714285,1.0,1.0,,,,,,,,,,,,,,,,,,,ordinary,0.0,0.0
2026-01-05 17:00:00,2026-01-05 18:00:00,23,0.0,0.043478260869565216,1180.0878260869567,22,22,17,19,"[{""sku_id"": ""sku_1002"", ""count"": 3}, {""sku_id"": ""sku_1001"", ""count"": 2}, {""sku_id"": ""sku_1016"", ""count"": 2}]",0.13043478260869565,0.06994328922495274,1.0,1.0454545454545454,1.3529411764705883,0.08695652173913043,1.0869565217391304,1.0869565217391304,,,,,,,,,,,,,,,,,,,ordinary,0.0,0.0
2026-01-05 18:00:00,2026-01-05 19:00:00,22,0.0,0.09090909090909091,1014.3654545454546,22,22,14,19,"[{""sku_id"": ""sku_1014"", ""count"": 2}, {""sku_id"": ""sku_1001"", ""count"": 2}, {""sku_id"": ""sku_1013"", ""count"": 2}]",0.09090909090909091,0.06198347107438017,1.0,1.0,1.5714285714285714,0.09090909090909091,1.0,1.0,,,,,,,,,,,,,,,,,,,ordinary,0.0,0.0
2026-01-05 19:00:00,2026-01-05 20:00:00,24,0.041666666666666664,0.08333333333333333,1759.0154166666664,23,23,15,15,"[{""sku_id"": ""sku_1001"", ""count"": 4}, {""sku_id"": ""sku_1006"", ""count"": 2}, {""sku_id"": ""sku_1018"", ""count"": 2}]",0.16666666666666666,0.07986111111111112,1.0,1.0434782608695652,1.6,0.125,1.0416666666666667,1.0416666666666667,,,,,,,,,,,,,,,,,,,ordinary,0.0,0.0
2026-01-05 20:00:00,2026-01-05 21:00:00,28,0.0,0.03571428571428571,1079.4632142857142,28,28,17,24,"[{""sku_id"": ""sku_1003"", ""count"": 3}, {""sku_id"": ""sku_1022"", ""count"": 2}, {""sku_id"": ""sku_1008"", ""count"": 2}]",0.10714285714285714,0.05612244897959184,1.0,1.0,1.6470588235294117,0.07142857142857142,1.0,1.0,,,,,,,,,,,,,,,,,,,ordinary,0.0,0.0
2026-01-05 21:00:00,2026-01-05 22:00:00,16,0.0,0.0625,2055.6131250000003,16,16,11,12,"[{""sku_id"": ""sku_1014"", ""count"": 2}, {""sku_id"": ""sku_1018"", ""count"": 1}, {""sku_id"": ""sku_1007"", ""count"": 1}]",0.125,0.0703125,1.0,1.0,1.4545454545454546,0.25,1.0,1.0,,,,,,,,,,,,,,,,,,,ordinary,0.0,0.0
2026-01-05 22:00:00,2026-01-05 23:00:00,4,0.0,0.25,2586.665,4,4,4,4,"[{""sku_id"": ""sku_1006"", ""count"": 1}, {""sku_id"": ""sku_1041"", ""count"": 1}, {""sku_id"": ""sku_1023"", ""count"": 1}]",0.25,0.25,1.0,1.0,1.0,0.25,1.0,1.0,,,,,,,,,,,,,,,,,,,ordinary,0.0,0.0
2026-01-05 23:00:00,2026-01-06 00:00:00,9,0.0,0.0,1677.4411111111108,9,9,9,9,"[{""sku_id"": ""sku_1002"", ""count"": 2}, {""sku_id"": ""sku_1001"", ""count"": 2}, {""sku_id"": ""sku_1008"", ""count"": 1}]",0.2222222222222222,0.16049382716049382,1.0,1.0,1.0,0.1111111111111111,1.0,1.0,,,,,,,,,,,,,,,,,,,ordinary,0.0,0.0
2026-01-06 01:00:00,2026-01-06 02:00:00,4,0.0,0.25,3408.5074999999997,4,4,4,4,"[{""sku_id"": ""sku_1001"", ""count"": 1}, {""sku_id"": ""sku_1027"", ""count"": 1}, {""sku_id"": ""sku_1032"", ""count"": 1}]",0.25,0.25,1.0,1.0,1.0,0.25,1.0,1.0,,,,,,,,,,,,,,,,,,,ordinary,0.0,0.0
2026-01-06 03:00:00,2026-01-06 04:00:00,1,0.0,0.0,2208.33,1,1,1,1,"[{""sku_id"": ""sku_1023"", ""count"": 1}]",1.0,1.0,1.0,1.0,1.0,1.0,1.0,1.0,,,,,,,,,,,,,,,,,,,ordinary,0.0,0.0
2026-01-06 04:00:00,2026-01-06 05:00:00,2,0.5,0.0,2097.065,2,2,2,2,"[{""sku_id"": ""sku_1012"", ""count"": 1}, {""sku_id"": ""sku_1045"", ""count"": 1}]",0.5,0.5,1.0,1.0,1.0,0.5,1.0,1.0,,,0.008878968253968254,1.403202947845805,0.0637897202435246,-0.18225634355292744,1.0,0.0,1.0330278115604201,-0.09436517588691462,1.3277865108747462,-0.9365328882135606,0.25736587167213765,0.6932403666510354,0.245982061830847,0.7257655376261514,1.0333469368795456,-0.09527696251298742,ordinary,1.2045287600868528,1.2045287600868528
2026-01-06 05:00:00,2026-01-06 06:00:00,3,0.0,0.0,755.4,3,3,3,3,"[{""sku_id"": ""sku_1001"", ""count"": 1}, {""sku_id"": ""sku_1008"", ""count"": 1}, {""sku_id"": ""sku_1019"", ""count"": 1}]",0.3333333333333333,0.3333333333333333,1.0,1.0,1.0,0.3333333333333333,1.0,1.0,,,0.028523809523809524,-0.08149659863945578,0.06123813143378361,-0.17496608981081033,1.0,0.0,1.0317066990980033,-0.09059056885143794,1.3146750504397562,-0.8990715726850177,0.26707123680525213,0.18932027579451768,0.2561427793576131,0.22054443993062922,1.0320130594043637,-0.09146588401246777,ordinary,0.3468238001595693,0.3468238001595693
2026-01-06 06:00:00,2026-01-06 07:00:00,12,0.0,0.08333333333333333,1084.8733333333332,12,12,12,11,"[{""sku_id"": ""sku_1001"", ""count"": 4}, {""sku_id"": ""sku_1006"", ""count"": 1}, {""sku_id"": ""sku_1040"", ""count"": 1}]",0.3333333333333333,0.16666666666666666,1.0,1.0,1.0,0.16666666666666666,1.0,1.0,,,0.027426739926739926,-0.0783621140763998,0.05888281868633039,0.06985861327715125,1.0,0.0,1.0304872106711571,-0.08710631620330606,1.302572163884381,-0.8644918968125173,0.26961977897940914,0.18203872672549765,0.25911164681821774,-0.2641285147187174,1.0307817878888113,-0.08794796539660359,ordinary,0.24067932865781427,0.24067932865781427
2026-01-06 07:00:00,2026-01-06 08:00:00,12,0.0,0.16666666666666666,1461.2716666666668,12,12,9,8,"[{""sku_id"": ""sku_1006"", ""count"": 2}, {""sku_id"": ""sku_1011"", ""count"": 2}, {""sku_id"": ""sku_1001"", ""count"": 1}]",0.16666666666666666,0.11111111111111112,1.0,1.0,1.3333333333333333,0.16666666666666666,1.0,1.0,,,0.026410934744268078,-0.07545981355505166,0.05978839330288605,0.3053664953250875,1.0,0.0,1.0293580547203736,-0.08388015634392447,1.2913657874442188,0.11990727396889841,0.2719795402517767,-0.3008939245288858,0.2556877586644566,-0.25434597713654267,1.0296417216707072,-0.08469063334487778,ordinary,0.33590314485759626,0.33590314485759626
2026-01-06 08:00:00,2026-01-06 09:00:00,12,0.0,0.0,951.4308333333335,12,12,10,10,"[{""sku_id"": ""sku_1021"", ""count"": 3}, {""sku_id"": ""sku_1002"", ""count"": 2}, {""sku_id"": ""sku_1016"", ""count"": 1}]",0.25,0.13888888888888887,1.0,1.0,1.2,0.16666666666666666,1.0,1.0,,,0.025467687074829933,-0.07276482021379982,0.06360547449444966,-0.18172992712699904,1.0,0.0,1.0283095527660744,-0.08088443647449825,1.29286462836883,-0.265327509625229,0.26821836619516565,-0.05205247484333042,0.2525084339502498,-0.245262192238809,1.0285830887538963,-0.08166596786827503,ordinary,0.0,0.0
2026-01-06 09:00:00,2026-01-06 10:00:00,20,0.05,0.2,1475.944,20,20,15,16,"[{""sku_id"": ""sku_1001"", ""count"": 4}, {""sku_id"": ""sku_1022"", ""count"": 2}, {""sku_id"": ""sku_1005"", ""count"": 2}]",0.2,0.09500000000000003,1.0,1.0,1.3333333333333333,0.1,1.0,1.0,,,0.024589490968801316,0.0726014543748534,0.06141218227050311,0.3959651935128483,1.0,0.0,1.0273333612913822,-0.0780953179753777,1.2896623998043877,0.12477409579698737,0.2675901466711944,-0.19311470477484113,0.24954837300943658,-0.42728106574124736,1.0275974650037618,-0.07884990001074804,ordinary,0.4355617128641332,0.4355617128641332
2026-01-06 10:00:00,2026-01-06 11:00:00,22,0.045454545454545456,0.045454545454545456,781.7172727272726,21,21,14,18,"[{""sku_id"": ""sku_1003"", ""count"": 4}, {""sku_id"": ""sku_1002"", ""count"": 3}, {""sku_id"": ""sku_1014"", ""count"": 3}]",0.18181818181818182,0.09917355371900821,1.0,1.0476190476190477,1.5714285714285714,0.09090909090909091,1.0454545454545454,1.0454545454545454,,,0.025436507936507938,0.05719439290867863,0.06603177619481967,-0.05879208782935492,1.0,0.0,1.0264222492483361,0.06056228105917581,1.2911180975886858,0.8008870681139589,0.26533714178215456,-0.23862559989706497,0.2445634272424554,-0.43901238952389854,1.0266775495036364,0.05364855985973995,ordinary,0.10348112894696777,0.10348112894696777
2026-01-06 11:00:00,2026-01-06 12:00:00,18,0.0,0.05555555555555555,1892.0105555555556,18,18,13,14,"[{""sku_id"": ""sku_1005"", ""count"": 2}, {""sku_id"": ""sku_1004"", ""count"": 2}, {""sku_id"": ""sku_1014"", ""count"": 2}]",0.1111111111111111,0.07407407407407407,1.0,1.0,1.3846153846153846,0.16666666666666666,1.0,1.0,,,0.02608225108225108,-0.07452071737786024,0.06536799455803663,-0.028035540007088793,1.0,0.0,1.027106016937714,-0.07744576267918278,1.3001603709383596,0.24130003907721434,0.26264298178331674,-0.4329482019205876,0.23960683574783073,-0.20840048308904022,1.02728325905044,-0.07795216871554267,ordinary,0.0,0.0
2026-01-06 12:00:00,2026-01-06 13:00:00,16,0.0625,0.0,1628.23125,16,16,9,13,"[{""sku_id"": ""sku_1019"", ""count"": 3}, {""sku_id"": ""sku_1004"", ""count"": 2}, {""sku_id"": ""sku_1002"", ""count"": 2}]",0.1875,0.1015625,1.0,1.0,1.7777777777777777,0.125,1.0,1.0,,,0.025267180735930737,0.10637948361162648,0.0650613558392091,-0.18588958811202602,1.0,0.0,1.0262589539084104,-0.07502558259545822,1.3027995901157665,1.357080536177175,0.2579076108248103,-0.20116460235660083,0.23732745546404432,-0.32093558704012665,1.0264306572051136,-0.07551616344318177,ordinary,0.0,0.0
2026-01-06 13:00:00,2026-01-06 14:00:00,26,0.0,0.11538461538461539,1592.840384615385,24,24,17,21,"[{""sku_id"": ""sku_1010"", ""count"": 3}, {""sku_id"": ""sku_1024"", ""count"": 2}, {""sku_id"": ""sku_1002"", ""count"": 2}]",0.11538461538461539,0.06213017751479291,1.0,1.0833333333333333,1.5294117647058822,0.11538461538461539,1.0769230769230769,1.0769230769230769,,,0.02639544798635708,-0.07541556567530594,0.06308979960165731,0.14941375937988025,1.0,0.0,1.0254632280323979,0.16534315800267257,1.317192868529767,0.6063397033603296,0.2557740468604221,-0.4011126613594478,0.2339235931772551,-0.3386827936932564,1.025629728198898,0.14655242492622544,ordinary,0.4469402332615212,0.4469402332615212
2026-01-06 14:00:00,2026-01-06 15:00:00,24,0.0,0.041666666666666664,1418.4875,24,24,14,19,"[{""sku_id"": ""sku_1001"", ""count"": 3}, {""sku_id"": ""sku_1002"", ""count"": 2}, {""sku_id"": ""sku_1005"", ""count"": 2}]",0.125,0.06944444444444443,1.0,1.0,1.7142857142857142,0.125,1.125,1.125,,,0.02561911128087599,-0.07319746080250283,0.06462788241880313,-0.06560347357753275,1.0,0.0,1.0271652899530137,-0.07761511415146773,1.3234346007702409,1.1167174671870665,0.25164494593466313,-0.36184270267046614,0.23043715265394218,-0.30124900758269196,1.0271383561025504,0.2796046968498559,ordinary,0.22368375747988473,0.22368375747988473
2026-01-06 15:00:00,2026-01-06 16:00:00,14,0.07142857142857142,0.07142857142857142,699.1364285714286,14,14,11,13,"[{""sku_id"": ""sku_1001"", ""count"": 3}, {""sku_id"": ""sku_1005"", ""count"": 2}, {""sku_id"": ""sku_1049"", ""count"": 2}]",0.21428571428571427,0.12244897959183673,1.0,1.0,1.2727272727272727,0.14285714285714285,1.0,1.0,,,0.02488713667285096,0.13297552787348704,0.06397184768302781,0.02130492498726746,1.0,0.0,1.0263891388114992,-0.07539753946142623,1.3346017754421116,-0.17678429347096816,0.24802651890795846,-0.09640229892069768,0.22742466257811525,-0.241621484917064,1.029934403071049,-0.08552686591728317,ordinary,0.02343541748599421,0.02343541748599421
2026-01-06 16:00:00,2026-01-06 17:00:00,18,0.0,0.05555555555555555,960.7466666666668,18,18,14,16,"[{""sku_id"": ""sku_1001"", ""count"": 4}, {""sku_id"": ""sku_1009"", ""count"": 2}, {""sku_id"": ""sku_1010"", ""count"": 2}]",0.2222222222222222,0.10493827160493827,1.0,1.0,1.2857142857142858,0.1111111111111111,1.0,1.0,,,0.026179954304954303,-0.07479986944272658,0.06417897889818179,-0.02463835240750354,1.0,0.0,1.0256561071778463,-0.07330316336527508,1.3328830392555884,-0.13476786726086448,0.24708927433511832,-0.07104872032256032,0.22507556480808827,-0.32561272484850623,1.029102891874631,-0.08315111964180286,ordinary,0.0,0.0
2026-01-06 17:00:00,2026-01-06 18:00:00,24,0.0,0.08333333333333333,861.4508333333333,24,24,16,19,"[{""sku_id"": ""sku_1001"", ""count"": 4}, {""sku_id"": ""sku_1003"", ""count"": 4}, {""sku_id"": ""sku_1002"", ""count"": 2}]",0.16666666666666666,0.08680555555555555,1.0,1.0,1.5,0.08333333333333333,1.0,1.0,,,0.02547238797238797,-0.07277825134967993,0.06394591340243515,0.05539262837399481,1.0,0.0,1.0249626988757423,-0.0713219967878352,1.3316082080787963,0.4811194054891534,0.2464171918455806,-0.2278586433683256,0.22199544443789967,-0.396177460298761,1.0283163272293707,-0.08090379208391635,ordinary,0.06093189121139429,0.06093189121139429
2026-01-06 18:00:00,2026-01-06 19:00:00,24,0.041666666666666664,0.041666666666666664,1490.5545833333333,24,24,17,17,"[{""sku_id"": ""sku_1001"", ""count"": 7}, {""sku_id"": ""sku_1008"", ""count"": 2}, {""sku_id"": ""sku_1007"", ""count"": 2}]",0.2916666666666667,0.12152777777777779,1.0,1.0,1.411764705882353,0.16666666666666666,1.0416666666666667,1.0416666666666667,,,0.024802061973114603,0.04818458483872018,0.06445610866377456,-0.06511269142030827,1.0,0.0,1.0243057857474334,-0.06944510213552389,1.336039571024091,0.21635752816646267,0.24431849381455653,0.13528049386317187,0.21834644151409532,-0.14765649956408192,1.0275711607233347,0.040272874123805966,ordinary,0.15397074377589945,0.15397074377589945
2026-01-06 19:00:00,2026-01-06 20:00:00,20,0.0,0.0,1287.0390000000002,20,20,13,14,"[{""sku_id"": ""sku_1001"", ""count"": 3}, {""sku_id"": ""sku_1003"", ""count"": 3}, {""sku_id"": ""sku_1050"", ""count"": 1}]",0.15,0.08000000000000002,1.0,1.0,1.5384615384615385,0.15,1.0,1.0,,,0.025234487734487738,-0.07209853638425068,0.06387176399718206,-0.18249075427766304,1.0,0.0,1.0236825604718582,-0.06766445849102354,1.337981241148662,0.5728008494653616,0.2455325495287132,-0.2729501415106092,0.21702131908210995,-0.19148948309174274,1.0279325839526507,-0.07980738272185928,ordinary,0.0,0.0
2026-01-06 20:00:00,2026-01-06 21:00:00,34,0.029411764705882353,0.11764705882352941,902.934411764706,33,33,18,24,"[{""sku_id"": ""sku_1001"", ""count"": 4}, {""sku_id"": ""sku_1002"", ""count"": 3}, {""sku_id"": ""sku_1014"", ""count"": 2}]",0.11764705882352941,0.051903114186851215,1.0,1.0303030303030303,1.8888888888888888,0.08823529411764706,1.0588235294117647,1.0588235294117647,,,0.024603625541125544,0.01373754047073374,0.06227496989725251,0.15820596836079115,1.0,0.0,1.0230904964600618,0.020607239551338554,1.3429932485814837,1.559701829449729,0.24314423579049538,-0.3585633627627599,0.21534578610505722,-0.3631728342497433,1.0272342693538346,0.09025502873694334,ordinary,0.26683782773776354,0.26683782773776354
2026-01-06 21:00:00,2026-01-06 22:00:00,24,0.0,0.041666666666666664,1333.07125,21,21,13,19,"[{""sku_id"": ""sku_1001"", ""count"": 6}, {""sku_id"": ""sku_1003"", ""count"": 3}, {""sku_id"": ""sku_1002"", ""count"": 2}]",0.25,0.11111111111111108,1.0,1.1428571428571428,1.8461538461538463,0.08333333333333333,1.125,1.125,,,0.02472089722807083,-0.07063113493734524,0.06362550865155195,-0.06273954852824368,1.0,0.0,1.0232664119196464,0.34168780267856114,1.3563077763938596,1.3995601993142477,0.24008332903520352,0.028333345613704233,0.21224553020292525,-0.3683205624845484,1.0280047391113452,0.27712931682472813,ordinary,0.5888912671906774,0.5888912671906774
2026-01-06 22:00:00,2026-01-06 23:00:00,7,0.0,0.14285714285714285,1238.83,7,7,5,7,"[{""sku_id"": ""sku_1011"", ""count"": 1}, {""sku_id"": ""sku_1022"", ""count"": 1}, {""sku_id"": ""sku_1001"", ""count"": 1}]",0.14285714285714285,0.14285714285714285,1.0,1.0,1.4,0.14285714285714285,1.0,1.0,,,0.024132304436926287,-0.06894944124836082,0.06310267908048324,0.22786989650474176,1.0,0.0,1.026113810275301,-0.07461088650085974,1.3679707780548118,0.09151206270053741,0.24031944024865104,-0.2784637068328806,0.2091761921822207,-0.189482998071651,1.0303141500848845,-0.08661185738538421,ordinary,0.3421689488557534,0.3421689488557534
2026-01-06 23:00:00,2026-01-07 00:00:00,12,0.0,0.08333333333333333,681.605,12,12,10,11,"[{""sku_id"": ""sku_1011"", ""count"": 2}, {""sku_id"": ""sku_1013"", ""count"": 2}, {""sku_id"": ""sku_1016"", ""count"": 1}]",0.16666666666666666,0.11111111111111112,1.0,1.0,1.2,0.16666666666666666,1.0,1.0,,,0.023571088054672187,-0.06734596587049196,0.06495743405203347,0.05250256937514246,1.0,0.0,1.0255065123619218,-0.07287574960549088,1.368715643681444,-0.48204469623269747,0.2380528751930346,-0.20396059578962275,0.20763388870954447,-0.11704920583679375,1.0296091698503522,-0.0845976281438635,ordinary,0.057752826312656706,0.057752826312656706
2026-01-07 00:00:00,2026-01-07 01:00:00,4,0.0,0.0,1095.23,4,4,4,4,"[{""sku_id"": ""sku_1016"", ""count"": 1}, {""sku_id"": ""sku_1006"", ""count"": 1}, {""sku_id"": ""sku_1001"", ""count"": 1}]",0.25,0.25,1.0,1.0,1.0,0.25,1.0,1.0,,,0.023035381507975093,-0.0658153757370717,0.06537506812660847,-0.18678590893316707,1.0,0.0,1.024926818899151,-0.07121948256900268,1.3648811972341384,-1.0425177063832525,0.23643046136288987,0.038770110391743245,0.2067028154812972,0.12370624148200798,1.0289362341719352,-0.08267495477695785,ordinary,0.13385809253817532,0.13385809253817532
2026-01-07 01:00:00,2026-01-07 02:00:00,5,0.0,0.0,527.104,4,4,4,4,"[{""sku_id"": ""sku_1001"", ""count"": 2}, {""sku_id"": ""sku_1002"", ""count"": 2}, {""sku_id"": ""sku_1004"", ""count"": 1}]",0.4,0.3600000000000001,1.0,1.25,1.25,0.4,1.2,1.2,,,0.0225234841411312,-0.06435281183180343,0.06392228883490605,-0.18263511095687446,1.0,0.0,1.0243728895902808,0.644648886884912,1.3567727261844909,-0.3050649319556882,0.23673200666593677,0.46647998095446647,0.2076649751372684,0.5495286424649476,1.028293206745892,0.49059083786887964,ordinary,1.8965764540109937,1.8965764540109937
2026-01-07 02:00:00,2026-01-07 03:00:00,1,0.0,0.0,1547.5,1,1,1,1,"[{""sku_id"": ""sku_1015"", ""count"": 1}]",1.0,1.0,1.0,1.0,1.0,1.0,1.0,1.0,,,0.022033843181541394,-0.06295383766154684,0.06253267386023419,-0.17866478245781198,1.0,0.0,1.0292778267731009,-0.08365093363743106,1.3544515799630887,-1.0127187998945393,0.24028131086885118,2.170624826088997,0.21184617132993647,2.2518680819144676,1.0320259631209814,-0.09150275177423253,ordinary,3.7550568090116716,3.7550568090116716
2026-01-07 03:00:00,2026-01-07 04:00:00,2,0.0,0.0,478.43,2,2,2,2,"[{""sku_id"": ""sku_1004"", ""count"": 1}, {""sku_id"": ""sku_1011"", ""count"": 1}]",0.5,0.5,1.0,1.0,1.0,0.5,1.0,1.0,,,0.021565038007466043,-0.06161439430704584,0.06120219143767601,-0.17486340410764575,1.0,0.0,1.0286548942885667,-0.08187112653876204,1.3469100569851509,-0.9911715913861454,0.2564455382971735,0.6958698905795044,0.22861540172717187,0.7753845664937947,1.0313445596503221,-0.08955588471520608,ordinary,1.2465905547165899,1.2465905547165899
2026-01-07 04:00:00,2026-01-07 05:00:00,6,0.0,0.16666666666666666,1773.9333333333334,6,6,6,6,"[{""sku_id"": ""sku_1007"", ""count"": 2}, {""sku_id"": ""sku_1027"", ""count"": 1}, {""sku_id"": ""sku_1014"", ""count"": 1}]",0.3333333333333333,0.22222222222222227,1.0,1.0,1.0,0.16666666666666666,1.0,1.0,,,0.0211157663823105,-0.06033076109231572,0.05992714578272443,0.3049700596684064,1.0,0.0,1.0280579173242217,-0.08016547806920485,1.3396827641312934,-0.9705221832322669,0.26151958958264904,0.2051821250019551,0.23426924752452247,-0.1931502310224452,1.0306915479909404,-0.08769013711697266,ordinary,0.5201309781370067,0.5201309781370067
2026-01-07 05:00:00,2026-01-07 06:00:00,4,0.0,0.0,1754.5624999999998,4,4,4,4,"[{""sku_id"": ""sku_1046"", ""count"": 1}, {""sku_id"": ""sku_1020"", ""count"": 1}, {""sku_id"": ""sku_1043"", ""count"": 1}]",0.25,0.25,1.0,1.0,1.0,0.25,1.0,1.0,,,0.020684832374508248,-0.059099521070023565,0.06210550335178447,-0.1774442952908128,1.0,0.0,1.0274853067665843,-0.07852944790452669,1.3327504628224915,-0.9507156080642616,0.2629851761898059,-0.03710050339944537,0.23288960301721925,0.04888684852223071,1.0300651898686763,-0.08590054248193242,ordinary,0.039109478817784565,0.039109478817784565
2026-01-07 06:00:00,2026-01-07 07:00:00,8,0.0,0.125,437.67625,8,8,7,8,"[{""sku_id"": ""sku_1006"", ""count"": 2}, {""sku_id"": ""sku_1002"", ""count"": 1}, {""sku_id"": ""sku_1003"", ""count"": 1}]",0.25,0.15625,1.0,1.0,1.1428571428571428,0.125,1.0,1.0,,,0.02027113572701808,-0.05791753064862309,0.06086339328474878,0.18324744775786064,1.0,0.0,1.0269356006312527,-0.07695885894643618,1.3260954535660416,-0.5235380305968539,0.26272547266600976,-0.036358493331456465,0.23323181095687487,-0.3092337455910711,1.0294638860713028,-0.0841825316322937,ordinary,0.20157219253364672,0.20157219253364672
2026-01-07 07:00:00,2026-01-07 08:00:00,11,0.0,0.0,1915.347272727273,11,11,9,9,"[{""sku_id"": ""sku_1002"", ""count"": 2}, {""sku_id"": ""sku_1005"", ""count"": 1}, {""sku_id"": ""sku_1020"", ""count"": 1}]",0.18181818181818182,0.10743801652892562,1.0,1.0,1.2222222222222223,0.18181818181818182,1.0,1.0,,,0.019873662477468707,-0.05678189279276774,0.062120973808577236,-0.17748849659593496,1.0,0.0,1.0264074515992674,-0.07544986171219253,1.3225025455129262,-0.2865152094020112,0.2624759535941272,-0.23045077650270102,0.23110961858517146,-0.14083267647711326,1.0288861628150028,-0.08253189375715081,ordinary,0.0,0.0
2026-01-07 08:00:00,2026-01-07 09:00:00,11,0.0,0.0,1388.8290909090906,11,11,8,9,"[{""sku_id"": ""sku_1001"", ""count"": 3}, {""sku_id"": ""sku_1018"", ""count"": 1}, {""sku_id"": ""sku_1005"", ""count"": 1}]",0.2727272727272727,0.14049586776859505,1.0,1.0,1.375,0.18181818181818182,1.0,1.0,,,0.01949147666059431,-0.05568993331598374,0.060926339696873826,-0.17407525627678236,1.0,0.0,1.0258996159915892,-0.07399890283311196,1.3205740777573356,0.15550263497904115,0.26092484259843596,0.033721228939533575,0.2301617063396524,-0.13812435577563026,1.028330659683945,-0.08094474195412855,ordinary,0.030349106045580217,0.030349106045580217
2026-01-07 09:00:00,2026-01-07 10:00:00,13,0.0,0.07692307692307693,1595.8446153846157,13,13,8,10,"[{""sku_id"": ""sku_1004"", ""count"": 3}, {""sku_id"": ""sku_1001"", ""count"": 3}, {""sku_id"": ""sku_1025"", ""count"": 2}]",0.23076923076923078,0.1597633136094675,1.0,1.0,1.625,0.3076923076923077,1.0,1.0,,,0.01912371295001706,-0.0546391798571916,0.05977678611768753,0.04898940230111256,1.0,0.0,1.0254109439917478,-0.07260269711927947,1.3216009819505934,0.866854337284019,0.2611475299593574,-0.08679514054321896,0.2292495643675492,0.22412212378502433,1.0277961189351914,-0.07941748267197545,ordinary,0.2331860415592433,0.2331860415592433
2026-01-07 10:00:00,2026-01-07 11:00:00,22,0.0,0.13636363636363635,1854.8445454545451,21,21,14,18,"[{""sku_id"": ""sku_1001"", ""count"": 4}, {""sku_id"": ""sku_1003"", ""count"": 2}, {""sku_id"": ""sku_1005"", ""count"": 2}]",0.18181818181818182,0.07851239669421486,1.0,1.0476190476190477,1.5714285714285714,0.09090909090909091,1.0454545454545454,1.0454545454545454,,,0.018769570117609335,-0.05362734319316953,0.06009431002149104,0.21791236097755803,1.0,0.0,1.0249403709548637,0.0647962190405257,1.3272194822848418,0.6977402546963705,0.26058496886324395,-0.2250479629858918,0.23070220776245215,-0.39940890529531786,1.027281375991947,0.0519233413217097,ordinary,0.3460384891732073,0.3460384891732073
2026-01-07 11:00:00,2026-01-07 12:00:00,25,0.0,0.04,1922.6904000000002,24,24,15,20,"[{""sku_id"": ""sku_1006"", ""count"": 2}, {""sku_id"": ""sku_1018"", ""count"": 2}, {""sku_id"": ""sku_1002"", ""count"": 2}]",0.08,0.049599999999999984,1.0,1.0416666666666667,1.6666666666666667,0.08,1.04,1.04,,,0.018428305206380075,-0.052652300589657364,0.06148102504589368,-0.061374357273981946,1.0,0.0,1.0253527105305762,0.04661130324597299,1.3316596475420004,0.9571629117847611,0.2591528454624246,-0.5118652727497847,0.22816051472875468,-0.42331575636787055,1.0276117972549035,0.035394864985990156,ordinary,0.07492719523476513,0.07492719523476513
2026-01-07 12:00:00,2026-01-07 13:00:00,27,0.0,0.07407407407407407,1179.3229629629632,26,26,12,19,"[{""sku_id"": ""sku_1002"", ""count"": 4}, {""sku_id"": ""sku_1001"", ""count"": 4}, {""sku_id"": ""sku_1009"", ""count"": 2}]",0.14814814814814814,0.07818930041152262,1.0,1.0384615384615385,2.25,0.1111111111111111,1.037037037037037,1.037037037037037,,,0.018099228327694717,-0.051712080936270624,0.06109743531293129,0.03707611074612223,1.0,0.0,1.0256440311758634,0.03662144938764315,1.3376419157406552,2.6067373835981282,0.2559536875077385,-0.30801582674168676,0.2255147912514555,-0.3268676575438411,1.027833015161066,0.026297205359917215,ordinary,0.09844293549631138,0.09844293549631138
2026-01-07 13:00:00,2026-01-07 14:00:00,18,0.0,0.0,1239.718888888889,18,18,12,13,"[{""sku_id"": ""sku_1011"", ""count"": 2}, {""sku_id"": ""sku_1003"", ""count"": 2}, {""sku_id"": ""sku_1002"", ""count"": 2}]",0.1111111111111111,0.08024691358024691,1.0,1.0,1.5,0.1111111111111111,1.0,1.0,,,0.017781698006156213,-0.050804851446160613,0.06132509564207415,-0.17521455897735472,1.0,0.0,1.025868899724735,-0.07391114207067126,1.3536481979206438,0.41814800594101764,0.25406236225581585,-0.4084321461277279,0.22350770914373014,-0.3211331372360544,1.0279944892290653,-0.07998425494018667,ordinary,0.0,0.0
2026-01-07 14:00:00,2026-01-07 15:00:00,31,0.0,0.03225806451612903,864.7203225806452,31,31,17,23,"[{""sku_id"": ""sku_1002"", ""count"": 3}, {""sku_id"": ""sku_1004"", ""count"": 3}, {""sku_id"": ""sku_1018"", ""count"": 2}]",0.0967741935483871,0.05306971904266387,1.0,1.0,1.8235294117647058,0.0967741935483871,1.0,1.0,,,0.01747511700605007,-0.049928905731571625,0.06026776640686597,-0.08002771968781984,1.0,0.0,1.0254228842122395,-0.07263681203496995,1.3561715048530465,1.335308305461884,0.2515976855119416,-0.4423528341815844,0.2215698367638574,-0.3565589806156294,1.0275118256216678,-0.0786052160619079,ordinary,0.0,0.0
2026-01-07 15:00:00,2026-01-07 16:00:00,24,0.0,0.08333333333333333,1262.9716666666666,24,24,16,21,"[{""sku_id"": ""sku_1003"", ""count"": 5}, {""sku_id"": ""sku_1002"", ""count"": 4}, {""sku_id"": ""sku_1005"", ""count"": 3}]",0.20833333333333334,0.11111111111111108,1.0,1.0,1.5,0.08333333333333333,1.0,1.0,,,0.017178928582218714,-0.04908265309205347,0.059793025696853484,0.06725802181851384,1.0,0.0,1.0249919878696592,-0.07140567962759764,1.3640928253091764,0.3883062134023531,0.2489735585295085,-0.11611492913192904,0.21945465637037487,-0.38891806582011873,1.027045523492487,-0.0772729242642483,ordinary,0.07398382400036523,0.07398382400036523
2026-01-07 16:00:00,2026-01-07 17:00:00,18,0.0,0.0,1798.347777777778,18,18,14,13,"[{""sku_id"": ""sku_1003"", ""count"": 5}, {""sku_id"": ""sku_1001"", ""count"": 2}, {""sku_id"": ""sku_1016"", ""count"": 2}]",0.2777777777777778,0.12962962962962965,1.0,1.0,1.2857142857142858,0.16666666666666666,1.0555555555555556,1.0555555555555556,,,0.0168926131058484,-0.048264608873852574,0.06018536415746148,-0.1719581833070328,1.0,0.0,1.0245754547384982,-0.07021558496713773,1.3663579448873568,-0.23041045478020297,0.24829622144290558,0.08423301809963488,0.2171859676530908,-0.14434085996121188,1.0265947647676121,0.08274511653698129,ordinary,0.14200580951925643,0.14200580951925643
2026-01-07 17:00:00,2026-01-07 18:00:00,16,0.0,0.0,1555.18125,16,16,10,14,"[{""sku_id"": ""sku_1001"", ""count"": 2}, {""sku_id"": ""sku_1010"", ""count"": 2}, {""sku_id"": ""sku_1004"", ""count"": 1}]",0.125,0.078125,1.0,1.0,1.6,0.125,1.0,1.0,,,0.016615685022145967,-0.04747338577755991,0.05919871884340473,-0.1691391966954421,1.0,0.0,1.0241725784313098,-0.06906450980374235,1.365035917687798,0.6713259494634347,0.24877952564511657,-0.35365578755747595,0.2163577823910183,-0.2610222354029094,1.0270695318297096,-0.07734151951345604,ordinary,0.0,0.0
2026-01-07 18:00:00,2026-01-07 19:00:00,30,0.0,0.03333333333333333,2418.549,29,29,15,22,"[{""sku_id"": ""sku_1001"", ""count"": 4}, {""sku_id"": ""sku_1007"", ""count"": 2}, {""sku_id"": ""sku_1003"", ""count"": 2}]",0.13333333333333333,0.057777777777777775,1.0,1.0344827586206897,2.0,0.06666666666666667,1.0666666666666667,1.0333333333333334,,,0.016347690102433938,-0.04670768600695411,0.058243900797543366,-0.07117304989774295,1.0,0.0,1.0237826981340306,0.03057160139045477,1.3688256609508982,1.8033552544260052,0.24678308168309857,-0.3241421381421864,0.21488426977180833,-0.4234788660146904,1.0266329264776175,0.019144019587759815,ordinary,0.045886817060662624,0.045886817060662624
2026-01-07 19:00:00,2026-01-07 20:00:00,28,0.03571428571428571,0.10714285714285714,1066.2721428571426,25,25,15,19,"[{""sku_id"": ""sku_1007"", ""count"": 3}, {""sku_id"": ""sku_1001"", ""count"": 3}, {""sku_id"": ""sku_1005"", ""count"": 3}]",0.10714285714285714,0.06887755102040816,1.0,1.12,1.8666666666666667,0.10714285714285714,1.1785714285714286,1.1785714285714286,,,0.016088202957950857,0.056074522160956736,0.057848494964778126,0.14084103479451146,1.0,0.0,1.0239525403639775,0.2744213132457788,1.378844301253265,1.3937781868954335,0.2449822920267531,-0.3938269568111313,0.21253160940506005,-0.3011107207491512,1.0267392821419938,0.4338061326555279,ordinary,0.7763913576441637,0.7763913576441637
2026-01-07 20:00:00,2026-01-07 21:00:00,27,0.0,0.1111111111111111,1635.8070370370372,27,27,18,23,"[{""sku_id"": ""sku_1005"", ""count"": 3}, {""sku_id"": ""sku_1040"", ""count"": 2}, {""sku_id"": ""sku_1001"", ""count"": 2}]",0.1111111111111111,0.05624142661179697,1.0,1.0,1.5,0.07407407407407407,1.037037037037037,1.037037037037037,,,0.01639486050101859,-0.04684245857433883,0.058618719373810614,0.14997826210657283,1.0,0.0,1.0254532819207904,-0.07272366263082983,1.3864665257128492,0.3243813551061451,0.24282855085669222,-0.3763355421302318,0.2108849101509631,-0.39088810307682587,1.0291116594299539,0.02264393602023748,ordinary,0.1830912371334201,0.1830912371334201
2026-01-07 21:00:00,2026-01-07 22:00:00,28,0.0,0.10714285714285714,1613.9032142857145,28,28,14,18,"[{""sku_id"": ""sku_1001"", ""count"": 5}, {""sku_id"": ""sku_1010"", ""count"": 2}, {""sku_id"": ""sku_1008"", ""count"": 2}]",0.17857142857142858,0.07142857142857144,1.0,1.0,2.0,0.14285714285714285,1.0,1.0,,,0.016142631877925993,-0.04612180536550284,0.059426294631307545,0.13633303574728456,1.0,0.0,1.0250616929681629,-0.07160483705189387,1.3882131945480363,1.747962301291325,0.2408021287067602,-0.17780200038666183,0.2087801280574725,-0.18835138628665618,1.0292335883162167,-0.08352453804633342,ordinary,0.14996633932201303,0.14996633932201303
2026-01-07 22:00:00,2026-01-07 23:00:00,8,0.125,0.0,1031.35375,8,8,7,8,"[{""sku_id"": ""sku_1001"", ""count"": 3}, {""sku_id"": ""sku_1023"", ""count"": 1}, {""sku_id"": ""sku_1007"", ""count"": 1}]",0.375,0.21875,1.0,1.0,1.1428571428571428,0.125,1.0,1.0,,,0.01589804654644227,0.31171986701016496,0.06014927285117951,-0.17185506528908434,1.0,0.0,1.0246819703474332,-0.07051991527838071,1.3974826916003387,-0.7275015678377026,0.23985923931077033,0.3861164591120848,0.2077812949483766,-0.23651798556679032,1.0287906551599104,-0.0822590147426012,ordinary,0.34750481320087634,0.34750481320087634
2026-01-07 23:00:00,2026-01-08 00:00:00,6,0.0,0.0,1278.9266666666667,6,6,6,6,"[{""sku_id"": ""sku_1022"", ""count"": 2}, {""sku_id"": ""sku_1021"", ""count"": 1}, {""sku_id"": ""sku_1023"", ""count"": 1}]",0.3333333333333333,0.22222222222222227,1.0,1.0,1.0,0.16666666666666666,1.0,1.0,,,0.017526433911420742,-0.05007552546120212,0.05925152251011713,-0.16929006431462038,1.0,0.0,1.0243135827303074,-0.06946737922944964,1.3936823102758134,-1.1248066007880382,0.24187626558971406,0.26130590783891217,0.2065457532327292,-0.11394024733160726,1.028360943888867,-0.08103126825390575,ordinary,0.23517531705502095,0.23517531705502095
2026-01-08 00:00:00,2026-01-08 01:00:00,3,0.0,0.0,2334.5733333333333,3,3,3,3,"[{""sku_id"": ""sku_1005"", ""count"": 1}, {""sku_id"": ""sku_1028"", ""count"": 1}, {""sku_id"": ""sku_1020"", ""count"": 1}]",0.3333333333333333,0.3333333333333333,1.0,1.0,1.0,0.3333333333333333,1.0,1.0,,,0.01726869223625279,-0.04933912067500797,0.0583801765908507,-0.16680050454528772,1.0,0.0,1.023956030043097,-0.06844580012313425,1.387892864536463,-1.108265327247037,0.24322122246829667,0.2574631739001047,0.20595929607734595,0.3639258207313925,1.027943871184619,-0.07983963195605412,ordinary,0.5228575130952082,0.5228575130952082
2026-01-08 01:00:00,2026-01-08 02:00:00,2,0.0,0.0,561.9449999999999,2,2,2,2,"[{""sku_id"": ""sku_1037"", ""count"": 1}, {""sku_id"": ""sku_1010"", ""count"": 1}]",0.5,0.5,1.0,1.0,1.0,0.5,1.0,1.0,,,0.01701842133427811,-0.04862406095508032,0.05753408707504127,-0.16438310592868935,1.0,0.0,1.0236088412018927,-0.06745383200540761,1.3822712288185433,-1.0922035109101236,0.24452719508952914,0.7299222997442025,0.20780529661728778,0.8348420096648922,1.0275388875442621,-0.078682535840749,ordinary,1.3248036775016963,1.3248036775016963
2026-01-08 02:00:00,2026-01-08 03:00:00,7,0.0,0.14285714285714285,1440.8828571428571,7,7,5,5,"[{""sku_id"": ""sku_1001"", ""count"": 2}, {""sku_id"": ""sku_1045"", ""count"": 1}, {""sku_id"": ""sku_1003"", ""count"": 1}]",0.2857142857142857,0.18367346938775508,1.0,1.0,1.4,0.42857142857142855,1.0,1.0,,,0.01677530102950271,-0.047929431512864884,0.05671217154539782,0.24612848946212867,1.0,0.0,1.0232715720418655,-0.06649020583390136,1.3768102112639926,0.06625653924573514,0.24817680658825014,0.10724994036010159,0.21197950666561224,0.6188340625880466,1.0271454748650584,-0.07755849961445246,ordinary,0.9285900740486055,0.9285900740486055
2026-01-08 03:00:00,2026-01-08 04:00:00,2,0.0,0.0,636.985,2,2,1,2,"[{""sku_id"": ""sku_1004"", ""count"": 2}]",1.0,1.0,1.0,1.0,2.0,0.5,1.0,1.0,,,0.016539029184016757,-0.04725436909719074,0.05792548100049282,-0.16550137428712236,1.0,0.0,1.0229438034215577,-0.06555372406159332,1.3771368280067535,1.7796090628378471,0.2487055034773492,2.146555704350431,0.21503009711498994,0.8141997225286002,1.0267631442331562,-0.07646612638044623,ordinary,4.362868974776116,4.362868974776116
2026-01-08 04:00:00,2026-01-08 05:00:00,4,0.0,0.0,1020.7475,4,4,4,4,"[{""sku_id"": ""sku_1012"", ""count"": 1}, {""sku_id"": ""sku_1005"", ""count"": 1}, {""sku_id"": ""sku_1001"", ""count"": 1}]",0.25,0.25,1.0,1.0,1.0,0.25,1.0,1.0,,,0.016309320445349856,-0.046598058415285304,0.057120960431041534,-0.16320274408869012,1.0,0.0,1.022625139485147,-0.06464325567184888,1.3857877053955485,-1.1022505868444243,0.25914014926238604,-0.02611471217824584,0.21898801243283728,0.08860567876332208,1.0263914338965845,-0.07540409684738426,ordinary,0.07088454301065766,0.07088454301065766
2026-01-08 05:00:00,2026-01-08 06:00:00,4,0.0,0.0,628.755,4,4,4,4,"[{""sku_id"": ""sku_1001"", ""count"": 2}, {""sku_id"": ""sku_1050"", ""count"": 1}, {""sku_id"": ""sku_1007"", ""count"": 1}]",0.5,0.375,1.0,1.0,1.0,0.25,1.0,1.0,,,0.016309320445349856,-0.046598058415285304,0.057120960431041534,-0.16320274408869012,1.0,0.0,1.022625139485147,-0.06464325567184888,1.381158075765919,-1.0890230736169115,0.25566792704016383,0.6980916370281034,0.21551579021061507,0.09852631368395696,1.0263914338965845,-0.07540409684738426,ordinary,0.7071035242724586,0.7071035242724586
2026-01-08 06:00:00,2026-01-08 07:00:00,8,0.0,0.0,578.93875,8,8,7,8,"[{""sku_id"": ""sku_1002"", ""count"": 2}, {""sku_id"": ""sku_1023"", ""count"": 1}, {""sku_id"": ""sku_1011"", ""count"": 1}]",0.25,0.15625,1.0,1.0,1.1428571428571428,0.125,1.0,1.0,,,0.016309320445349856,-0.046598058415285304,0.052491330801411905,-0.14997523086117687,1.0,0.0,1.022625139485147,-0.06464325567184888,1.3742136313214746,-0.6610185384695194,0.25798274185497866,-0.0228078338713676,0.21435838280320765,-0.25530966515202186,1.0263914338965845,-0.07540409684738426,ordinary,0.0,0.0
2026-01-08 07:00:00,2026-01-08 08:00:00,12,0.08333333333333333,0.0,800.9541666666665,12,12,9,10,"[{""sku_id"": ""sku_1038"", ""count"": 2}, {""sku_id"": ""sku_1001"", ""count"": 2}, {""sku_id"": ""sku_1016"", ""count"": 1}]",0.16666666666666666,0.11111111111111112,1.0,1.0,1.3333333333333333,0.16666666666666666,1.0,1.0,,,0.016309320445349856,0.19149717967995278,0.052491330801411905,-0.14997523086117687,1.0,0.0,1.022625139485147,-0.06464325567184888,1.3761977583056015,-0.12246978563505223,0.2568253344475712,-0.25759619365972736,0.21146486428468914,-0.1279948503372071,1.0263914338965845,-0.07540409684738426,ordinary,0.0,0.0
2026-01-08 08:00:00,2026-01-08 09:00:00,16,0.0,0.0,626.8956250000001,16,16,10,16,"[{""sku_id"": ""sku_1001"", ""count"": 5}, {""sku_id"": ""sku_1009"", ""count"": 2}, {""sku_id"": ""sku_1003"", ""count"": 1}]",0.3125,0.1484375,1.0,1.0,1.6,0.0625,1.0,1.0,,,0.017466727852757265,-0.04990493672216362,0.052491330801411905,-0.14997523086117687,1.0,0.0,1.022625139485147,-0.06464325567184888,1.3808273879352313,0.6262074630421965,0.2545105196327564,0.16568422962069604,0.20915004946987434,-0.41900014134249813,1.0263914338965845,-0.07540409684738426,ordinary,0.14911580665862645,0.14911580665862645
2026-01-08 09:00:00,2026-01-08 10:00:00,19,0.0,0.05263157894736842,2345.4652631578947,19,19,13,16,"[{""sku_id"": ""sku_1001"", ""count"": 4}, {""sku_id"": ""sku_1025"", ""count"": 2}, {""sku_id"": ""sku_1011"", ""count"": 2}]",0.21052631578947367,0.09695290858725761,1.0,1.0,1.4615384615384615,0.10526315789473684,1.0,1.0,,,0.017466727852757265,-0.04990493672216362,0.052491330801411905,0.0004007089884471809,1.0,0.0,1.0156806950407027,-0.04480198583057911,1.38221627682412,0.22663481346954714,0.2542211677809046,-0.12484243426123119,0.20075884576617065,-0.2728448224898109,1.021761804266955,-0.0621765836198713,ordinary,0.000440779887291899,0.000440779887291899
2026-01-08 10:00:00,2026-01-08 11:00:00,28,0.0,0.14285714285714285,1387.7785714285712,28,28,15,20,"[{""sku_id"": ""sku_1001"", ""count"": 4}, {""sku_id"": ""sku_1003"", ""count"": 3}, {""sku_id"": ""sku_1014"", ""count"": 2}]",0.14285714285714285,0.06887755102040817,1.0,1.0,1.8666666666666667,0.10714285714285714,1.0357142857142858,1.0357142857142858,,,0.017466727852757265,-0.04990493672216362,0.05322232495345869,0.2560994797248119,1.0,0.0,1.0156806950407027,-0.04480198583057911,1.3839969036047468,1.3790564658911997,0.25483032957427687,-0.31992339062038294,0.2010634266628568,-0.2683444843428562,1.021761804266955,0.03986423270665959,ordinary,0.3136008138626208,0.3136008138626208
2026-01-08 11:00:00,2026-01-08 12:00:00,30,0.0,0.03333333333333333,677.4833333333333,30,30,17,20,"[{""sku_id"": ""sku_1001"", ""count"": 7}, {""sku_id"": ""sku_1002"", ""count"": 4}, {""sku_id"": ""sku_1008"", ""count"": 2}]",0.23333333333333334,0.10444444444444445,1.0,1.0,1.7647058823529411,0.1,1.0,1.0,,,0.017466727852757265,-0.04990493672216362,0.05404904453017827,-0.059187746276699815,1.0,0.0,1.0156806950407027,-0.04480198583057911,1.3914043110121541,1.0665759181165344,0.254499641743589,-0.06047516688644482,0.20023670708613722,-0.2863905916746778,1.0222578360129868,-0.06359381717996232,ordinary,0.0,0.0
2026-01-08 12:00:00,2026-01-08 13:00:00,18,0.0,0.16666666666666666,1588.0855555555554,18,18,13,16,"[{""sku_id"": ""sku_1001"", ""count"": 5}, {""sku_id"": ""sku_1005"", ""count"": 1}, {""sku_id"": ""sku_1018"", ""count"": 1}]",0.2777777777777778,0.11728395061728396,1.0,1.0,1.3846153846153846,0.1111111111111111,1.0555555555555556,1.0555555555555556,,,0.016474664360693773,-0.04707046960198221,0.05451200749314123,0.32044188335292983,1.0,0.0,1.0146123189723264,-0.04174948277807543,1.3982373472569551,-0.03891989326163018,0.2547641920081393,0.06575310219896706,0.19765734200677212,-0.24727494541617437,1.0202737090288596,0.10080527579055992,ordinary,0.49230808429974116,0.49230808429974116
2026-01-08 13:00:00,2026-01-08 14:00:00,80,0.65,0.525,3784.5967499999997,63,27,14,20,"[{""sku_id"": ""sku_1048"", ""count"": 30}, {""sku_id"": ""sku_1049"", ""count"": 26}, {""sku_id"": ""sku_1001"", ""count"": 3}]",0.375,0.25281250000000005,2.3333333333333335,2.962962962962963,5.714285714285714,0.3625,1.2875,5.775,,,0.016474664360693773,1.810072387540875,0.05682682230795604,1.337637650548697,1.0,3.80952380952381,1.014008454238027,5.568441453499817,1.3978602733504695,12.332644116957843,0.2557286981809788,0.3407751480543463,0.19804314447590796,0.4698767300688344,1.0204666102634274,13.584381113533066,suspicious_coordinated_spike,23.218518205805243,23.218518205805243
2026-01-08 14:00:00,2026-01-08 15:00:00,94,0.5957446808510638,0.48936170212765956,4710.469787234043,71,27,15,19,"[{""sku_id"": ""sku_1048"", ""count"": 53}, {""sku_id"": ""sku_1049"", ""count"": 18}, {""sku_id"": ""sku_1015"", ""count"": 2}]",0.5638297872340425,0.3580805794477139,2.6296296296296298,3.4814814814814814,6.266666666666667,0.46808510638297873,1.7340425531914894,13.574468085106384,,,0.024807997694027105,1.6312476661629622,0.06342404453017828,1.2169647359928037,1.0185185185185184,4.603174603174605,1.0412718287236238,6.972027579308166,1.4540772045674006,8.04131795390892,0.2574648092920899,0.875328508405579,0.20099453336479683,0.7631159229090911,1.086786054707872,22.221232897875367,suspicious_coordinated_spike,33.62882064594998,33.62882064594998
2026-01-08 15:00:00,2026-01-08 16:00:00,86,0.6046511627906976,0.3953488372093023,4135.941279069766,66,31,17,19,"[{""sku_id"": ""sku_1048"", ""count"": 45}, {""sku_id"": ""sku_1049"", ""count"": 16}, {""sku_id"": ""sku_1001"", ""count"": 6}]",0.5232558139534884,0.31800973499188756,2.129032258064516,2.774193548387097,5.0588235294117645,0.43023255813953487,1.7906976744186047,12.593023255813954,,,0.0330822293725141,1.6330540954805244,0.06883184594861798,0.9329056893162411,1.0411522633744856,3.10822855625723,1.0757368492997554,4.589694432291538,1.5179660934562895,4.29512947314085,0.2625180007814516,0.7449651804915338,0.20471793762011595,0.6443274871983399,1.2614314447787942,7.1939097552235385,suspicious_coordinated_spike,16.55435484755079,16.55435484755079
2026-01-08 16:00:00,2026-01-08 17:00:00,22,0.045454545454545456,0.0,1630.3995454545454,20,20,12,16,"[{""sku_id"": ""sku_1005"", ""count"": 3}, {""sku_id"": ""sku_1002"", ""count"": 3}, {""sku_id"": ""sku_1043"", ""count"": 2}]",0.13636363636363635,0.07851239669421486,1.0,1.1,1.8333333333333333,0.13636363636363635,1.1818181818181819,1.1818181818181819,,,0.040785717744607125,0.013339507742680945,0.0743228020209694,-0.21235086291705543,1.0568332669587148,-0.16238076273918522,1.1003784263606873,-0.0008997986320846202,1.5668600099972647,0.2883913937182462,0.2677021093085834,-0.3752527798427059,0.20930450092760952,-0.2084024701827805,1.422445656665099,-0.11655141752802457,ordinary,0.0,0.0
2026-01-08 17:00:00,2026-01-08 18:00:00,22,0.0,0.09090909090909091,1095.179090909091,22,22,10,17,"[{""sku_id"": ""sku_1001"", ""count"": 4}, {""sku_id"": ""sku_1011"", ""count"": 2}, {""sku_id"": ""sku_1003"", ""count"": 2}]",0.18181818181818182,0.08264462809917356,1.0,1.0,2.2,0.13636363636363635,1.0,1.0,,,0.04141703087592026,-0.11833437393120075,0.07325442595259334,0.050441899875707366,1.0568332669587148,-0.16238076273918522,1.100609907842169,-0.23922677553854366,1.5742674174046722,0.6772238098424868,0.2642541683606424,-0.235531390121316,0.2079933121164207,-0.2046562164365267,1.4228341570535994,-0.2048106980758034,ordinary,0.055486089863278104,0.055486089863278104
2026-01-08 18:00:00,2026-01-08 19:00:00,20,0.0,0.0,1211.0135,20,20,14,15,"[{""sku_id"": ""sku_1002"", ""count"": 3}, {""sku_id"": ""sku_1028"", ""count"": 2}, {""sku_id"": ""sku_1007"", ""count"": 1}]",0.15,0.07,1.0,1.0,1.4285714285714286,0.15,1.0,1.0,,,0.04141703087592026,-0.11833437393120075,0.07451705221521959,-0.21290586347205598,1.0568332669587148,-0.16238076273918522,1.100609907842169,-0.23922677553854366,1.5866605797978346,-0.17066318486428655,0.2651454339577904,-0.3289869541651154,0.20907025804630783,-0.16877216584659382,1.4228341570535994,-0.2048106980758034,ordinary,0.0,0.0
2026-01-08 19:00:00,2026-01-08 20:00:00,32,0.03125,0.0625,1473.849375,31,31,20,25,"[{""sku_id"": ""sku_1001"", ""count"": 4}, {""sku_id"": ""sku_1013"", ""count"": 3}, {""sku_id"": ""sku_1011"", ""count"": 2}]",0.125,0.0625,1.0,1.032258064516129,1.6,0.09375,1.03125,1.03125,,,0.04141703087592026,-0.02904865964548646,0.0735249887231561,-0.03149996778044601,1.0568332669587148,-0.16238076273918522,1.100609907842169,-0.16252466016225459,1.5915445846818395,0.009145711990656972,0.26524464030699674,-0.400698972305705,0.20916946439551415,-0.3297698982728976,1.4228341570535994,-0.18967394952297176,ordinary,0.0,0.0
2026-01-08 20:00:00,2026-01-08 21:00:00,38,0.0,0.05263157894736842,1347.5547368421055,38,38,18,25,"[{""sku_id"": ""sku_1003"", ""count"": 6}, {""sku_id"": ""sku_1001"", ""count"": 5}, {""sku_id"": ""sku_1005"", ""count"": 4}]",0.15789473684210525,0.0706371191135734,1.0,1.0,2.111111111111111,0.07894736842105263,1.0,1.0,,,0.04185105865369804,-0.11957445329628011,0.07378917954441215,-0.060450287420124954,1.0568332669587148,-0.16238076273918522,1.1004266233846909,-0.2387754966199605,1.594975957230859,0.558537842356819,0.2651691572152093,-0.3064983439231544,0.20926381826024845,-0.3723327138262738,1.422060455362778,-0.20442226318761203,ordinary,0.0,0.0
2026-01-08 21:00:00,2026-01-08 22:00:00,17,0.0,0.0,1244.1617647058824,15,15,14,13,"[{""sku_id"": ""sku_1001"", ""count"": 2}, {""sku_id"": ""sku_1003"", ""count"": 2}, {""sku_id"": ""sku_1002"", ""count"": 1}]",0.11764705882352941,0.07266435986159168,1.0,1.1333333333333333,1.2142857142857142,0.17647058823529413,1.2352941176470589,1.2352941176470589,,,0.04185105865369804,-0.11957445329628011,0.07325754743383267,-0.20930727838237906,1.0568332669587148,-0.16238076273918522,1.1004266233846909,0.07823937264143709,1.6024715480597833,-0.4191729243389488,0.2660995134087234,-0.42414987024341144,0.2090976832256924,-0.0932202714011379,1.422060455362778,-0.09045907276551794,ordinary,0.07823937264143709,0.07823937264143709
2026-01-08 22:00:00,2026-01-08 23:00:00,8,0.0,0.0,924.2150000000001,8,8,7,8,"[{""sku_id"": ""sku_1001"", ""count"": 3}, {""sku_id"": ""sku_1020"", ""count"": 1}, {""sku_id"": ""sku_1046"", ""count"": 1}]",0.375,0.21875,1.0,1.0,1.1428571428571428,0.125,1.0,1.0,,,0.04127235494999433,-0.11792101414284095,0.07210014002642524,-0.20600040007550072,1.0568332669587148,-0.16238076273918522,1.101674610502243,-0.24176459729482527,1.5971144052026405,-0.4899210214764221,0.26541868552201314,0.31308946993710535,0.20981255250673814,-0.2423215785906804,1.4247497255152834,-0.20576230421693117,ordinary,0.28178052294339484,0.28178052294339484
2026-01-08 23:00:00,2026-01-09 00:00:00,10,0.0,0.0,1287.122,10,10,9,10,"[{""sku_id"": ""sku_1001"", ""count"": 5}, {""sku_id"": ""sku_1020"", ""count"": 1}, {""sku_id"": ""sku_1015"", ""count"": 1}]",0.5,0.30000000000000004,1.0,1.0,1.1111111111111112,0.1,1.0,1.0,,,0.04127235494999433,-0.11792101414284095,0.0716041082803935,-0.20458316651541,1.0568332669587148,-0.16238076273918522,1.101674610502243,-0.24176459729482527,1.5901116040821923,-0.515761202085501,0.2691389236172512,0.6596030753792823,0.21055660012578575,-0.3158760003593879,1.4247497255152834,-0.20576230421693117,ordinary,0.5936427678413541,0.5936427678413541
2026-01-09 00:00:00,2026-01-09 01:00:00,4,0.0,0.0,529.11,4,4,4,3,"[{""sku_id"": ""sku_1010"", ""count"": 1}, {""sku_id"": ""sku_1006"", ""count"": 1}, {""sku_id"": ""sku_1003"", ""count"": 1}]",0.25,0.25,1.0,1.0,1.0,0.5,1.0,1.0,,,0.04127235494999433,-0.11792101414284095,0.07073605272483795,-0.20210300778525128,1.0568332669587148,-0.16238076273918522,1.101674610502243,-0.24176459729482527,1.5853416826456044,-0.6291885861874997,0.2743472569505846,-0.06956359128738455,0.2084732667924524,0.8329335234501362,1.4247497255152834,-0.20576230421693117,ordinary,0.6663468187601089,0.6663468187601089
2026-01-09 01:00:00,2026-01-09 02:00:00,3,0.0,0.0,453.06666666666666,3,3,3,3,"[{""sku_id"": ""sku_1005"", ""count"": 1}, {""sku_id"": ""sku_1001"", ""count"": 1}, {""sku_id"": ""sku_1011"", ""count"": 1}]",0.3333333333333333,0.3333333333333333,1.0,1.0,1.0,0.3333333333333333,1.0,1.0,,,0.04127235494999433,-0.11792101414284095,0.06726383050261572,-0.19218237286461637,1.0568332669587148,-0.16238076273918522,1.101674610502243,-0.24176459729482527,1.5853416826456044,-0.6291885861874997,0.2743472569505846,0.16853164680785349,0.21194548901467464,0.34682241233902483,1.4247497255152834,-0.20576230421693117,ordinary,0.429136411998288,0.429136411998288
2026-01-09 02:00:00,2026-01-09 03:00:00,2,0.0,0.0,836.255,2,2,2,2,"[{""sku_id"": ""sku_1020"", ""count"": 1}, {""sku_id"": ""sku_1002"", ""count"": 1}]",0.5,0.5,1.0,1.0,1.0,0.5,1.0,1.0,,,0.04127235494999433,-0.11792101414284095,0.06726383050261572,-0.19218237286461637,1.0568332669587148,-0.16238076273918522,1.101674610502243,-0.24176459729482527,1.5853416826456044,-0.6291885861874997,0.2758904668271278,0.640312951922492,0.21503190876776107,0.8141945463778255,1.4247497255152834,-0.20576230421693117,ordinary,1.2276372938325033,1.2276372938325033
2026-01-09 04:00:00,2026-01-09 05:00:00,3,0.0,0.0,864.69,3,3,3,3,"[{""sku_id"": ""sku_1001"", ""count"": 1}, {""sku_id"": ""sku_1035"", ""count"": 1}, {""sku_id"": ""sku_1012"", ""count"": 1}]",0.3333333333333333,0.3333333333333333,1.0,1.0,1.0,0.3333333333333333,1.0,1.0,3.75,-0.43915503282683993,0.04127235494999433,-0.11792101414284095,0.0637916082803935,-0.18226173794398143,1.0568332669587148,-0.16238076273918522,1.101674610502243,-0.24176459729482527,1.5853416826456044,-0.6291885861874997,0.27936268904935,0.15420184081138086,0.21850413098998328,0.3280834352667144,1.4247497255152834,-0.20576230421693117,ordinary,0.4012484049436143,0.4012484049436143
2026-01-09 05:00:00,2026-01-09 06:00:00,2,0.0,0.0,837.55,2,2,2,2,"[{""sku_id"": ""sku_1037"", ""count"": 1}, {""sku_id"": ""sku_1003"", ""count"": 1}]",0.5,0.5,1.0,1.0,1.0,0.5,1.0,1.0,3.5,-2.598076211353316,0.04127235494999433,-0.11792101414284095,0.0637916082803935,-0.18226173794398143,1.0568332669587148,-0.16238076273918522,1.101674610502243,-0.24176459729482527,1.5853416826456044,-0.6291885861874997,0.2701034297900908,0.6568473434568836,0.209244871730724,0.8307289379122171,1.4247497255152834,-0.20576230421693117,ordinary,1.255745759440969,1.255745759440969
2026-01-09 06:00:00,2026-01-09 07:00:00,5,0.0,0.0,2089.682,5,5,3,5,"[{""sku_id"": ""sku_1043"", ""count"": 1}, {""sku_id"": ""sku_1010"", ""count"": 1}, {""sku_id"": ""sku_1002"", ""count"": 1}]",0.2,0.20000000000000004,1.0,1.0,1.6666666666666667,0.2,1.0,1.0,7.75,-0.746155792216122,0.03432791050554988,-0.0980797443015711,0.0637916082803935,-0.18226173794398143,1.0568332669587148,-0.16238076273918522,1.101674610502243,-0.24176459729482527,1.5853416826456044,0.08741689381604044,0.2701034297900908,-0.20029551368597362,0.20924487173072404,-0.02641391923064007,1.4247497255152834,-0.20576230421693117,ordinary,0.08741689381604044,0.08741689381604044
2026-01-09 07:00:00,2026-01-09 08:00:00,10,0.0,0.1,878.6120000000001,10,10,8,10,"[{""sku_id"": ""sku_1001"", ""count"": 2}, {""sku_id"": ""sku_1010"", ""count"": 1}, {""sku_id"": ""sku_1020"", ""count"": 1}]",0.2,0.12000000000000002,1.0,1.0,1.25,0.1,1.0,1.0,11.75,-3.5,0.03432791050554988,-0.0980797443015711,0.0637916082803935,0.10345254777030431,1.0568332669587148,-0.16238076273918522,1.101674610502243,-0.24176459729482527,1.5946009419048635,-0.37145005264625086,0.26825157793823895,-0.1950045083949684,0.20739301987887215,-0.3068371996539204,1.4247497255152834,-0.20576230421693117,ordinary,0.11379780254733475,0.11379780254733475
2026-01-09 08:00:00,2026-01-09 09:00:00,15,0.06666666666666667,0.06666666666666667,1179.2479999999998,15,15,12,13,"[{""sku_id"": ""sku_1001"", ""count"": 3}, {""sku_id"": ""sku_1002"", ""count"": 2}, {""sku_id"": ""sku_1040"", ""count"": 2}]",0.2,0.11111111111111113,1.0,1.0,1.25,0.13333333333333333,1.0,1.0,12.75,1.014722137803819,0.03432791050554988,0.09239644617461938,0.064023089761875,0.007553076870833334,1.0568332669587148,-0.16238076273918522,1.101674610502243,-0.24176459729482527,1.5980731641270856,-0.3759184029999133,0.26639972608638707,-0.18971350310396304,0.20646709395294624,-0.2089536017703226,1.4247497255152834,-0.20576230421693117,ordinary,0.36346113278925324,0.008308384557916668
2026-01-09 09:00:00,2026-01-09 10:00:00,19,0.0,0.15789473684210525,1202.3157894736842,19,19,13,16,"[{""sku_id"": ""sku_1002"", ""count"": 2}, {""sku_id"": ""sku_1020"", ""count"": 2}, {""sku_id"": ""sku_1011"", ""count"": 2}]",0.10526315789473684,0.07479224376731301,1.0,1.0,1.4615384615384615,0.10526315789473684,1.0,1.0,16.5,0.7118684968143741,0.03525383643147581,-0.10072524694707374,0.0626342008729861,0.27217295991176904,1.0568332669587148,-0.16238076273918522,1.101674610502243,-0.24176459729482527,1.5969157567196781,-0.14614606408653652,0.26686268904935,-0.4617129461560377,0.20600413098998327,-0.2878313517007041,1.4247497255152834,-0.20576230421693117,ordinary,0.5485442297879769,0.299390255902946
2026-01-09 10:00:00,2026-01-09 11:00:00,20,0.0,0.1,949.7710000000001,20,20,15,19,"[{""sku_id"": ""sku_1001"", ""count"": 3}, {""sku_id"": ""sku_1002"", ""count"": 2}, {""sku_id"": ""sku_1003"", ""count"": 2}]",0.15,0.08500000000000002,1.0,1.0,1.3333333333333333,0.1,1.0,1.0,24.0,-1.414213562373095,0.03525383643147581,-0.10072524694707374,0.06482718332912646,0.10049376191678157,1.0568332669587148,-0.16238076273918522,1.101674610502243,-0.24176459729482527,1.600548235352157,-0.2888032899911998,0.2648524551312214,-0.32814987180348976,0.20515130447926203,-0.30043229851217723,1.4247497255152834,-0.20576230421693117,ordinary,0.11054313810845974,0.11054313810845974
2026-01-09 11:00:00,2026-01-09 12:00:00,20,0.0,0.1,1181.0155,20,20,15,15,"[{""sku_id"": ""sku_1008"", ""count"": 2}, {""sku_id"": ""sku_1009"", ""count"": 2}, {""sku_id"": ""sku_1001"", ""count"": 2}]",0.1,0.06500000000000002,1.0,1.0,1.3333333333333333,0.1,1.1,1.05,23.25,-0.6043788341894001,0.03455939198703137,-0.09874111996294677,0.06343829444023756,0.10446201588503556,1.0568332669587148,-0.16238076273918522,1.101674610502243,-0.24176459729482527,1.6005482353521567,-0.2888032899911996,0.2641580106867769,-0.46902288767650546,0.20515130447926203,-0.30043229851217723,1.4247497255152834,-0.18154071066942368,ordinary,0.11490821747353913,0.11490821747353913
2026-01-09 12:00:00,2026-01-09 13:00:00,15,0.06666666666666667,0.2,2844.8879999999995,15,15,11,13,"[{""sku_id"": ""sku_1001"", ""count"": 3}, {""sku_id"": ""sku_1026"", ""count"": 2}, {""sku_id"": ""sku_1009"", ""count"": 2}]",0.2,0.11111111111111113,1.0,1.0,1.3636363636363635,0.13333333333333333,1.0,1.0,20.25,-1.0966892325208963,0.03392807885571824,0.0935388223169955,0.06419587019781332,0.38801179943481917,1.0568332669587148,-0.16238076273918522,1.1010132348408674,-0.2401213704737655,1.5972413570452786,-0.2523332463592984,0.2630216470504133,-0.18006184871546657,0.20527756710552464,-0.2055549536348323,1.4248128568284146,-0.20579405283158786,ordinary,0.42681297937830115,0.42681297937830115
2026-01-09 13:00:00,2026-01-09 14:00:00,22,0.0,0.0,1329.251818181818,21,21,14,14,"[{""sku_id"": ""sku_1003"", ""count"": 3}, {""sku_id"": ""sku_1004"", ""count"": 2}, {""sku_id"": ""sku_1001"", ""count"": 2}]",0.13636363636363635,0.07024793388429751,1.0,1.0476190476190477,1.5714285714285714,0.13636363636363635,1.0454545454545454,1.0454545454545454,36.0,-0.47409982303501746,0.03485400478164416,-0.0995828708046976,0.0662020430373195,-0.18914869439234144,1.0568332669587148,-0.16238076273918522,1.1010132348408674,-0.12692480773666986,1.5969499817539032,-0.027565358283634885,0.26425621495164786,-0.3654073673943186,0.2048146041425617,-0.19557419365407241,1.4248128568284146,-0.1837742975950207,ordinary,0.0,0.0
2026-01-09 14:00:00,2026-01-09 15:00:00,20,0.0,0.05,1054.6825000000001,19,19,13,18,"[{""sku_id"": ""sku_1001"", ""count"": 4}, {""sku_id"": ""sku_1002"", ""count"": 2}, {""sku_id"": ""sku_1005"", ""count"": 2}]",0.2,0.09500000000000003,1.0,1.0526315789473684,1.5384615384615385,0.1,1.1,1.1,40.5,-0.5627537525271789,0.03398594922608861,-0.09710271207453888,0.0662020430373195,-0.04629155153519856,1.0568332669587148,-0.16238076273918522,1.101674610502243,-0.11661582685600855,1.5940840205546087,-0.06009326762590526,0.2635459876789206,-0.18155996479691605,0.20497243242538998,-0.2999212355011142,1.4254441699597278,-0.1576659535881361,ordinary,0.0,0.0
2026-01-09 15:00:00,2026-01-09 16:00:00,27,0.037037037037037035,0.0,1735.9318518518517,27,27,14,21,"[{""sku_id"": ""sku_1003"", ""count"": 7}, {""sku_id"": ""sku_1001"", ""count"": 3}, {""sku_id"": ""sku_1029"", ""count"": 2}]",0.25925925925925924,0.10836762688614539,1.0,1.0,1.9285714285714286,0.1111111111111111,1.0,1.0,35.25,-0.24199376201897868,0.03398594922608861,0.008717393745566937,0.06529392337919984,-0.18655406679771386,1.0568332669587148,-0.16238076273918522,1.1012481972468826,-0.24073095664295005,1.5942097118567706,0.3612400482755825,0.26472120135413424,-0.015605548842499985,0.20475875721171477,-0.2675647031445819,1.4257646827802408,-0.2062729262570631,ordinary,0.0,0.0
2026-01-09 16:00:00,2026-01-09 17:00:00,22,0.0,0.2727272727272727,1490.9486363636365,21,21,14,20,"[{""sku_id"": ""sku_1003"", ""count"": 3}, {""sku_id"": ""sku_1002"", ""count"": 2}, {""sku_id"": ""sku_1001"", ""count"": 2}]",0.13636363636363635,0.07024793388429751,1.0,1.0476190476190477,1.5714285714285714,0.09090909090909091,1.0909090909090908,1.0909090909090908,18.0,1.224744871391589,0.03450035251826968,-0.0985724357664848,0.06471521967549615,0.5943201515765045,1.0568332669587148,-0.16238076273918522,1.1012481972468826,-0.12751038383801064,1.597185902332961,-0.02780578239634272,0.2665859132882906,-0.3720636483561551,0.20456585597714688,-0.3247336144801599,1.4240285716691297,-0.1613643521698157,ordinary,1.0824128717212111,0.653752166734155
2026-01-09 17:00:00,2026-01-09 18:00:00,14,0.0,0.07142857142857142,1064.3035714285713,14,14,12,11,"[{""sku_id"": ""sku_1002"", ""count"": 2}, {""sku_id"": ""sku_1019"", ""count"": 2}, {""sku_id"": ""sku_1017"", ""count"": 2}]",0.14285714285714285,0.10204081632653061,1.0,1.0,1.1666666666666667,0.21428571428571427,1.0714285714285714,1.0714285714285714,21.25,-2.017264196556732,0.03350828902620619,-0.09573796864630339,0.06751103497131143,0.011192961306457123,1.0568332669587148,-0.16238076273918522,1.1019095729082582,-0.24237494252340716,1.60133453148159,-0.46964466572691094,0.26550366220603955,-0.35041862671113344,0.20384435525564612,0.0298324543716233,1.425291197931756,-0.17143194377844523,ordinary,0.03617822093440148,0.03617822093440148
2026-01-09 18:00:00,2026-01-09 19:00:00,16,0.0,0.0,953.515,16,16,13,13,"[{""sku_id"": ""sku_1001"", ""count"": 3}, {""sku_id"": ""sku_1002"", ""count"": 2}, {""sku_id"": ""sku_1007"", ""count"": 2}]",0.1875,0.1015625,1.0,1.0,1.2307692307692308,0.125,1.0,1.0,24.0,-1.8516401995451028,0.03350828902620619,-0.09573796864630339,0.06773149352510331,-0.1935185529288666,1.0568332669587148,-0.16238076273918522,1.1019095729082582,-0.24237494252340716,1.5996810923281513,-0.39830568476593897,0.26440136943708015,-0.21971819839165757,0.2052773358552934,-0.22936381672940973,1.4262832614238194,-0.20653579754997023,ordinary,0.0,0.0
2026-01-09 19:00:00,2026-01-09 20:00:00,30,0.0,0.03333333333333333,1535.407666666667,27,27,15,19,"[{""sku_id"": ""sku_1008"", ""count"": 3}, {""sku_id"": ""sku_1007"", ""count"": 3}, {""sku_id"": ""sku_1001"", ""count"": 3}]",0.1,0.06666666666666667,1.0,1.1111111111111112,2.0,0.1,1.1333333333333333,1.1333333333333333,26.0,0.7745966692414834,0.03350828902620619,-0.09573796864630339,0.06657408611769591,-0.09497357938389309,1.0568332669587148,-0.16238076273918522,1.1019095729082582,0.021884325774293358,1.5959417760888348,0.43580488996961325,0.264690721288932,-0.47054491796837716,0.20585603955899712,-0.30244582731142033,1.4262832614238192,-0.1419353104278237,ordinary,0.2929931600088125,0.021884325774293358
2026-01-09 20:00:00,2026-01-09 21:00:00,26,0.038461538461538464,0.038461538461538464,1223.6019230769232,25,25,16,20,"[{""sku_id"": ""sku_1001"", ""count"": 4}, {""sku_id"": ""sku_1005"", ""count"": 2}, {""sku_id"": ""sku_1006"", ""count"": 2}]",0.15384615384615385,0.0650887573964497,1.0,1.04,1.625,0.11538461538461539,1.0769230769230769,1.0769230769230769,31.75,-1.1082996767005813,0.03292958532250248,0.015805580397245667,0.06645834537695516,-0.07999087690119058,1.0568332669587148,-0.16238076273918522,1.1034527827848013,-0.15097486723217793,1.6041117107293577,0.022506522027020342,0.2620286842518949,-0.309092944016403,0.20493011363307118,-0.2558442807098737,1.4275564095719675,-0.16990060907875706,ordinary,0.0,0.0
2026-01-09 21:00:00,2026-01-09 22:00:00,20,0.05,0.0,2195.0005,20,20,14,18,"[{""sku_id"": ""sku_1001"", ""count"": 3}, {""sku_id"": ""sku_1007"", ""count"": 3}, {""sku_id"": ""sku_1027"", ""count"": 2}]",0.15,0.09000000000000002,1.0,1.0,1.4285714285714286,0.15,1.0,1.0,21.25,-0.21787233516529755,0.03346377335669051,0.04724636183802712,0.0669925334111432,-0.191407238317552,1.0568332669587148,-0.16238076273918522,1.104008338340357,-0.24753587572406077,1.6053136338062808,-0.1904407607988255,0.26208210305531376,-0.32023458015803935,0.20444934440230195,-0.15556955543514844,1.4286247856403438,-0.2077122288335647,ordinary,0.0,0.0
2026-01-09 22:00:00,2026-01-09 23:00:00,7,0.0,0.0,1205.8514285714286,7,7,7,7,"[{""sku_id"": ""sku_1007"", ""count"": 3}, {""sku_id"": ""sku_1026"", ""count"": 1}, {""sku_id"": ""sku_1010"", ""count"": 1}]",0.42857142857142855,0.26530612244897955,1.0,1.0,1.0,0.14285714285714285,1.1428571428571428,1.1428571428571428,6.75,0.13206763594884358,0.03374972106910882,-0.09642777448316805,0.06535854648303863,-0.18673870423725322,1.0568332669587148,-0.16238076273918522,1.1035874629194815,-0.246481392184056,1.5989203357463162,-0.6456153513173676,0.26253144946054247,0.4743999403168174,0.20530718753955685,-0.17842869909261144,1.4278077921762913,-0.13807680853447707,ordinary,0.4731836188672309,0.42695994628513567
2026-01-09 23:00:00,2026-01-10 00:00:00,10,0.0,0.1,1604.935,10,10,9,10,"[{""sku_id"": ""sku_1001"", ""count"": 2}, {""sku_id"": ""sku_1035"", ""count"": 1}, {""sku_id"": ""sku_1036"", ""count"": 1}]",0.2,0.12000000000000002,1.0,1.0,1.1111111111111112,0.1,1.0,1.0,9.25,0.3,0.03374972106910882,-0.09642777448316805,0.06477984277933492,0.10062902063047167,1.0568332669587148,-0.16238076273918522,1.1016033359353543,-0.2416744659262861,1.5871681989941793,-0.5119693821314074,0.2650116081907012,-0.18574745197343195,0.2061339071162764,-0.3032397346179326,1.428055808049307,-0.20742400907322533,ordinary,0.21569192269351883,0.11069192269351885
2026-01-10 00:00:00,2026-01-10 01:00:00,5,0.0,0.0,2850.3319999999994,5,5,5,5,"[{""sku_id"": ""sku_1001"", ""count"": 1}, {""sku_id"": ""sku_1032"", ""count"": 1}, {""sku_id"": ""sku_1011"", ""count"": 1}]",0.2,0.20000000000000004,1.0,1.0,1.0,0.2,1.2,1.2,3.75,2.5,0.03374972106910882,-0.09642777448316805,0.06418460468409683,-0.18338458481170522,1.0568332669587148,-0.16238076273918522,1.1016033359353543,-0.2416744659262861,1.583155853315167,-0.6261768445937081,0.26580525898435203,-0.18801502566957723,0.20553866902103832,-0.01582476863153802,1.428055808049307,-0.11050953896313519,ordinary,0.875,0.0
2026-01-10 01:00:00,2026-01-10 02:00:00,6,0.0,0.0,883.8016666666666,6,6,5,5,"[{""sku_id"": ""sku_1001"", ""count"": 3}, {""sku_id"": ""sku_1020"", ""count"": 1}, {""sku_id"": ""sku_1008"", ""count"": 1}]",0.5,0.33333333333333337,1.0,1.0,1.2,0.3333333333333333,1.0,1.0,3.5,1.9364916731037085,0.03374972106910882,-0.09642777448316805,0.06302719727668943,-0.18007770650482696,1.0568332669587148,-0.16238076273918522,1.1016033359353543,-0.2416744659262861,1.5803780755373893,-0.40780200660011995,0.26626822194731503,0.6678050801505285,0.20600163198400132,0.36380486099809145,1.430833585827085,-0.20881555073504557,ordinary,1.569840546520247,0.8920684609339489
2026-01-10 02:00:00,2026-01-10 03:00:00,1,0.0,0.0,326.34,1,1,1,1,"[{""sku_id"": ""sku_1013"", ""count"": 1}]",1.0,1.0,1.0,1.0,1.0,1.0,1.0,1.0,3.25,-0.8555277382080452,0.03374972106910882,-0.09642777448316805,0.06302719727668943,-0.18007770650482696,1.0568332669587148,-0.16238076273918522,1.1016033359353543,-0.2416744659262861,1.583155853315167,-0.6261768445937081,0.26974044416953724,2.0864558738013224,0.2071590393914087,2.265259887453118,1.430833585827085,-0.20881555073504557,ordinary,3.6900181963836847,3.6900181963836847
2026-01-10 03:00:00,2026-01-10 04:00:00,2,0.0,0.0,822.11,2,2,2,2,"[{""sku_id"": ""sku_1003"", ""count"": 1}, {""sku_id"": ""sku_1006"", ""count"": 1}]",0.5,0.5,1.0,1.0,1.0,0.5,1.0,1.0,,,0.03374972106910882,-0.09642777448316805,0.06302719727668943,-0.18007770650482696,1.0568332669587148,-0.16238076273918522,1.0981311137131322,-0.2335323680797343,1.579683631092945,-0.6212982782674628,0.27807377750287054,0.6340749214203699,0.21549237272474203,0.8128789350721657,1.428055808049307,-0.20742400907322533,ordinary,1.2209705773360655,1.2209705773360655
2026-01-10 04:00:00,2026-01-10 05:00:00,3,0.0,0.3333333333333333,2062.6733333333336,3,3,3,3,"[{""sku_id"": ""sku_1033"", ""count"": 1}, {""sku_id"": ""sku_1036"", ""count"": 1}, {""sku_id"": ""sku_1015"", ""count"": 1}]",0.3333333333333333,0.3333333333333333,1.0,1.0,1.0,0.3333333333333333,1.0,1.0,3.6,-0.3956282840374723,0.03374972106910882,-0.09642777448316805,0.06302719727668943,0.7723032458761254,1.0568332669587148,-0.16238076273918522,1.0981311137131322,-0.2335323680797343,1.579683631092945,-0.6212982782674628,0.2711293330584261,0.17772571507116341,0.20854792828029758,0.35652972872295924,1.428055808049307,-0.20742400907322533,ordinary,1.2947104970061525,1.2947104970061525
2026-01-10 05:00:00,2026-01-10 06:00:00,1,0.0,0.0,544.89,1,1,1,1,"[{""sku_id"": ""sku_1006"", ""count"": 1}]",1.0,1.0,1.0,1.0,1.0,1.0,1.0,1.0,3.2,-2.6295029405356662,0.03374972106910882,-0.09642777448316805,0.06765682690631905,-0.19330521973234016,1.0568332669587148,-0.16238076273918522,1.0981311137131322,-0.2335323680797343,1.579683631092945,-0.6212982782674628,0.26881451824361124,2.089101376446825,0.2062331134654828,2.267905390098621,1.428055808049307,-0.20742400907322533,ordinary,3.6945155508810394,3.6945155508810394
2026-01-10 06:00:00,2026-01-10 07:00:00,9,0.1111111111111111,0.2222222222222222,1612.3433333333332,9,9,6,9,"[{""sku_id"": ""sku_1020"", ""count"": 2}, {""sku_id"": ""sku_1010"", ""count"": 2}, {""sku_id"": ""sku_1037"", ""count"": 1}]",0.2222222222222222,0.16049382716049382,1.0,1.0,1.5,0.1111111111111111,1.0,1.0,7.2,0.5262348115842175,0.03374972106910882,0.22103254297714942,0.06534201209150423,0.4482291718020514,1.0568332669587148,-0.16238076273918522,1.0981311137131322,-0.2335323680797343,1.579683631092945,-0.08540400340579653,0.27807377750287054,-0.15957587223042383,0.21780718753955686,-0.30484593265270216,1.428055808049307,-0.20742400907322533,ordinary,0.6772342730367327,0.4930520889822566
2026-01-10 07:00:00,2026-01-10 08:00:00,20,0.0,0.0,1402.512,20,20,14,18,"[{""sku_id"": ""sku_1004"", ""count"": 3}, {""sku_id"": ""sku_1001"", ""count"": 3}, {""sku_id"": ""sku_1008"", ""count"": 2}]",0.15,0.09000000000000002,1.0,1.0,1.4285714285714286,0.1,1.0,1.0,11.4,9.615092303249096,0.03529293094565203,-0.1008369455590058,0.06842843184459065,-0.195509805270259,1.0568332669587148,-0.16238076273918522,1.0981311137131322,-0.2335323680797343,1.5866280755373894,-0.16986171990089433,0.2776879750337347,-0.3648227858106706,0.21587817519387784,-0.3310805005539367,1.428055808049307,-0.20742400907322533,legitimate_festive_spike,3.3652823061371833,0.0
2026-01-10 08:00:00,2026-01-10 09:00:00,19,0.0,0.05263157894736842,1966.4005263157899,19,19,12,14,"[{""sku_id"": ""sku_1030"", ""count"": 2}, {""sku_id"": ""sku_1008"", ""count"": 2}, {""sku_id"": ""sku_1004"", ""count"": 2}]",0.10526315789473684,0.06925207756232686,1.0,1.0,1.5833333333333333,0.10526315789473684,1.0,1.0,13.2,2.675340503283767,0.03529293094565203,-0.1008369455590058,0.06669232073347954,-0.040173547960317496,1.0568332669587148,-0.16238076273918522,1.0981311137131322,-0.2335323680797343,1.5905963295056431,-0.007816472821717338,0.2762990861448459,-0.48867408071459734,0.21553095297165561,-0.31505084307691084,1.428055808049307,-0.20742400907322533,legitimate_festive_spike,0.9363691761493184,0.0
2026-01-10 09:00:00,2026-01-10 10:00:00,28,0.0,0.03571428571428571,879.6774999999999,28,28,15,20,"[{""sku_id"": ""sku_1001"", ""count"": 5}, {""sku_id"": ""sku_1004"", ""count"": 3}, {""sku_id"": ""sku_1003"", ""count"": 3}]",0.17857142857142858,0.08418367346938775,1.0,1.0,1.8666666666666667,0.07142857142857142,1.0,1.0,17.0,3.394673699166022,0.03529293094565203,-0.1008369455590058,0.06742331488552632,-0.09059722620354459,1.0568332669587148,-0.16238076273918522,1.0981311137131322,-0.2335323680797343,1.5956117616044088,0.29203825319365884,0.2752358219236869,-0.27618398100645236,0.21446768875049668,-0.4086831923483579,1.428055808049307,-0.20742400907322533,legitimate_festive_spike,1.1881357947081077,0.0
2026-01-10 10:00:00,2026-01-10 11:00:00,25,0.04,0.08,1137.4436,25,25,16,20,"[{""sku_id"": ""sku_1003"", ""count"": 3}, {""sku_id"": ""sku_1009"", ""count"": 2}, {""sku_id"": ""sku_1024"", ""count"": 2}]",0.12,0.0656,1.0,1.0,1.5625,0.08,1.0,1.0,23.2,0.5934424260562086,0.03529293094565203,0.013448768726708492,0.06791934663155806,0.03451615248126269,1.0568332669587148,-0.16238076273918522,1.0981311137131322,-0.2335323680797343,1.6024404653081126,-0.043024860777826295,0.2739281018659668,-0.43979457675990513,0.21293449971730763,-0.3798128563351647,1.428055808049307,-0.20742400907322533,ordinary,0.24567261684906194,0.037967767729388965
2026-01-10 11:00:00,2026-01-10 12:00:00,17,0.0,0.058823529411764705,1473.3294117647056,17,17,12,12,"[{""sku_id"": ""sku_1002"", ""count"": 4}, {""sku_id"": ""sku_1009"", ""count"": 2}, {""sku_id"": ""sku_1011"", ""count"": 2}]",0.23529411764705882,0.12110726643598617,1.0,1.0,1.4166666666666667,0.17647058823529413,1.0588235294117647,1.0588235294117647,22.6,-1.147888086367103,0.03584848650120758,-0.10242424714630738,0.06796208167429311,-0.026110149321509745,1.0568332669587148,-0.16238076273918522,1.0981311137131322,-0.2335323680797343,1.601572409752557,-0.19918337697669644,0.2723896403275053,-0.10598720765841849,0.20977210655491446,-0.09514719519891524,1.428055808049307,-0.17891975315849293,ordinary,0.0,0.0
2026-01-10 12:00:00,2026-01-10 13:00:00,19,0.0,0.0,1220.8015789473686,19,19,13,14,"[{""sku_id"": ""sku_1001"", ""count"": 5}, {""sku_id"": ""sku_1002"", ""count"": 3}, {""sku_id"": ""sku_1031"", ""count"": 1}]",0.2631578947368421,0.12465373961218837,1.0,1.0,1.4615384615384615,0.15789473684210525,1.0,1.0,19.2,-0.041977548016111206,0.03584848650120758,-0.10242424714630738,0.06688513574440601,-0.19110038784116004,1.0568332669587148,-0.16238076273918522,1.0974697380517566,-0.23189326254505294,1.5994229388530858,-0.14849135331215116,0.27313236165846194,-0.028498476918913863,0.21096046068444504,-0.15161635383525654,1.4282414883820462,-0.2075174345916812,ordinary,0.0,0.0
2026-01-10 13:00:00,2026-01-10 14:00:00,19,0.0,0.05263157894736842,1452.9252631578947,18,18,13,12,"[{""sku_id"": ""sku_1002"", ""count"": 3}, {""sku_id"": ""sku_1001"", ""count"": 3}, {""sku_id"": ""sku_1010"", ""count"": 2}]",0.15789473684210525,0.09141274238227146,1.0,1.0555555555555556,1.4615384615384615,0.21052631578947367,1.0526315789473684,1.0526315789473684,33.2,-0.5393355746553933,0.03584848650120758,-0.10242424714630738,0.06632958018885046,-0.039137146404234414,1.0568332669587148,-0.16238076273918522,1.096891034348053,-0.09831758280206004,1.5965739360040831,-0.1454066748651666,0.27567622130758473,-0.33651852704422713,0.2120423320294743,-0.004331474971430399,1.4276859328264908,-0.18173418334010155,ordinary,0.0,0.0
2026-01-10 14:00:00,2026-01-10 15:00:00,17,0.0,0.058823529411764705,1614.1776470588236,17,17,14,17,"[{""sku_id"": ""sku_1001"", ""count"": 4}, {""sku_id"": ""sku_1002"", ""count"": 4}, {""sku_id"": ""sku_1031"", ""count"": 1}]",0.23529411764705882,0.14186851211072662,1.0,1.0,1.2142857142857142,0.058823529411764705,1.1176470588235294,1.1176470588235294,36.4,-0.5905146023588235,0.03584848650120758,-0.10242424714630738,0.0660317677565351,-0.020594966699344,1.0568332669587148,-0.16238076273918522,1.0971284512521366,-0.2310384508297709,1.5856230813032282,-0.40122711012332046,0.27581159059500077,-0.11576420842269128,0.2134230987611182,-0.4417130552838671,1.4279025236863565,-0.15033857500995645,ordinary,0.0,0.0
2026-01-10 15:00:00,2026-01-10 16:00:00,25,0.0,0.12,1410.3403999999998,25,25,13,20,"[{""sku_id"": ""sku_1043"", ""count"": 3}, {""sku_id"": ""sku_1010"", ""count"": 2}, {""sku_id"": ""sku_1002"", ""count"": 2}]",0.12,0.05599999999999999,1.0,1.0,1.9230769230769231,0.12,1.04,1.04,33.6,-0.2890368523986253,0.03584848650120758,-0.10242424714630738,0.06684876122058739,0.15186068222689317,1.0568332669587148,-0.16238076273918522,1.0971284512521366,-0.2310384508297709,1.5816548273349744,0.3685119735647035,0.27753635457466674,-0.4501038702133336,0.2126968823486273,-0.2648482352817923,1.429536510614461,-0.18878247232395481,ordinary,0.1670467504495825,0.1670467504495825
2026-01-10 16:00:00,2026-01-10 17:00:00,27,0.037037037037037035,0.0,1243.7288888888888,27,27,17,22,"[{""sku_id"": ""sku_1002"", ""count"": 6}, {""sku_id"": ""sku_1001"", ""count"": 4}, {""sku_id"": ""sku_1003"", ""count"": 2}]",0.2222222222222222,0.10013717421124828,1.0,1.0,1.588235294117647,0.07407407407407407,1.0,1.0,18.8,2.4502186491355067,0.03584848650120758,0.0033958586737984396,0.06806739921341892,-0.1944782834669112,1.0568332669587148,-0.16238076273918522,1.0971284512521366,-0.2310384508297709,1.583037431658755,0.005607618542197238,0.2778589352198281,-0.15896203713601675,0.2130194629937886,-0.39698682548489866,1.4300920661700165,-0.20844836010044845,legitimate_festive_spike,0.8575765271974273,0.0
2026-01-10 17:00:00,2026-01-10 18:00:00,37,0.0,0.16216216216216217,986.2848648648647,37,37,19,23,"[{""sku_id"": ""sku_1001"", ""count"": 7}, {""sku_id"": ""sku_1004"", ""count"": 4}, {""sku_id"": ""sku_1047"", ""count"": 3}]",0.1891891891891892,0.0810810810810811,1.0,1.0,1.9473684210526316,0.10810810810810811,1.0,1.0,19.8,3.826949771613869,0.036362889793388656,-0.1038939708382533,0.06690999180601152,0.27214905816043045,1.0568332669587148,-0.16238076273918522,1.0971284512521366,-0.2310384508297709,1.5842629218548336,0.39175210658508935,0.2780518364543959,-0.25389327790059063,0.21289086217074335,-0.29937929732181495,1.4300920661700165,-0.20844836010044845,legitimate_festive_spike,1.6387963840413278,0.2993639639764735
2026-01-10 18:00:00,2026-01-10 19:00:00,31,0.03225806451612903,0.06451612903225806,1166.1290322580646,30,30,17,22,"[{""sku_id"": ""sku_1001"", ""count"": 6}, {""sku_id"": ""sku_1004"", ""count"": 3}, {""sku_id"": ""sku_1002"", ""count"": 2}]",0.1935483870967742,0.08012486992715921,1.0,1.0333333333333334,1.8235294117647058,0.0967741935483871,1.032258064516129,1.032258064516129,22.4,1.6612349299654503,0.036362889793388656,-0.011728072220741785,0.06916224405826378,-0.013274614360016337,1.0568332669587148,-0.16238076273918522,1.0971284512521366,-0.15174879270134164,1.5934525626234217,0.24815387242884954,0.2768214393906655,-0.2379230065539752,0.21207754885743,-0.32943815802583687,1.429320461231745,-0.19242599039706468,ordinary,0.5814322254879075,0.0
2026-01-10 19:00:00,2026-01-10 20:00:00,34,0.029411764705882353,0.08823529411764706,1649.8494117647058,34,34,18,24,"[{""sku_id"": ""sku_1003"", ""count"": 4}, {""sku_id"": ""sku_1002"", ""count"": 4}, {""sku_id"": ""sku_1001"", ""count"": 3}]",0.11764705882352941,0.06401384083044982,1.0,1.0,1.8888888888888888,0.08823529411764706,1.0,1.0,26.8,1.4948186373673191,0.03681091846722378,-0.021140439318118362,0.07005830140593403,0.051934264890608685,1.0568332669587148,-0.16238076273918522,1.0975914142150995,-0.2321894723538143,1.5965571377868204,0.3151653662522532,0.2777735003225652,-0.45750411856867373,0.21168552376782426,-0.3527149418576492,1.42976848990558,-0.20828533854023437,ordinary,0.5803142144582312,0.05712769137966956
2026-01-10 20:00:00,2026-01-10 21:00:00,38,0.0,0.05263157894736842,1227.0042105263158,38,38,19,25,"[{""sku_id"": ""sku_1001"", ""count"": 9}, {""sku_id"": ""sku_1004"", ""count"": 4}, {""sku_id"": ""sku_1008"", ""count"": 2}]",0.23684210526315788,0.09141274238227141,1.0,1.0,2.0,0.13157894736842105,1.0263157894736843,1.0263157894736843,30.6,1.429434707179573,0.03721941519924992,-0.10634118628357121,0.07082082863904948,-0.05196928483337447,1.0568332669587148,-0.16238076273918522,1.0971124870120343,-0.23099913930706142,1.5950139279102773,0.4368961217872023,0.2775556353988179,-0.11632437181617146,0.21198508803797678,-0.22973183048444495,1.4293055269426171,-0.1952982468912318,ordinary,0.5003021475128505,0.0
2026-01-10 21:00:00,2026-01-10 22:00:00,31,0.03225806451612903,0.0967741935483871,1735.6593548387095,29,29,15,23,"[{""sku_id"": ""sku_1004"", ""count"": 4}, {""sku_id"": ""sku_1012"", ""count"": 2}, {""sku_id"": ""sku_1001"", ""count"": 2}]",0.12903225806451613,0.05723204994797084,1.0,1.0689655172413792,2.066666666666667,0.0967741935483871,1.1612903225806452,1.1612903225806452,21.0,2.0,0.03672338345321817,-0.012758054105968968,0.07006372755300104,0.07631561712967444,1.0568332669587148,-0.16238076273918522,1.0954458203453674,-0.0629662191665418,1.596865779762129,0.5064445812693594,0.27935701384493317,-0.429499302229763,0.21232447817999853,-0.3301436703760327,1.4271908652884817,-0.12884047892911557,legitimate_festive_spike,0.7839471788426419,0.08394717884264188
2026-01-10 22:00:00,2026-01-10 23:00:00,14,0.0,0.0,1769.7335714285714,14,14,10,12,"[{""sku_id"": ""sku_1014"", ""count"": 2}, {""sku_id"": ""sku_1015"", ""count"": 1}, {""sku_id"": ""sku_1007"", ""count"": 1}]",0.14285714285714285,0.0816326530612245,1.0,1.0,1.4,0.14285714285714285,1.0,1.0,6.8,4.381780460041329,0.0371714121270533,-0.10620403464872372,0.06986460369796321,-0.19961315342275204,1.0568332669587148,-0.16238076273918522,1.0964036747514978,-0.22931098263318261,1.6047361501324995,-0.22033253434478886,0.27960591866373047,-0.3907107880188218,0.21263975761714174,-0.19937889931428254,1.4289166053654765,-0.20785700393833725,ordinary,1.5336231610144648,0.0
2026-01-10 23:00:00,2026-01-11 00:00:00,9,0.0,0.0,1493.6277777777777,9,9,7,8,"[{""sku_id"": ""sku_1007"", ""count"": 1}, {""sku_id"": ""sku_1004"", ""count"": 1}, {""sku_id"": ""sku_1019"", ""count"": 1}]",0.1111111111111111,0.1111111111111111,1.0,1.0,1.2857142857142858,0.2222222222222222,1.0,1.0,9.4,-0.18257418583505555,0.0371714121270533,-0.10620403464872372,0.06837650845986797,-0.1953614527424799,1.0568332669587148,-0.16238076273918522,1.0964036747514978,-0.22931098263318261,1.5964028167991662,-0.3346820077280449,0.2791098869176987,-0.4799965023045361,0.21263975761714174,0.02737847030022992,1.4289166053654765,-0.20785700393833725,ordinary,0.021902776240183938,0.021902776240183938
2026-01-11 00:00:00,2026-01-11 01:00:00,4,0.0,0.0,551.425,4,4,4,4,"[{""sku_id"": ""sku_1004"", ""count"": 1}, {""sku_id"": ""sku_1005"", ""count"": 1}, {""sku_id"": ""sku_1024"", ""count"": 1}]",0.25,0.25,1.0,1.0,1.0,0.25,1.0,1.0,4.0,0.0,0.03543530101594219,-0.10124371718840626,0.06837650845986797,-0.1953614527424799,1.0568332669587148,-0.16238076273918522,1.0964036747514978,-0.22931098263318261,1.5983869437832932,-0.645175812357625,0.2754447634609086,-0.07269932417402465,0.21399006625911704,0.10288552497395131,1.4289166053654765,-0.20785700393833725,ordinary,0.08230841997916105,0.08230841997916105
2026-01-11 01:00:00,2026-01-11 02:00:00,4,0.0,0.0,2329.3375,4,4,4,4,"[{""sku_id"": ""sku_1032"", ""count"": 1}, {""sku_id"": ""sku_1048"", ""count"": 1}, {""sku_id"": ""sku_1005"", ""count"": 1}]",0.25,0.25,1.0,1.0,1.0,0.25,1.0,1.0,4.0,0.0,0.03543530101594219,-0.10124371718840626,0.06837650845986797,-0.1953614527424799,1.0568332669587148,-0.16238076273918522,1.0964036747514978,-0.22931098263318261,1.5983869437832932,-0.645175812357625,0.27428735605350124,-0.06939244586714641,0.21514747366652445,0.099578646667073,1.4289166053654765,-0.20785700393833725,ordinary,0.0796629173336584,0.0796629173336584
2026-01-11 02:00:00,2026-01-11 03:00:00,7,0.0,0.14285714285714285,2016.721428571429,7,7,6,7,"[{""sku_id"": ""sku_1012"", ""count"": 1}, {""sku_id"": ""sku_1032"", ""count"": 1}, {""sku_id"": ""sku_1009"", ""count"": 1}]",0.14285714285714285,0.14285714285714285,1.0,1.0,1.1666666666666667,0.14285714285714285,1.0,1.0,2.8,1.6867605906952479,0.03543530101594219,-0.10124371718840626,0.06837650845986797,0.21280181256364253,1.0568332669587148,-0.16238076273918522,1.0964036747514978,-0.22931098263318261,1.5983869437832932,-0.4654772023248731,0.2731299486460938,-0.3722080165398599,0.21399006625911704,-0.20323692400564056,1.4289166053654765,-0.20785700393833725,ordinary,0.8244482005633436,0.2340819938200068
2026-01-11 03:00:00,2026-01-11 04:00:00,5,0.0,0.0,370.314,5,5,4,5,"[{""sku_id"": ""sku_1001"", ""count"": 3}, {""sku_id"": ""sku_1008"", ""count"": 1}, {""sku_id"": ""sku_1005"", ""count"": 1}]",0.6,0.44000000000000006,1.0,1.0,1.25,0.2,1.0,1.0,1.75,6.5,0.03543530101594219,-0.10124371718840626,0.07036063544399494,-0.2010303869828427,1.0568332669587148,-0.16238076273918522,1.0964036747514978,-0.22931098263318261,1.600701758598108,-0.3786574914300566,0.2681696311857763,0.9480867680406392,0.20902974879879957,-0.025799282282284453,1.4289166053654765,-0.20785700393833725,ordinary,3.128278091236575,0.8532780912365753
2026-01-11 04:00:00,2026-01-11 05:00:00,2,0.0,0.0,437.445,2,2,2,2,"[{""sku_id"": ""sku_1002"", ""count"": 1}, {""sku_id"": ""sku_1001"", ""count"": 1}]",0.5,0.5,1.0,1.0,1.0,0.5,1.0,1.0,3.5,-1.0882143751650175,0.03543530101594219,-0.10124371718840626,0.06837650845986797,-0.1953614527424799,1.0568332669587148,-0.16238076273918522,1.0964036747514978,-0.22931098263318261,1.5986184252647746,-0.6458997302762393,0.2725347105508557,0.6499008269975551,0.20585514562419643,0.8404138696451531,1.4289166053654765,-0.20785700393833725,ordinary,1.257241840013922,1.257241840013922
2026-01-11 05:00:00,2026-01-11 06:00:00,4,0.0,0.0,424.08500000000004,4,4,3,4,"[{""sku_id"": ""sku_1004"", ""count"": 1}, {""sku_id"": ""sku_1001"", ""count"": 1}, {""sku_id"": ""sku_1002"", ""count"": 1}]",0.25,0.25,1.0,1.0,1.3333333333333333,0.25,1.0,1.0,2.8333333333333335,0.9979654098963516,0.03543530101594219,-0.10124371718840626,0.06837650845986797,-0.1953614527424799,1.0568332669587148,-0.16238076273918522,1.0964036747514978,-0.22931098263318261,1.5847295363758858,-0.27084566160268453,0.2655902661064113,-0.044543617446889394,0.20585514562419643,0.12612815535943878,1.4289166053654765,-0.20785700393833725,ordinary,0.4501904177512741,0.10090252428755103
2026-01-11 06:00:00,2026-01-11 07:00:00,13,0.0,0.0,1122.303076923077,13,13,12,11,"[{""sku_id"": ""sku_1007"", ""count"": 3}, {""sku_id"": ""sku_1026"", ""count"": 2}, {""sku_id"": ""sku_1001"", ""count"": 2}]",0.23076923076923078,0.13609467455621305,1.0,1.0,1.0833333333333333,0.15384615384615385,1.0,1.0,7.5,1.7480147469502525,0.03543530101594219,-0.10124371718840626,0.06837650845986797,-0.1953614527424799,1.0568332669587148,-0.16238076273918522,1.0964036747514978,-0.22931098263318261,1.5893591660055153,-0.5464280985774536,0.2655902661064113,-0.09948867239194431,0.20585514562419643,-0.14859711936583594,1.4289166053654765,-0.20785700393833725,ordinary,0.6118051614325883,0.0
2026-01-11 07:00:00,2026-01-11 08:00:00,15,0.0,0.0,769.6426666666667,15,15,11,15,"[{""sku_id"": ""sku_1012"", ""count"": 2}, {""sku_id"": ""sku_1001"", ""count"": 2}, {""sku_id"": ""sku_1010"", ""count"": 2}]",0.13333333333333333,0.09333333333333334,1.0,1.0,1.3636363636363635,0.06666666666666667,1.0,1.0,12.833333333333334,0.6016971142604391,0.03543530101594219,-0.10124371718840626,0.06837650845986797,-0.1953614527424799,1.0568332669587148,-0.16238076273918522,1.0964036747514978,-0.22931098263318261,1.5905165734129227,-0.2451788917611504,0.261850949867095,-0.36719319009646195,0.20451967553872633,-0.39386573963445615,1.4289166053654765,-0.20785700393833725,ordinary,0.2105939899911537,0.0
2026-01-11 08:00:00,2026-01-11 09:00:00,21,0.0,0.14285714285714285,1762.3233333333333,19,19,14,15,"[{""sku_id"": ""sku_1001"", ""count"": 4}, {""sku_id"": ""sku_1026"", ""count"": 2}, {""sku_id"": ""sku_1003"", ""count"": 2}]",0.19047619047619047,0.08843537414965984,1.0,1.105263157894737,1.5,0.14285714285714285,1.0952380952380953,1.0952380952380953,14.166666666666666,2.2327498750968413,0.03543530101594219,-0.10124371718840626,0.06837650845986797,0.21280181256364253,1.0568332669587148,-0.16238076273918522,1.0964036747514978,0.021073644655508542,1.593582951479301,-0.10125539746687455,0.2602305794967246,-0.1992982543443833,0.20370949035354113,-0.17386384998970938,1.4289166053654765,-0.16170373104251035,legitimate_festive_spike,1.03661809475941,0.25515563847551537
2026-01-11 09:00:00,2026-01-11 10:00:00,19,0.05263157894736842,0.10526315789473684,1142.26,19,19,14,18,"[{""sku_id"": ""sku_1001"", ""count"": 3}, {""sku_id"": ""sku_1006"", ""count"": 2}, {""sku_id"": ""sku_1007"", ""count"": 2}]",0.15789473684210525,0.09695290858725761,1.0,1.0,1.3571428571428572,0.10526315789473684,1.0,1.0,18.833333333333332,0.031183076921143426,0.03427789360853478,0.052439100968096106,0.07036063544399496,0.09972149271640537,1.0568332669587148,-0.16238076273918522,1.0978656630555914,-0.23287549811072702,1.5958977662941156,-0.2584558623591464,0.26056126732741247,-0.2933329442437349,0.2033788025228533,-0.28033041322318997,1.4302393566882277,-0.2085231134835395,ordinary,0.12060771891044611,0.10969364198804592
2026-01-11 10:00:00,2026-01-11 11:00:00,15,0.0,0.06666666666666667,1013.8233333333334,14,14,12,11,"[{""sku_id"": ""sku_1004"", ""count"": 2}, {""sku_id"": ""sku_1001"", ""count"": 2}, {""sku_id"": ""sku_1010"", ""count"": 2}]",0.13333333333333333,0.09333333333333334,1.0,1.0714285714285714,1.25,0.2,1.0666666666666667,1.0666666666666667,23.5,-3.0241642846004853,0.035008887760581565,-0.10002539360166163,0.07182262374808851,-0.014731305946919555,1.0568332669587148,-0.16238076273918522,1.0978656630555914,-0.06290818136841378,1.5925247504210998,-0.3706165637574664,0.25841397200577504,-0.3573732533498335,0.20397273527139131,-0.011350672203975154,1.4302393566882277,-0.1762119344089195,ordinary,0.0,0.0
2026-01-11 11:00:00,2026-01-11 12:00:00,21,0.0,0.047619047619047616,1501.2271428571428,21,21,14,21,"[{""sku_id"": ""sku_1001"", ""count"": 4}, {""sku_id"": ""sku_1009"", ""count"": 2}, {""sku_id"": ""sku_1005"", ""count"": 2}]",0.19047619047619047,0.0929705215419501,1.0,1.0,1.5,0.047619047619047616,1.0,1.0,21.666666666666668,-0.13533299049019193,0.035008887760581565,-0.10002539360166163,0.07201755552196766,-0.06971002257977156,1.0568332669587148,-0.16238076273918522,1.098857726547655,-0.23532014774039844,1.5895867162330655,-0.09685462046109733,0.25734184724943976,-0.19104473363785512,0.20528852474507553,-0.4504842203600798,1.4311652826141537,-0.20899019783372266,ordinary,0.0,0.0
2026-01-11 12:00:00,2026-01-11 13:00:00,25,0.04,0.04,1522.7144,25,25,17,22,"[{""sku_id"": ""sku_1001"", ""count"": 4}, {""sku_id"": ""sku_1003"", ""count"": 3}, {""sku_id"": ""sku_1002"", ""count"": 2}]",0.16,0.07200000000000002,1.0,1.0,1.4705882352941178,0.08,1.0,1.0,19.166666666666668,1.368608302260106,0.035008887760581565,0.014260320684052674,0.07069480419921634,-0.08769944056918955,1.0568332669587148,-0.16238076273918522,1.098857726547655,-0.23532014774039844,1.584494123640473,-0.12321837594376323,0.2580032229108154,-0.2800092083166154,0.20446180516835594,-0.3556051576238741,1.4306692508681218,-0.2087395766430989,ordinary,0.4790129057910371,0.0
2026-01-11 13:00:00,2026-01-11 14:00:00,25,0.04,0.08,852.3616000000001,25,25,14,19,"[{""sku_id"": ""sku_1001"", ""count"": 6}, {""sku_id"": ""sku_1004"", ""count"": 3}, {""sku_id"": ""sku_1007"", ""count"": 2}]",0.24,0.11040000000000003,1.0,1.0,1.7857142857142858,0.12,1.04,1.04,30.833333333333332,-0.24052852606764052,0.035564443316137125,0.012673019096751077,0.07078739679180894,0.026321723451974463,1.0568332669587148,-0.16238076273918522,1.098857726547655,-0.23532014774039844,1.5804091563202116,0.22212795231412677,0.25698470439229687,-0.04852772683513394,0.20418402739057817,-0.2405257925445091,1.4306692508681218,-0.18935211619893372,ordinary,0.028953895797171912,0.028953895797171912
2026-01-11 14:00:00,2026-01-11 15:00:00,24,0.0,0.08333333333333333,1599.2754166666666,23,23,13,19,"[{""sku_id"": ""sku_1005"", ""count"": 3}, {""sku_id"": ""sku_1006"", ""count"": 2}, {""sku_id"": ""sku_1008"", ""count"": 2}]",0.125,0.06597222222222221,1.0,1.0434782608695652,1.8461538461538463,0.125,1.0416666666666667,1.0416666666666667,33.166666666666664,-0.3012082520999472,0.03611999887169268,-0.10319999677626479,0.06958369308810523,0.03928468641493742,1.0568332669587148,-0.16238076273918522,1.098857726547655,-0.1318248406094014,1.5859799743910294,0.28148900404878113,0.25646001303427224,-0.37560003724077784,0.20430748418070166,-0.2265928119448619,1.430453201485406,-0.18843587666789854,ordinary,0.04321315505643116,0.04321315505643116
2026-01-11 15:00:00,2026-01-11 16:00:00,25,0.04,0.0,1249.0475999999999,25,25,14,17,"[{""sku_id"": ""sku_1002"", ""count"": 4}, {""sku_id"": ""sku_1019"", ""count"": 3}, {""sku_id"": ""sku_1003"", ""count"": 2}]",0.16,0.07840000000000001,1.0,1.0,1.7857142857142858,0.12,1.0,1.0,32.166666666666664,-0.2669808560652962,0.027092221093914896,0.0368793683031003,0.06344943382884596,-0.18128409665384562,1.0383147484401964,-0.1094707098291327,1.0721982167963577,-0.20270210612945497,1.532255920666976,0.3239170203873229,0.25298779081205,-0.2656794023201428,0.20100887306959053,-0.23145392305597298,1.3647124607446652,-0.1826116647499099,ordinary,0.0,0.0
2026-01-11 16:00:00,2026-01-11 17:00:00,28,0.10714285714285714,0.03571428571428571,958.0867857142856,27,27,16,20,"[{""sku_id"": ""sku_1001"", ""count"": 6}, {""sku_id"": ""sku_1016"", ""count"": 2}, {""sku_id"": ""sku_1024"", ""count"": 2}]",0.21428571428571427,0.086734693877551,1.0,1.037037037037037,1.75,0.10714285714285714,1.0714285714285714,1.0714285714285714,20.166666666666668,1.7443336047092326,0.019373544970983456,0.25076946334821054,0.056652743521517356,-0.05982416516351898,1.0156810035842294,-0.044802867383512614,1.037733196220226,-0.001989026237683156,1.470020470931526,0.5167542123623381,0.24737904376713274,-0.09455236994690991,0.19617435770316027,-0.2543757158865804,1.190067070673743,-0.0869883689293948,ordinary,0.6105167616482313,0.0
2026-01-11 17:00:00,2026-01-11 18:00:00,20,0.0,0.1,1077.0529999999999,19,19,13,18,"[{""sku_id"": ""sku_1001"", ""count"": 3}, {""sku_id"": ""sku_1009"", ""count"": 2}, {""sku_id"": ""sku_1010"", ""count"": 2}]",0.15,0.08000000000000002,1.0,1.0526315789473684,1.5384615384615385,0.1,1.05,1.05,22.666666666666668,-0.329578306551501,0.012463707392541228,-0.035610592550117795,0.051657819195197685,0.13812051658514948,1.0,0.0,1.0136060224514754,0.11150158998826575,1.424064588578585,0.3268484282370102,0.2430877923828581,-0.2659651210938803,0.19168700074487308,-0.26196285927106594,1.0300449222795018,0.05701450777285202,ordinary,0.3090457644502118,0.3090457644502118
2026-01-11 18:00:00,2026-01-11 19:00:00,41,0.0,0.12195121951219512,1685.6492682926832,38,38,19,28,"[{""sku_id"": ""sku_1001"", ""count"": 6}, {""sku_id"": ""sku_1002"", ""count"": 5}, {""sku_id"": ""sku_1008"", ""count"": 3}]",0.14634146341463414,0.07198096371207613,1.0,1.0789473684210527,2.1578947368421053,0.0975609756097561,1.0975609756097562,1.0975609756097562,23.833333333333332,2.9542135039270825,0.011832394261228098,-0.033806840746365995,0.053046708084086576,0.19687003265173872,1.0,0.0,1.012948127714633,0.18856925916119888,1.4199691469831435,2.1083588281684627,0.24327718632225206,-0.27695920830747983,0.19118195023982257,-0.26748849894304705,1.0282141141986936,0.1981338897458932,legitimate_festive_spike,1.5976081332493048,0.5636334068748261
2026-01-11 19:00:00,2026-01-11 20:00:00,35,0.0,0.02857142857142857,1408.7437142857143,32,32,16,26,"[{""sku_id"": ""sku_1001"", ""count"": 5}, {""sku_id"": ""sku_1003"", ""count"": 4}, {""sku_id"": ""sku_1004"", ""count"": 3}]",0.14285714285714285,0.06938775510204079,1.0,1.09375,2.1875,0.08571428571428572,1.1714285714285715,1.1714285714285715,28.0,1.3421887304828983,0.011832394261228098,-0.033806840746365995,0.053477848759129684,-0.0711612005362889,1.0,0.0,1.0140446189427033,0.227729660163705,1.419384351661506,2.1946161381099833,0.24278445412220273,-0.28550660361445684,0.19064302439601868,-0.2997963962335228,1.029569127748829,0.4053126962278356,ordinary,1.021745872814988,0.5519798171459736
2026-01-11 20:00:00,2026-01-11 21:00:00,31,0.06451612903225806,0.06451612903225806,1183.4883870967742,31,31,18,20,"[{""sku_id"": ""sku_1001"", ""count"": 4}, {""sku_id"": ""sku_1016"", ""count"": 2}, {""sku_id"": ""sku_1012"", ""count"": 2}]",0.12903225806451613,0.05306971904266389,1.0,1.0,1.7222222222222223,0.0967741935483871,1.096774193548387,1.096774193548387,31.833333333333332,-0.15072826963987054,0.011832394261228098,0.15052495648865705,0.05387467415595508,0.030404156789437097,1.0,0.0,1.0153467022760365,-0.04384772078867576,1.4299250262646805,0.8351348455929766,0.2426852477729964,-0.32472282773851513,0.18975016725316152,-0.26564563915649836,1.0319500801297814,0.18521175262458747,ordinary,0.18161397456805078,0.18161397456805078
2026-01-11 21:00:00,2026-01-11 22:00:00,21,0.047619047619047616,0.047619047619047616,1400.2028571428573,20,20,14,13,"[{""sku_id"": ""sku_1002"", ""count"": 3}, {""sku_id"": ""sku_1001"", ""count"": 3}, {""sku_id"": ""sku_1006"", ""count"": 2}]",0.14285714285714285,0.08390022675736959,1.0,1.05,1.5,0.19047619047619047,1.0952380952380953,1.0952380952380953,22.666666666666668,-0.2752409412815903,0.012294423831120569,0.10092749653693443,0.05390267594806978,-0.01795322379720618,1.0,0.0,1.0148986736022014,0.10028950399371034,1.431622557128878,0.19536412248891974,0.2427412513572258,-0.28538316714309414,0.18979216994133358,0.0019543443853053954,1.032860138373509,0.17822273389881818,ordinary,0.2444311666210092,0.2444311666210092
2026-01-11 22:00:00,2026-01-11 23:00:00,15,0.06666666666666667,0.06666666666666667,1426.2833333333333,14,14,8,13,"[{""sku_id"": ""sku_1001"", ""count"": 2}, {""sku_id"": ""sku_1006"", ""count"": 2}, {""sku_id"": ""sku_1003"", ""count"": 2}]",0.13333333333333333,0.09333333333333334,1.0,1.0714285714285714,1.875,0.2,1.0666666666666667,1.0666666666666667,8.0,2.1300321680756458,0.012955799492496232,0.15345962049762982,0.053833057457398664,0.036667454883622864,1.0,0.0,1.015593118046646,0.15952986680550119,1.4231349028078906,1.2910431348345985,0.24253239588521247,-0.31199732157679755,0.19134118135876604,0.02473948183209705,1.0341828896962604,0.09281079134401793,ordinary,1.0394155445448543,0.29390428571837834
2026-01-11 23:00:00,2026-01-12 00:00:00,8,0.0,0.0,579.97625,8,8,6,8,"[{""sku_id"": ""sku_1003"", ""count"": 2}, {""sku_id"": ""sku_1001"", ""count"": 2}, {""sku_id"": ""sku_1006"", ""count"": 1}]",0.25,0.1875,1.0,1.0,1.3333333333333333,0.125,1.0,1.0,9.333333333333334,-0.6780635036208107,0.013881725418422157,-0.03966207262406331,0.054758983383324585,-0.15645423823807025,1.0,0.0,1.0147333296868577,-0.042095227676736284,1.4323114901094778,-0.2827947336461272,0.24275026080895973,0.02071354054582935,0.19166797874438699,-0.1904799392696771,1.0318408417659772,-0.09097383361707782,ordinary,0.018642186491246417,0.018642186491246417
2026-01-12 01:00:00,2026-01-12 02:00:00,3,0.0,0.3333333333333333,2521.8366666666666,3,3,3,3,"[{""sku_id"": ""sku_1007"", ""count"": 2}, {""sku_id"": ""sku_1032"", ""count"": 1}]",0.6666666666666666,0.5555555555555556,1.0,1.0,1.0,0.3333333333333333,1.0,1.0,4.0,-0.7071067811865475,0.013881725418422157,-0.03966207262406331,0.054758983383324585,0.7959267141428822,1.0,0.0,1.0147333296868577,-0.042095227676736284,1.4349569927549803,-1.2427342650142297,0.24101414969784862,1.2161500484823373,0.19166797874438699,0.40475815596841813,1.0318408417659772,-0.09097383361707782,ordinary,2.293860953966009,2.293860953966009
2026-01-12 03:00:00,2026-01-12 04:00:00,4,0.0,0.0,3925.6949999999997,4,4,3,3,"[{""sku_id"": ""sku_1001"", ""count"": 1}, {""sku_id"": ""sku_1019"", ""count"": 1}, {""sku_id"": ""sku_1014"", ""count"": 1}]",0.25,0.25,1.0,1.0,1.3333333333333333,0.5,1.0,1.0,2.4,1.0550087574332594,0.013881725418422157,-0.03966207262406331,0.05938861301295422,-0.1696817514655835,1.0,0.0,1.0147333296868577,-0.042095227676736284,1.433413782878437,-0.2859441415574393,0.2433289645126634,0.019060101392390307,0.1949087194851277,0.8716893728996353,1.0318408417659772,-0.09097383361707782,ordinary,1.0837586546745004,0.7145055895728596
2026-01-12 05:00:00,2026-01-12 06:00:00,6,0.0,0.0,377.78833333333336,6,6,6,6,"[{""sku_id"": ""sku_1001"", ""count"": 2}, {""sku_id"": ""sku_1003"", ""count"": 1}, {""sku_id"": ""sku_1009"", ""count"": 1}]",0.3333333333333333,0.22222222222222227,1.0,1.0,1.0,0.16666666666666666,1.0,1.0,3.0,2.598076211353316,0.013881725418422157,-0.03966207262406331,0.05938861301295422,-0.1696817514655835,1.0,0.0,1.0147333296868577,-0.042095227676736284,1.4380434125080668,-1.251552607165905,0.2433289645126634,0.25715533948762836,0.1949087194851277,-0.08069157948131726,1.0318408417659772,-0.09097383361707782,ordinary,1.140766479512526,0.23143980553886553
2026-01-12 06:00:00,2026-01-12 07:00:00,2,0.0,0.0,2226.34,2,2,2,2,"[{""sku_id"": ""sku_1011"", ""count"": 1}, {""sku_id"": ""sku_1027"", ""count"": 1}]",0.5,0.5,1.0,1.0,1.0,0.5,1.0,1.0,8.285714285714286,-1.772810520855837,0.013881725418422157,-0.03966207262406331,0.05938861301295422,-0.1696817514655835,1.0,0.0,1.0147333296868577,-0.042095227676736284,1.4380434125080668,-1.251552607165905,0.24332896451266345,0.7333458156781045,0.1925939046703129,0.8783031295133917,1.0318408417659772,-0.09097383361707782,ordinary,1.3626537377210075,1.3626537377210075
2026-01-12 07:00:00,2026-01-12 08:00:00,10,0.0,0.2,989.5939999999998,10,10,8,10,"[{""sku_id"": ""sku_1011"", ""count"": 1}, {""sku_id"": ""sku_1013"", ""count"": 1}, {""sku_id"": ""sku_1046"", ""count"": 1}]",0.1,0.10000000000000003,1.0,1.0,1.25,0.1,1.0,1.0,13.142857142857142,-0.927738899965176,0.013881725418422157,-0.03966207262406331,0.05938861301295422,0.401746819962988,1.0,0.0,1.0147333296868577,-0.042095227676736284,1.4380434125080668,-0.5372668928801908,0.24332896451266345,-0.40951132717903843,0.1925939046703129,-0.2645540133437511,1.0318408417659772,-0.09097383361707782,ordinary,0.4419215019592868,0.4419215019592868
2026-01-12 08:00:00,2026-01-12 09:00:00,20,0.0,0.1,1338.7255,20,20,12,17,"[{""sku_id"": ""sku_1002"", ""count"": 5}, {""sku_id"": ""sku_1011"", ""count"": 2}, {""sku_id"": ""sku_1008"", ""count"": 2}]",0.25,0.11000000000000001,1.0,1.0,1.6666666666666667,0.1,1.0,1.0,15.142857142857142,1.2765967445204853,0.013881725418422157,-0.03966207262406331,0.06216639079073199,0.10809602631219434,1.0,0.0,1.0147333296868577,-0.042095227676736284,1.441515634730289,0.6432886626753648,0.24008822377192265,0.028319360651649562,0.18935316392957213,-0.2552947540844918,1.0318408417659772,-0.09097383361707782,ordinary,0.5912019141120682,0.1443930535298984
2026-01-12 09:00:00,2026-01-12 10:00:00,21,0.0,0.047619047619047616,1679.7938095238098,21,21,13,19,"[{""sku_id"": ""sku_1003"", ""count"": 2}, {""sku_id"": ""sku_1020"", ""count"": 2}, {""sku_id"": ""sku_1002"", ""count"": 2}]",0.09523809523809523,0.07482993197278909,1.0,1.0,1.6153846153846154,0.09523809523809523,1.0,1.0,18.857142857142858,0.4391550328268399,0.013881725418422157,-0.03966207262406331,0.06355527967962088,-0.045532091601637896,1.0,0.0,1.0147333296868577,-0.042095227676736284,1.4507748939895482,0.47031348970019216,0.23661600154970042,-0.40393687517601484,0.1837976083740166,-0.25302718038834676,1.0318408417659772,-0.09097383361707782,ordinary,0.15370426148939395,0.0
2026-01-12 10:00:00,2026-01-12 11:00:00,23,0.0,0.08695652173913043,1792.8995652173917,23,23,14,18,"[{""sku_id"": ""sku_1001"", ""count"": 6}, {""sku_id"": ""sku_1038"", ""count"": 2}, {""sku_id"": ""sku_1012"", ""count"": 2}]",0.2608695652173913,0.11153119092627603,1.0,1.0,1.6428571428571428,0.13043478260869565,1.0,1.0,22.285714285714285,0.17372704602080466,0.013881725418422157,-0.03966207262406331,0.06421665534099655,0.0649710468518111,1.0,0.0,1.0147333296868577,-0.042095227676736284,1.4500626432772976,0.5508414273709863,0.23516097509467399,0.07345311463633518,0.18234258191899014,-0.14830799802941283,1.0318408417659772,-0.09097383361707782,ordinary,0.1983804208169755,0.13757595470969386
2026-01-12 11:00:00,2026-01-12 12:00:00,21,0.047619047619047616,0.047619047619047616,1945.3923809523812,20,21,14,18,"[{""sku_id"": ""sku_1019"", ""count"": 2}, {""sku_id"": ""sku_1006"", ""count"": 2}, {""sku_id"": ""sku_1004"", ""count"": 2}]",0.09523809523809523,0.06575963718820861,0.9523809523809523,1.0,1.5,0.09523809523809523,1.0476190476190477,1.0,21.571428571428573,-0.1268722959391106,0.013881725418422157,0.09639234914464417,0.06403549592070668,-0.04690413800474017,1.0,-0.13605442176870763,1.0147333296868577,-0.042095227676736284,1.455518992483647,0.12708859290386598,0.23600638572269336,-0.4021951156702804,0.18276528723299978,-0.25007769141401304,1.0318408417659772,-0.09097383361707782,ordinary,0.0,0.0
2026-01-12 12:00:00,2026-01-12 13:00:00,21,0.0,0.047619047619047616,1163.2561904761903,21,21,11,16,"[{""sku_id"": ""sku_1004"", ""count"": 2}, {""sku_id"": ""sku_1014"", ""count"": 2}, {""sku_id"": ""sku_1007"", ""count"": 1}]",0.09523809523809523,0.05668934240362811,1.0,1.0,1.9090909090909092,0.19047619047619047,1.0,1.0,20.0,0.22360679774997896,0.013617175153871893,-0.03890621472534827,0.06377094565615643,-0.04614828010602519,0.9993386243386245,0.0018896447467870686,1.0147333296868577,-0.042095227676736284,1.4589912147058692,1.2859991268144,0.2345513592676669,-0.39803789722734767,0.1822361867038993,0.02354286792083192,1.0318408417659772,-0.09097383361707782,ordinary,0.09879735382126653,0.0205349746087739
2026-01-12 13:00:00,2026-01-12 14:00:00,30,0.03333333333333333,0.06666666666666667,1624.368,28,28,16,18,"[{""sku_id"": ""sku_1001"", ""count"": 5}, {""sku_id"": ""sku_1005"", ""count"": 2}, {""sku_id"": ""sku_1041"", ""count"": 2}]",0.16666666666666666,0.06888888888888886,1.0,1.0714285714285714,1.875,0.1,1.1,1.1,30.0,0.0,0.013617175153871893,0.05633188051274698,0.062239338861391734,0.012649508015071234,0.9993386243386245,0.0018896447467870686,1.0147333296868577,0.16198640497632485,1.4652072209218752,1.1708365116517854,0.2344121222863246,-0.19355844462759414,0.18341970104530836,-0.2383420029865953,1.0318408417659772,0.19474045209720817,ordinary,0.33339390574277816,0.33339390574277816
2026-01-12 14:00:00,2026-01-12 15:00:00,18,0.0,0.05555555555555555,1086.0255555555555,18,18,11,16,"[{""sku_id"": ""sku_1013"", ""count"": 2}, {""sku_id"": ""sku_1005"", ""count"": 2}, {""sku_id"": ""sku_1009"", ""count"": 1}]",0.1111111111111111,0.06790123456790123,1.0,1.0,1.6363636363636365,0.1111111111111111,1.0,1.0,31.857142857142858,-0.4949580889401901,0.014080138116834855,-0.04022896604809959,0.06177637589842877,-0.017773772408209196,0.9993386243386245,0.0018896447467870686,1.0157253931789212,-0.044929694796917684,1.4727303690700235,0.46752362083889415,0.23464360376780607,-0.3529499790191285,0.18341970104530836,-0.2065959712405636,1.033229730654866,-0.09494208758533114,ordinary,0.0017006802721083619,0.0017006802721083619
2026-01-12 15:00:00,2026-01-12 16:00:00,26,0.0,0.07692307692307693,1446.396923076923,26,26,15,21,"[{""sku_id"": ""sku_1004"", ""count"": 4}, {""sku_id"": ""sku_1003"", ""count"": 3}, {""sku_id"": ""sku_1002"", ""count"": 3}]",0.15384615384615385,0.08284023668639054,1.0,1.0,1.7333333333333334,0.07692307692307693,1.0,1.0,31.142857142857142,-0.20860307707689468,0.014080138116834855,-0.04022896604809959,0.061159091947811474,0.04503995707218701,0.9993386243386245,0.0018896447467870686,1.0157253931789212,-0.044929694796917684,1.4769391232787776,0.7325548858701594,0.23479792475546044,-0.23129077402659023,0.18357402203296266,-0.304716986028245,1.0325352862104216,-0.09295796060120448,ordinary,0.051244633051514075,0.051244633051514075
2026-01-12 16:00:00,2026-01-12 17:00:00,19,0.0,0.05263157894736842,2579.3289473684213,19,19,15,17,"[{""sku_id"": ""sku_1003"", ""count"": 2}, {""sku_id"": ""sku_1022"", ""count"": 2}, {""sku_id"": ""sku_1005"", ""count"": 2}]",0.10526315789473684,0.07479224376731301,1.0,1.0,1.2666666666666666,0.10526315789473684,1.0,1.0,21.285714285714285,-0.4520062575049411,0.01315421219090893,-0.037583463402596946,0.059449690238409784,-0.019480317974403905,0.9993386243386245,0.0018896447467870686,1.0157253931789212,-0.044929694796917684,1.4820738034134577,-0.6154489621336889,0.2341568991144348,-0.3682678320562799,0.18279054624948687,-0.2215068238707144,1.0325352862104216,-0.09295796060120448,ordinary,0.0017006802721083619,0.0017006802721083619
2026-01-12 17:00:00,2026-01-12 18:00:00,15,0.0,0.0,1074.904,15,15,12,13,"[{""sku_id"": ""sku_1034"", ""count"": 3}, {""sku_id"": ""sku_1001"", ""count"": 2}, {""sku_id"": ""sku_1015"", ""count"": 2}]",0.2,0.12000000000000002,1.0,1.0,1.25,0.13333333333333333,1.0,1.0,22.285714285714285,-0.9773415342021845,0.01315421219090893,-0.037583463402596946,0.06018068439045657,-0.17194481254416163,0.9993386243386245,0.0018896447467870686,1.0150640175175454,-0.04304005005012966,1.4778409991806536,-0.650974283373296,0.23372494802458896,-0.09635699435596842,0.18235859515964106,-0.14007217664659352,1.0319039730791084,-0.09115420879745262,ordinary,0.0017006802721083619,0.0017006802721083619
2026-01-12 18:00:00,2026-01-12 19:00:00,23,0.0,0.0,1080.4399999999996,22,22,13,21,"[{""sku_id"": ""sku_1002"", ""count"": 4}, {""sku_id"": ""sku_1010"", ""count"": 3}, {""sku_id"": ""sku_1015"", ""count"": 2}]",0.17391304347826086,0.09262759924385636,1.0,1.0454545454545454,1.7692307692307692,0.08695652173913043,1.0869565217391304,1.0869565217391304,26.285714285714285,-0.39205178291172377,0.01315421219090893,-0.037583463402596946,0.05948623994601211,-0.16996068556003463,0.9993386243386245,0.0018896447467870686,1.0143330233654986,0.08891863454013382,1.4738345889242435,0.8439890865900734,0.23372494802458896,-0.1708911558466517,0.18282155812260403,-0.27390010395278175,1.0305150841902195,0.1612612501397453,ordinary,0.21962831492403845,0.21962831492403845
2026-01-12 19:00:00,2026-01-12 20:00:00,34,0.029411764705882353,0.08823529411764706,1435.6626470588233,33,33,20,23,"[{""sku_id"": ""sku_1001"", ""count"": 8}, {""sku_id"": ""sku_1002"", ""count"": 2}, {""sku_id"": ""sku_1012"", ""count"": 2}]",0.23529411764705882,0.0916955017301038,1.0,1.0303030303030303,1.7,0.08823529411764706,1.0588235294117647,1.0294117647058822,29.0,0.9179850920431568,0.01263980889872786,0.04791987373472713,0.05948623994601211,0.08214015477609987,0.9993386243386245,0.0018896447467870686,1.0149643364968117,0.04382483944633872,1.4716215242111785,0.6525099308252041,0.23253958391651952,0.007870096372969426,0.18248607771465986,-0.2692879531343223,1.0317228136588188,-0.00660299700839013,ordinary,0.4642575589229343,0.14296277670782942
2026-01-12 20:00:00,2026-01-12 21:00:00,25,0.0,0.16,1550.4912,25,25,16,18,"[{""sku_id"": ""sku_1002"", ""count"": 4}, {""sku_id"": ""sku_1001"", ""count"": 3}, {""sku_id"": ""sku_1015"", ""count"": 2}]",0.16,0.07200000000000002,1.0,1.0,1.5625,0.16,1.08,1.08,31.714285714285715,-1.327768381420765,0.013048305630754004,-0.03728087323072573,0.056923851354211755,0.2945032818451093,0.9993386243386245,0.0018896447467870686,1.0147238362563114,-0.042068103589461,1.4734072384968928,0.2545507471517348,0.23391361837878927,-0.21118176679654077,0.182448941648112,-0.06413983328032002,1.0308686841282186,0.14037518820508982,ordinary,0.4379544408658005,0.4379544408658005
2026-01-12 21:00:00,2026-01-12 22:00:00,17,0.0,0.058823529411764705,1626.539411764706,17,17,13,14,"[{""sku_id"": ""sku_1007"", ""count"": 3}, {""sku_id"": ""sku_1003"", ""count"": 3}, {""sku_id"": ""sku_1001"", ""count"": 3}]",0.17647058823529413,0.12110726643598617,1.0,1.0,1.3076923076923077,0.17647058823529413,1.0588235294117647,1.0588235294117647,22.428571428571427,-0.9757499229248813,0.013048305630754004,-0.03728087323072573,0.05815401008437049,0.0019129123639834752,0.9993386243386245,0.0018896447467870686,1.0147238362563114,-0.042068103589461,1.478904923682078,-0.48917890282791493,0.23415171361688453,-0.1648032153759726,0.18169497339414376,-0.014926814739570362,1.0309877317472662,0.07953085046999574,ordinary,0.06742956424848678,0.06742956424848678
2026-01-12 22:00:00,2026-01-12 23:00:00,12,0.0,0.0,2505.973333333333,12,12,9,11,"[{""sku_id"": ""sku_1001"", ""count"": 3}, {""sku_id"": ""sku_1035"", ""count"": 2}, {""sku_id"": ""sku_1031"", ""count"": 1}]",0.25,0.13888888888888887,1.0,1.0,1.3333333333333333,0.16666666666666666,1.0,1.0,9.0,0.75,0.013048305630754004,-0.03728087323072573,0.058971003548422773,-0.16848858156692223,0.9993386243386245,0.0018896447467870686,1.0147238362563114,-0.042068103589461,1.479973299750454,-0.41897133262034497,0.2339985273423747,0.04571849330750087,0.1824098426751895,-0.04498050288149385,1.0318047252113185,-0.09087064346090999,ordinary,0.30534732424885913,0.04284732424885915
2026-01-12 23:00:00,2026-01-13 00:00:00,7,0.0,0.0,577.8628571428573,7,7,6,7,"[{""sku_id"": ""sku_1001"", ""count"": 2}, {""sku_id"": ""sku_1011"", ""count"": 1}, {""sku_id"": ""sku_1002"", ""count"": 1}]",0.2857142857142857,0.18367346938775508,1.0,1.0,1.1666666666666667,0.14285714285714285,1.0,1.0,9.142857142857142,-1.1493212495372929,0.013048305630754004,-0.03728087323072573,0.05850804058545981,-0.1671658302441709,0.9993386243386245,0.0018896447467870686,1.0131806263797685,-0.0376589325136242,1.4707140404911947,-0.8687067823557942,0.23608186067570808,0.14180692868165035,0.18333576860111545,-0.11565321641135028,1.0299528733594665,-0.0855796381699043,ordinary,0.12932691608559369,0.12932691608559369
2026-01-13 00:00:00,2026-01-13 01:00:00,4,0.0,0.0,674.5675,4,4,4,4,"[{""sku_id"": ""sku_1004"", ""count"": 2}, {""sku_id"": ""sku_1001"", ""count"": 1}, {""sku_id"": ""sku_1025"", ""count"": 1}]",0.5,0.375,1.0,1.0,1.0,0.25,1.0,1.0,4.0,0.0,0.01251411759656597,-0.0357546217044742,0.05797385255127178,-0.16563957871791937,0.9993386243386245,0.0018896447467870686,1.0126250708242128,-0.03607163092632236,1.464348299750454,-1.3267094278584401,0.2379133625072099,0.7488189642651146,0.18371733148267833,0.18937905290663337,1.0288844972910904,-0.08252713511740126,ordinary,0.8271409904360183,0.8271409904360183
2026-01-13 01:00:00,2026-01-13 02:00:00,3,0.0,0.3333333333333333,623.6533333333333,3,3,3,3,"[{""sku_id"": ""sku_1004"", ""count"": 2}, {""sku_id"": ""sku_1020"", ""count"": 1}]",0.6666666666666666,0.5555555555555556,1.0,1.0,1.0,0.3333333333333333,1.0,1.0,3.857142857142857,-0.6371930928643098,0.011819673152121525,-0.03377049472034722,0.05797385255127178,0.786741373663033,0.9993386243386245,0.0018896447467870686,1.0126250708242128,-0.03607163092632236,1.458395918798073,-1.3097026251373518,0.24277447361832102,1.2111205515667016,0.1851062203715672,0.42350603703361744,1.0288844972910904,-0.08252713511740126,ordinary,2.29592951733837,2.29592951733837
2026-01-13 02:00:00,2026-01-13 03:00:00,1,0.0,0.0,200.62,1,1,1,1,"[{""sku_id"": ""sku_1009"", ""count"": 1}]",1.0,1.0,1.0,1.0,1.0,1.0,1.0,1.0,3.5,-0.889460083706025,0.011819673152121525,-0.03377049472034722,0.06260348218090142,-0.17886709194543265,0.9993386243386245,0.0018896447467870686,1.0126250708242128,-0.03607163092632236,1.458395918798073,-1.3097026251373518,0.2460813519251993,2.1540532802137164,0.18775172301706988,2.3207093628083717,1.0269003703069635,-0.07685820087703847,ordinary,3.796916122711151,3.796916122711151
2026-01-13 03:00:00,2026-01-13 04:00:00,1,0.0,0.0,372.67,1,1,1,1,"[{""sku_id"": ""sku_1006"", ""count"": 1}]",1.0,1.0,1.0,1.0,1.0,1.0,1.0,1.0,2.6666666666666665,-1.107018606925119,0.011819673152121525,-0.03377049472034722,0.06121459329201252,-0.17489883797717864,0.9993386243386245,0.0018896447467870686,1.0126250708242128,-0.03607163092632236,1.45685270892153,-1.3052934540615142,0.2571924630363104,2.122307248467685,0.20025172301706987,2.284995077094086,1.0269003703069635,-0.07685820087703847,ordinary,3.739773265568294,3.739773265568294
2026-01-13 05:00:00,2026-01-13 06:00:00,3,0.0,0.3333333333333333,1311.7099999999998,3,3,3,3,"[{""sku_id"": ""sku_1005"", ""count"": 1}, {""sku_id"": ""sku_1043"", ""count"": 1}, {""sku_id"": ""sku_1003"", ""count"": 1}]",0.3333333333333333,0.3333333333333333,1.0,1.0,1.0,0.3333333333333333,1.0,1.0,3.375,-0.2490138028619057,0.011819673152121525,-0.03377049472034722,0.06121459329201252,0.7774821144037738,0.9993386243386245,0.0018896447467870686,1.0126250708242128,-0.03607163092632236,1.45685270892153,-1.3052934540615142,0.2683035741474215,0.18579931195974803,0.21136283412818097,0.3484871405861496,1.0241225925291857,-0.06892169294053056,ordinary,1.3029400993489526,1.3029400993489526
2026-01-13 06:00:00,2026-01-13 07:00:00,10,0.1,0.1,1796.3740000000003,10,10,9,9,"[{""sku_id"": ""sku_1003"", ""count"": 1}, {""sku_id"": ""sku_1006"", ""count"": 1}, {""sku_id"": ""sku_1012"", ""count"": 1}]",0.1,0.10000000000000003,1.0,1.0,1.1111111111111112,0.2,1.0,1.0,7.5,0.6306562238868912,0.011819673152121525,0.25194379099393854,0.06584422292164215,0.0975879345095939,0.9993386243386245,0.0018896447467870686,1.0126250708242128,-0.03607163092632236,1.454074931143752,-0.9798966286646881,0.26598875933260674,-0.47425359809316214,0.21136283412818097,-0.0324652403662313,1.0241225925291857,-0.06892169294053056,ordinary,0.3297770865930736,0.10904740823266165
2026-01-13 07:00:00,2026-01-13 08:00:00,10,0.0,0.1,2176.3100000000004,10,10,9,10,"[{""sku_id"": ""sku_1001"", ""count"": 2}, {""sku_id"": ""sku_1003"", ""count"": 1}, {""sku_id"": ""sku_1018"", ""count"": 1}]",0.2,0.12000000000000002,1.0,1.0,1.1111111111111112,0.1,1.0,1.0,12.75,-0.8264771721766018,0.013208562041010414,-0.037738748688601186,0.06723311181053103,0.09361968054133994,0.9993386243386245,0.0018896447467870686,1.0126250708242128,-0.03607163092632236,1.4556181410202953,-0.9843057997405261,0.25348875933260673,-0.15282502666459064,0.20025172301706987,-0.28643349433448534,1.0241225925291857,-0.06892169294053056,ordinary,0.1046823288675823,0.1046823288675823
2026-01-13 08:00:00,2026-01-13 09:00:00,9,0.1111111111111111,0.0,3031.752222222223,9,9,7,8,"[{""sku_id"": ""sku_1022"", ""count"": 1}, {""sku_id"": ""sku_1017"", ""count"": 1}, {""sku_id"": ""sku_1041"", ""count"": 1}]",0.1111111111111111,0.1111111111111111,1.0,1.0,1.2857142857142858,0.2222222222222222,1.0,1.0,15.75,-1.7224576816619557,0.013208562041010414,0.2797215687717163,0.06862200069941993,-0.1960628591411998,0.9993386243386245,0.0018896447467870686,1.0126250708242128,-0.03607163092632236,1.4571613508968386,-0.48984875766443664,0.24932209266594002,-0.3948885187280826,0.1946961674615143,0.07864587074487975,1.0241225925291857,-0.06892169294053056,ordinary,0.06461737686801217,0.06461737686801217
2026-01-13 09:00:00,2026-01-13 10:00:00,21,0.0,0.0,937.5742857142856,21,21,13,16,"[{""sku_id"": ""sku_1002"", ""count"": 3}, {""sku_id"": ""sku_1015"", ""count"": 2}, {""sku_id"": ""sku_1003"", ""count"": 2}]",0.14285714285714285,0.08390022675736959,1.0,1.0,1.6153846153846154,0.14285714285714285,1.0,1.0,19.125,0.40933261718236147,0.014751771917553622,-0.04214791976443892,0.0639923710697903,-0.1828353459136866,0.9993386243386245,0.0018896447467870686,1.0126250708242128,-0.03607163092632236,1.4611296048650924,0.4407286014843516,0.24623567291285361,-0.2953672287306022,0.19315295758497109,-0.14370232779379497,1.0241225925291857,-0.06892169294053056,ordinary,0.14496709628593488,0.0017006802721083619
2026-01-13 10:00:00,2026-01-13 11:00:00,21,0.0,0.0,1340.0261904761905,21,21,14,17,"[{""sku_id"": ""sku_1002"", ""count"": 4}, {""sku_id"": ""sku_1027"", ""count"": 2}, {""sku_id"": ""sku_1050"", ""count"": 2}]",0.19047619047619047,0.08390022675736959,1.0,1.0,1.5,0.09523809523809523,1.0,1.0,22.375,-0.360427489878509,0.014751771917553622,-0.04214791976443892,0.0639923710697903,-0.1828353459136866,0.9993386243386245,0.0018896447467870686,1.0126250708242128,-0.03607163092632236,1.4696766134121009,0.0866382473939975,0.23433091100809175,-0.12529920151971796,0.1812481956802092,-0.24574314412032564,1.0241225925291857,-0.06892169294053056,ordinary,0.0017006802721083619,0.0017006802721083619
2026-01-13 11:00:00,2026-01-13 12:00:00,19,0.05263157894736842,0.05263157894736842,757.6857894736843,18,18,13,15,"[{""sku_id"": ""sku_1002"", ""count"": 2}, {""sku_id"": ""sku_1006"", ""count"": 2}, {""sku_id"": ""sku_1001"", ""count"": 2}]",0.10526315789473684,0.08033240997229917,1.0,1.0555555555555556,1.4615384615384615,0.15789473684210525,1.0526315789473684,1.0526315789473684,21.5,-0.5988376719755106,0.013208562041010412,0.11263719116102289,0.06090595131670388,-0.02364106391238703,0.9993386243386245,0.0018896447467870686,1.0126250708242128,0.12265852780383645,1.4696766134121009,-0.023251862496112632,0.233889993900508,-0.36750524573077475,0.18102773712641732,-0.06609428652660589,1.0241225925291857,0.08145424690909335,ordinary,0.18952260560321949,0.18952260560321949
2026-01-13 12:00:00,2026-01-13 13:00:00,15,0.0,0.13333333333333333,1420.875333333333,15,15,12,14,"[{""sku_id"": ""sku_1001"", ""count"": 3}, {""sku_id"": ""sku_1008"", ""count"": 2}, {""sku_id"": ""sku_1009"", ""count"": 2}]",0.2,0.12000000000000002,1.0,1.0,1.25,0.13333333333333333,1.1333333333333333,1.1333333333333333,20.125,-1.2333167965203065,0.013939556193057194,-0.039827303408734846,0.06163694546875066,0.20484682247023622,0.9993386243386245,0.0018896447467870686,1.0133966757624844,-0.038276216464241085,1.4701344888699763,-0.6289556824856467,0.2332686488712682,-0.09505328248933767,0.18183183069366876,-0.1385671353152441,1.0248535866812325,0.3099421332917166,ordinary,0.4749858916227415,0.4749858916227415
2026-01-13 13:00:00,2026-01-13 14:00:00,28,0.0,0.14285714285714285,1158.8342857142857,26,26,16,20,"[{""sku_id"": ""sku_1001"", ""count"": 5}, {""sku_id"": ""sku_1042"", ""count"": 2}, {""sku_id"": ""sku_1012"", ""count"": 2}]",0.17857142857142858,0.0739795918367347,1.0,1.0769230769230769,1.75,0.10714285714285714,1.1428571428571428,1.1428571428571428,30.0,-0.09709587750058922,0.013939556193057194,-0.039827303408734846,0.06275780316855574,0.22885525625310604,0.9993386243386245,0.0018896447467870686,1.0133966757624844,0.18150400331597857,1.4655048592403468,0.8128432593132949,0.23458443834495238,-0.1600371707814966,0.18222169424142703,-0.21451096313877116,1.0267054385330843,0.33186201235445295,ordinary,0.7004350753500659,0.7004350753500659
2026-01-13 14:00:00,2026-01-13 15:00:00,24,0.041666666666666664,0.08333333333333333,1578.1604166666666,23,23,13,19,"[{""sku_id"": ""sku_1008"", ""count"": 2}, {""sku_id"": ""sku_1014"", ""count"": 2}, {""sku_id"": ""sku_1006"", ""count"": 2}]",0.08333333333333333,0.05555555555555556,1.0,1.0434782608695652,1.8461538461538463,0.125,1.0833333333333333,1.0416666666666667,30.125,-0.23219433554521968,0.013939556193057194,0.07922031563888421,0.06424589840665097,0.054535528361949595,0.9993386243386245,0.0018896447467870686,1.0144650518308604,0.08289488296772785,1.4638844888699765,1.0921981636681994,0.23458443834495243,-0.4321460143189117,0.18271772598745878,-0.1649077885355965,1.0286895655172112,0.03707743185558713,ordinary,0.17424658992245046,0.17424658992245046
2026-01-13 15:00:00,2026-01-13 16:00:00,24,0.041666666666666664,0.0,925.2787500000001,23,23,16,18,"[{""sku_id"": ""sku_1004"", ""count"": 4}, {""sku_id"": ""sku_1009"", ""count"": 3}, {""sku_id"": ""sku_1007"", ""count"": 2}]",0.16666666666666666,0.08680555555555551,1.0,1.0434782608695652,1.5,0.125,1.0416666666666667,1.0416666666666667,30.5,-0.2838764362582254,0.013962704341205346,0.07915417807274662,0.06429219470294728,-0.18369198486556368,0.9993386243386245,0.0018896447467870686,1.01506891656516,0.08116955515544319,1.4678241256221132,0.09193106965110523,0.23407517908569314,-0.1925957497686471,0.1833427259874588,-0.16669350282131085,1.029268269220915,0.03542399270214793,ordinary,0.1112094295892699,0.1112094295892699
2026-01-13 16:00:00,2026-01-13 17:00:00,22,0.0,0.0,1938.557272727273,22,22,12,18,"[{""sku_id"": ""sku_1010"", ""count"": 3}, {""sku_id"": ""sku_1003"", ""count"": 3}, {""sku_id"": ""sku_1038"", ""count"": 2}]",0.13636363636363635,0.0826446280991735,1.0,1.0,1.8333333333333333,0.09090909090909091,1.0454545454545454,1.0,21.0,0.21048467276349228,0.014541408044909047,-0.041546880128311564,0.06347520123889498,-0.18135771782541424,0.9993386243386245,0.0018896447467870686,1.0156727812994595,-0.044779375141312805,1.4689815330295208,1.0410051437251784,0.23312202004429883,-0.2764525248018928,0.18262785670641304,-0.2620536165637775,1.0290299794605664,-0.08294279845876115,ordinary,0.07537031573933066,0.0017006802721083619
2026-01-13 17:00:00,2026-01-13 18:00:00,23,0.043478260869565216,0.043478260869565216,1310.7947826086954,22,22,16,21,"[{""sku_id"": ""sku_1002"", ""count"": 3}, {""sku_id"": ""sku_1014"", ""count"": 2}, {""sku_id"": ""sku_1001"", ""count"": 2}]",0.13043478260869565,0.06994328922495274,1.0,1.0454545454545454,1.4375,0.13043478260869565,1.0869565217391304,1.0869565217391304,21.375,0.22058807399228886,0.014541408044909047,0.08267672235616048,0.06347520123889498,-0.05713411534094219,0.9993386243386245,0.0018896447467870686,1.0156727812994595,0.08509075472881696,1.4741453506933384,-0.10470100198096688,0.2313609886780043,-0.2883605887694533,0.18169750051289896,-0.14646490829772374,1.0290299794605664,0.1655044065101828,ordinary,0.29640078610637266,0.21919496020907156
2026-01-13 18:00:00,2026-01-13 19:00:00,29,0.0,0.034482758620689655,1195.0800000000002,27,27,15,21,"[{""sku_id"": ""sku_1001"", ""count"": 5}, {""sku_id"": ""sku_1008"", ""count"": 4}, {""sku_id"": ""sku_1002"", ""count"": 3}]",0.1724137931034483,0.09393579072532698,1.0,1.0740740740740742,1.9333333333333333,0.10344827586206896,1.103448275862069,1.103448275862069,25.875,0.3983120025897043,0.015145272779208565,-0.04327220794059591,0.06334807182114771,-0.08247232342988017,0.9993386243386245,0.0018896447467870686,1.015532489492501,0.167261670233066,1.4738114831719709,1.3129195718896072,0.2309796004247625,-0.1673308780608978,0.18058511810761038,-0.22039097784440406,1.0295067147771189,0.21126160309985742,ordinary,0.4773808338914568,0.33797163298506033
2026-01-13 19:00:00,2026-01-13 20:00:00,28,0.0,0.03571428571428571,971.0646428571429,27,27,13,19,"[{""sku_id"": ""sku_1001"", ""count"": 5}, {""sku_id"": ""sku_1017"", ""count"": 2}, {""sku_id"": ""sku_1025"", ""count"": 2}]",0.17857142857142858,0.07653061224489796,1.0,1.037037037037037,2.1538461538461537,0.10714285714285714,1.0714285714285714,1.0714285714285714,29.625,-0.304104710250841,0.015145272779208565,-0.04327220794059591,0.06301000556016056,-0.07798777098821387,0.9993386243386245,0.0018896447467870686,1.016561296076863,0.0585021170290683,1.4837982556587432,1.9144225662497445,0.23010626258387903,-0.1472423828927156,0.1812049062527535,-0.21160585459970394,1.0293095094582094,0.12034017705817707,ordinary,0.15647493894771833,0.15647493894771833
2026-01-13 20:00:00,2026-01-13 21:00:00,29,0.0,0.10344827586206896,1036.7006896551725,29,29,17,19,"[{""sku_id"": ""sku_1007"", ""count"": 4}, {""sku_id"": ""sku_1001"", ""count"": 2}, {""sku_id"": ""sku_1005"", ""count"": 2}]",0.13793103448275862,0.06302021403091557,1.0,1.0,1.7058823529411764,0.20689655172413793,1.0344827586206897,1.0344827586206897,30.875,-0.3572007174684118,0.015145272779208565,-0.04327220794059591,0.06183937063952564,0.11888258635012379,0.9993386243386245,0.0018896447467870686,1.0170756993690442,-0.048787712482983386,1.4870033838638714,0.6253684830780143,0.23091975464737105,-0.26568205761317837,0.18102633482418204,0.07391490542844541,1.0297460173947175,0.013533546359920656,ordinary,0.20243028668793742,0.20243028668793742
2026-01-13 21:00:00,2026-01-13 22:00:00,21,0.047619047619047616,0.14285714285714285,1042.8804761904762,21,21,10,15,"[{""sku_id"": ""sku_1001"", ""count"": 6}, {""sku_id"": ""sku_1002"", ""count"": 2}, {""sku_id"": ""sku_1017"", ""count"": 2}]",0.2857142857142857,0.1292517006802721,1.0,1.0,2.1,0.14285714285714285,1.0476190476190477,1.0476190476190477,21.75,-0.13644420572745383,0.014630869487027496,0.0942519375200575,0.06327615224872103,0.22737425888120522,0.9993386243386245,0.0018896447467870686,1.0170756993690442,-0.048787712482983386,1.488637370791976,1.7467503691657833,0.22974904370654517,0.15990069145068725,0.1828710914582107,-0.11432556743162245,1.0302249445977827,0.04969743720361424,ordinary,0.435480937109944,0.435480937109944
2026-01-13 22:00:00,2026-01-13 23:00:00,11,0.0,0.0,1796.8063636363638,11,11,10,8,"[{""sku_id"": ""sku_1004"", ""count"": 2}, {""sku_id"": ""sku_1028"", ""count"": 2}, {""sku_id"": ""sku_1002"", ""count"": 2}]",0.18181818181818182,0.14049586776859505,1.0,1.0,1.1,0.2727272727272727,1.0909090909090908,1.0909090909090908,9.375,0.42183913416647356,0.015292245148403157,-0.0436921289954376,0.06300802698059577,-0.18002293423027363,0.9993386243386245,0.0018896447467870686,1.0170756993690442,-0.048787712482983386,1.4907572538329117,-1.1164492966654618,0.2310896700471715,-0.14077568065425627,0.18335371694083621,0.2553530165326757,1.0308863202591585,0.17149363042837812,ordinary,0.4908216947992172,0.3431779978409515
2026-01-13 23:00:00,2026-01-14 00:00:00,6,0.0,0.3333333333333333,830.6099999999998,6,6,6,6,"[{""sku_id"": ""sku_1003"", ""count"": 2}, {""sku_id"": ""sku_1002"", ""count"": 1}, {""sku_id"": ""sku_1040"", ""count"": 1}]",0.3333333333333333,0.22222222222222227,1.0,1.0,1.0,0.16666666666666666,1.0,1.0,8.875,-1.5251245933121753,0.014844216474568033,-0.04241204707019438,0.06211196963292552,0.7749181820011651,0.9993386243386245,0.0018896447467870686,1.0166127364060813,-0.04746496116023228,1.4807082342250686,-1.3734520977859104,0.23092675052941328,0.29259023658262867,0.18579750970720962,-0.05465955154440848,1.0317009178479495,-0.09057405099414138,ordinary,1.117441893397756,1.117441893397756
2026-01-14 00:00:00,2026-01-14 01:00:00,6,0.0,0.16666666666666666,1253.2,6,6,4,6,"[{""sku_id"": ""sku_1044"", ""count"": 1}, {""sku_id"": ""sku_1017"", ""count"": 1}, {""sku_id"": ""sku_1001"", ""count"": 1}]",0.16666666666666666,0.16666666666666669,1.0,1.0,1.5,0.16666666666666666,1.0,1.0,4.0,3.464101615137755,0.014435719742541887,-0.04124491355011968,0.06551610906647672,0.28900159314339985,0.9993386243386245,0.0018896447467870686,1.0166127364060813,-0.04746496116023228,1.4683625552127229,0.09039269939222043,0.23392239323093833,-0.19215921875506192,0.186886834325946,-0.057771907597940965,1.0317009178479495,-0.09057405099414138,ordinary,1.622430697420283,0.4099951321220687
2026-01-14 01:00:00,2026-01-14 02:00:00,8,0.0,0.125,1468.4362500000002,8,8,7,7,"[{""sku_id"": ""sku_1011"", ""count"": 1}, {""sku_id"": ""sku_1014"", ""count"": 1}, {""sku_id"": ""sku_1005"", ""count"": 1}]",0.125,0.125,1.0,1.0,1.1428571428571428,0.25,1.0,1.0,3.75,3.3158053648233494,0.014435719742541887,-0.04124491355011968,0.06709992972924475,0.16542877220215788,0.9993386243386245,0.0018896447467870686,1.0166127364060813,-0.04746496116023228,1.4614181107682784,-0.9101741940318162,0.23294773436154262,-0.30842209817583605,0.18737416376064384,0.17893096068387476,1.031335420771926,-0.08952977363407452,ordinary,1.487348975929754,0.3268170982415819
2026-01-14 02:00:00,2026-01-14 03:00:00,7,0.0,0.0,768.3142857142858,7,7,5,6,"[{""sku_id"": ""sku_1001"", ""count"": 2}, {""sku_id"": ""sku_1002"", ""count"": 1}, {""sku_id"": ""sku_1007"", ""count"": 1}]",0.2857142857142857,0.18367346938775508,1.0,1.0,1.4,0.2857142857142857,1.0,1.0,3.142857142857143,1.4106703728436798,0.013987691068706763,-0.03996483162487647,0.06749195481885048,-0.1928341566252871,0.9993386243386245,0.0018896447467870686,1.015654881999951,-0.04472823428557403,1.4485874229375906,-0.13882120839311618,0.23289173077731323,0.15092158553420706,0.1895022999613607,0.2748913878655,1.0290952774027504,-0.08312936400785835,ordinary,0.8511778480405826,0.35744321754529473
2026-01-14 03:00:00,2026-01-14 04:00:00,3,0.0,0.0,3634.4500000000003,3,3,3,3,"[{""sku_id"": ""sku_1004"", ""count"": 1}, {""sku_id"": ""sku_1014"", ""count"": 1}, {""sku_id"": ""sku_1027"", ""count"": 1}]",0.3333333333333333,0.3333333333333333,1.0,1.0,1.0,0.3333333333333333,1.0,1.0,2.4285714285714284,0.37796447300922736,0.013987691068706763,-0.03996483162487647,0.06749195481885048,-0.1928341566252871,0.9993386243386245,0.0018896447467870686,1.015654881999951,-0.04472823428557403,1.4485874229375906,-1.281678351250259,0.2348758577614402,0.28130707306255176,0.19148642694548768,0.4052768753938447,1.0290952774027504,-0.08312936400785835,ordinary,0.7113861118967104,0.5790985463434808
2026-01-14 04:00:00,2026-01-14 05:00:00,5,0.0,0.2,1261.654,5,5,5,5,"[{""sku_id"": ""sku_1001"", ""count"": 2}, {""sku_id"": ""sku_1043"", ""count"": 1}, {""sku_id"": ""sku_1017"", ""count"": 1}]",0.4,0.28,1.0,1.0,1.0,0.2,1.0,1.0,3.2857142857142856,1.2421180068162379,0.013987691068706763,-0.03996483162487647,0.06749195481885048,0.3785944148032844,0.9993386243386245,0.0018896447467870686,1.015654881999951,-0.04472823428557403,1.4446191689693366,-1.2703404827695333,0.23796227751452667,0.46296492138706674,0.1930296368220309,0.019915323365626056,1.0290952774027504,-0.08312936400785835,ordinary,1.2854965268822653,0.8507552244965821
2026-01-14 05:00:00,2026-01-14 06:00:00,5,0.0,0.0,2371.44,5,5,4,5,"[{""sku_id"": ""sku_1001"", ""count"": 1}, {""sku_id"": ""sku_1015"", ""count"": 1}, {""sku_id"": ""sku_1016"", ""count"": 1}]",0.2,0.20000000000000004,1.0,1.0,1.25,0.2,1.0,1.0,3.3333333333333335,1.178511301977579,0.013987691068706763,-0.03996483162487647,0.07026973259662825,-0.20077066456179501,0.9993386243386245,0.0018896447467870686,1.015654881999951,-0.04472823428557403,1.4446191689693366,-0.556054768483819,0.24004561084786,-0.11441603099388568,0.19233519237758645,0.021899450349753033,1.0290952774027504,-0.08312936400785835,ordinary,0.43169919624406344,0.01922024055191079
2026-01-14 06:00:00,2026-01-14 07:00:00,15,0.0,0.06666666666666667,1029.1233333333334,15,15,12,14,"[{""sku_id"": ""sku_1006"", ""count"": 4}, {""sku_id"": ""sku_1005"", ""count"": 2}, {""sku_id"": ""sku_1007"", ""count"": 1}]",0.26666666666666666,0.1288888888888889,1.0,1.0,1.25,0.13333333333333333,1.0,1.0,7.777777777777778,1.90029237516523,0.013987691068706763,-0.03996483162487647,0.07026973259662825,-0.010294474085604521,0.9993386243386245,0.0018896447467870686,1.015654881999951,-0.04472823428557403,1.448091391191559,-0.5659754034044542,0.23935116640341553,0.07804428646643181,0.191640747933142,-0.16659261314231052,1.0290952774027504,-0.08312936400785835,ordinary,0.7370428693997275,0.07194053809189699
2026-01-14 07:00:00,2026-01-14 08:00:00,28,0.0,0.07142857142857142,1512.2500000000002,28,28,18,18,"[{""sku_id"": ""sku_1001"", ""count"": 4}, {""sku_id"": ""sku_1003"", ""count"": 3}, {""sku_id"": ""sku_1007"", ""count"": 2}]",0.14285714285714285,0.06887755102040817,1.0,1.0,1.5555555555555556,0.10714285714285714,1.0,1.0,12.444444444444445,4.794211304750132,0.013987691068706763,-0.03996483162487647,0.06921153153842721,0.006334399686126322,0.9993386243386245,0.0018896447467870686,1.015654881999951,-0.04472823428557403,1.4492487985989664,0.3037335913045406,0.24107074312299226,-0.2806102864738555,0.19150847280086689,-0.24104461616574216,1.0290952774027504,-0.08312936400785835,legitimate_festive_spike,1.6866424765893933,0.008668519926847315
2026-01-14 08:00:00,2026-01-14 09:00:00,26,0.0,0.07692307692307693,1968.1680769230768,26,26,16,24,"[{""sku_id"": ""sku_1002"", ""count"": 5}, {""sku_id"": ""sku_1026"", ""count"": 2}, {""sku_id"": ""sku_1030"", ""count"": 2}]",0.19230769230769232,0.07988165680473372,1.0,1.0,1.625,0.07692307692307693,1.0384615384615385,1.0384615384615385,15.0,2.557448052364024,0.013987691068706763,-0.03996483162487647,0.0702035950304907,0.019198519693103506,0.9993386243386245,0.0018896447467870686,1.015654881999951,-0.04472823428557403,1.45349262575946,0.49002106925868566,0.23472153677378593,-0.12118241276026748,0.19021879026118432,-0.3237020381088783,1.0290952774027504,0.026760745882251795,legitimate_festive_spike,0.939334466967732,0.04422764864032366
2026-01-14 09:00:00,2026-01-14 10:00:00,42,0.0,0.07142857142857142,2250.074761904762,41,42,18,24,"[{""sku_id"": ""sku_1002"", ""count"": 7}, {""sku_id"": ""sku_1003"", ""count"": 4}, {""sku_id"": ""sku_1033"", ""count"": 2}]",0.16666666666666666,0.06235827664399092,0.9761904761904762,1.0,2.3333333333333335,0.09523809523809523,1.0714285714285714,1.0238095238095237,19.333333333333332,5.234642440652607,0.013987691068706763,-0.03996483162487647,0.07127197109886677,0.00044742951344188347,0.9993386243386245,-0.06613756613756676,1.015654881999951,-0.04472823428557403,1.4621731813150156,2.4890290057666227,0.23044803250028162,-0.18223247381032848,0.18434272188511597,-0.2545846475629164,1.0296294654369385,-0.016628404649756363,legitimate_festive_spike,1.8326170266931985,0.0004921724647860719
2026-01-14 10:00:00,2026-01-14 11:00:00,54,0.018518518518518517,0.037037037037037035,1531.9244444444441,50,50,21,33,"[{""sku_id"": ""sku_1001"", ""count"": 5}, {""sku_id"": ""sku_1003"", ""count"": 3}, {""sku_id"": ""sku_1004"", ""count"": 3}]",0.09259259259259259,0.040466392318244164,1.0,1.08,2.5714285714285716,0.07407407407407407,1.1666666666666667,1.1666666666666667,22.22222222222222,8.832462774603648,0.013987691068706763,0.012945221285176443,0.07226403459093027,-0.10064856443969496,0.9990079365079365,0.002834467120181396,1.015654881999951,0.18384319428585477,1.4760620702039047,3.12961857492762,0.22929062509287423,-0.39056580714366185,0.18219325098564507,-0.30891193403306,1.0299601532676261,0.3905900382829732,legitimate_festive_spike,3.5902282164316732,0.4988662453203966
2026-01-14 11:00:00,2026-01-14 12:00:00,51,0.0,0.0784313725490196,1083.465294117647,48,47,21,30,"[{""sku_id"": ""sku_1001"", ""count"": 7}, {""sku_id"": ""sku_1003"", ""count"": 5}, {""sku_id"": ""sku_1002"", ""count"": 3}]",0.13725490196078433,0.053440984236831975,1.0212765957446808,1.0851063829787233,2.4285714285714284,0.09803921568627451,1.0784313725490196,1.0980392156862746,21.22222222222222,7.457402582091827,0.014244892714797298,-0.040699693470849424,0.07277843788311132,0.016151241902595103,0.9990079365079365,0.06362474067641218,1.0167659931110622,0.19525825676474604,1.4967300596218938,2.5763387501401245,0.2273715051181987,-0.25747600902118395,0.18108530543325507,-0.2372745421342302,1.032274968082441,0.18789785029666742,legitimate_festive_spike,3.030696073435845,0.42060516970370554
2026-01-14 12:00:00,2026-01-14 13:00:00,45,0.022222222222222223,0.06666666666666667,2170.032888888889,44,45,20,29,"[{""sku_id"": ""sku_1002"", ""count"": 4}, {""sku_id"": ""sku_1004"", ""count"": 4}, {""sku_id"": ""sku_1026"", ""count"": 3}]",0.08888888888888889,0.04592592592592593,0.9777777777777777,1.0,2.25,0.08888888888888889,1.0666666666666667,1.0444444444444445,19.555555555555557,5.992690862771961,0.014244892714797298,0.02279237002121407,0.07386776250184772,-0.020574559529088727,0.9993034447821683,-0.06150190572683004,1.0179480262079887,-0.051280074879967844,1.5115208244126588,1.9557315243056792,0.2274259713491355,-0.39582023560070456,0.18152103528074962,-0.26466327540531637,1.0336366238558616,0.030879487395951068,legitimate_festive_spike,2.122145391886947,0.024703589916760856
2026-01-14 13:00:00,2026-01-14 14:00:00,76,0.013157894736842105,0.09210526315789473,1796.2868421052633,72,73,22,41,"[{""sku_id"": ""sku_1001"", ""count"": 8}, {""sku_id"": ""sku_1002"", ""count"": 6}, {""sku_id"": ""sku_1004"", ""count"": 4}]",0.10526315789473684,0.0453601108033241,0.9863013698630136,1.0410958904109588,3.4545454545454546,0.05263157894736842,1.131578947368421,1.0921052631578947,29.77777777777778,2.3974954201204177,0.01455353469010594,-0.003987542723610957,0.07280956144364664,0.05513057632642312,0.9989948028068595,-0.036266951268130974,1.0164860379038951,0.07031386430589633,1.5219374910793253,4.987497241026333,0.22601503660486744,-0.3450053677432303,0.1807714761978572,-0.36611399214425366,1.0329311564837278,0.16906887621190542,legitimate_festive_spike,1.1053359962766323,0.2662125992344861
2026-01-14 14:00:00,2026-01-14 15:00:00,44,0.022727272727272728,0.06818181818181818,1436.2527272727275,42,42,21,29,"[{""sku_id"": ""sku_1001"", ""count"": 8}, {""sku_id"": ""sku_1002"", ""count"": 4}, {""sku_id"": ""sku_1005"", ""count"": 3}]",0.18181818181818182,0.06921487603305786,1.0,1.0476190476190477,2.0952380952380953,0.09090909090909091,1.1363636363636365,1.1363636363636365,29.444444444444443,0.587880032164421,0.014005289076070852,0.02491995328914822,0.07262681290563494,-0.012699984925190755,0.9988045440549569,0.0034155884144088894,1.017056814159603,0.0873206670269847,1.551068082709917,1.212230151701163,0.2252840424528207,-0.12418817324182534,0.1800404820458104,-0.2546611175334843,1.0342103962498095,0.29186640032522,ordinary,0.529645828117676,0.3238878168601287
2026-01-14 15:00:00,2026-01-14 16:00:00,49,0.02040816326530612,0.061224489795918366,1329.6444897959184,46,46,18,29,"[{""sku_id"": ""sku_1001"", ""count"": 6}, {""sku_id"": ""sku_1002"", ""count"": 4}, {""sku_id"": ""sku_1008"", ""count"": 3}]",0.12244897959183673,0.05289462723865056,1.0,1.065217391304348,2.7222222222222223,0.08163265306122448,1.0612244897959184,1.0612244897959184,29.77777777777778,0.8929039691191182,0.014320945641727416,0.017392050353082014,0.07264785667667872,-0.032638191087886737,0.9988045440549569,0.0034155884144088894,1.0167261263289151,0.13854647135837936,1.562807500699335,2.565318855377995,0.22595744312622135,-0.2957384672410989,0.17852533053065892,-0.27683622134124125,1.035178409717823,0.07441737165170144,ordinary,0.5136707874443999,0.20115439825270853
2026-01-14 16:00:00,2026-01-14 17:00:00,56,0.017857142857142856,0.05357142857142857,1711.2160714285715,53,53,20,31,"[{""sku_id"": ""sku_1006"", ""count"": 7}, {""sku_id"": ""sku_1003"", ""count"": 5}, {""sku_id"": ""sku_1002"", ""count"": 4}]",0.125,0.053571428571428555,1.0,1.0566037735849056,2.8,0.07142857142857142,1.0535714285714286,1.0535714285714286,21.11111111111111,7.82862279633748,0.014604392353745558,0.009293572866849424,0.07283682115135749,-0.05504397879979693,0.9988045440549569,0.0034155884144088894,1.0176319234303643,0.11134814329868943,1.5797828093413102,2.5848192201019815,0.22501262075282755,-0.2857503450080787,0.1789977417173558,-0.30734048653938395,1.0360287498538774,0.050121939193003485,legitimate_festive_spike,2.8945377029441777,0.15451972422606022
2026-01-14 17:00:00,2026-01-14 18:00:00,56,0.017857142857142856,0.08928571428571429,1177.724642857143,56,56,21,32,"[{""sku_id"": ""sku_1002"", ""count"": 7}, {""sku_id"": ""sku_1001"", ""count"": 6}, {""sku_id"": ""sku_1006"", ""count"": 3}]",0.125,0.052933673469387744,1.0,1.0,2.6666666666666665,0.07142857142857142,1.0357142857142858,1.0357142857142858,21.555555555555557,4.983175829094258,0.014296852671205874,0.010172257674105662,0.07302531321484955,0.04645828877389926,0.9988045440549569,0.0034155884144088894,1.0184180869523771,-0.05262310557822035,1.598246861628892,2.166027023251502,0.22452650964171644,-0.28436145611918984,0.17887869409830817,-0.30700035048496216,1.0367727974729248,-0.0030243193103972137,legitimate_festive_spike,1.7982896874072476,0.054178147224257185
2026-01-14 18:00:00,2026-01-14 19:00:00,91,0.01098901098901099,0.13186813186813187,1461.5465934065933,78,79,22,38,"[{""sku_id"": ""sku_1006"", ""count"": 8}, {""sku_id"": ""sku_1011"", ""count"": 6}, {""sku_id"": ""sku_1001"", ""count"": 6}]",0.08791208791208792,0.04262770196836131,0.9873417721518988,1.1518987341772151,4.136363636363637,0.07692307692307693,1.2197802197802199,1.1978021978021978,26.22222222222222,8.739048549698227,0.013989312988666193,-0.008572291427586294,0.0731542814688178,0.1677538582837545,0.9988045440549569,-0.03275077686588032,1.0184180869523771,0.38137327778525143,1.6104823113643418,4.965719192589595,0.2229292874194942,-0.3857634271640179,0.17820409092370498,-0.2893743257160802,1.036713273663401,0.46025406896799065,legitimate_festive_spike,3.9927727694661534,0.934105777071774
2026-01-14 19:00:00,2026-01-14 20:00:00,87,0.0,0.04597701149425287,1566.6354022988503,78,78,22,36,"[{""sku_id"": ""sku_1001"", ""count"": 16}, {""sku_id"": ""sku_1002"", ""count"": 7}, {""sku_id"": ""sku_1004"", ""count"": 7}]",0.1839080459770115,0.06407715682388689,1.0,1.1153846153846154,3.9545454545454546,0.05747126436781609,1.1839080459770115,1.1724137931034482,29.444444444444443,11.447688528675677,0.014141938141291345,-0.0404055375465467,0.07382837589291223,-0.07957532685331246,0.9986287353348445,0.0039178990433013415,1.0199239268594278,0.27274482435767894,1.642290780672811,3.926466707925556,0.2224141775293843,-0.11001751872106519,0.17753635588096997,-0.3430431186090111,1.0388818227069503,0.38151991541856545,legitimate_festive_spike,4.588177850867989,0.5814868658315026
2026-01-14 20:00:00,2026-01-14 21:00:00,69,0.014492753623188406,0.043478260869565216,1437.6147826086954,65,65,22,36,"[{""sku_id"": ""sku_1003"", ""count"": 8}, {""sku_id"": ""sku_1010"", ""count"": 6}, {""sku_id"": ""sku_1001"", ""count"": 5}]",0.11594202898550725,0.050199537912203315,1.0,1.0615384615384615,3.1363636363636362,0.057971014492753624,1.173913043478261,1.173913043478261,30.666666666666668,7.744502841566948,0.013586382585735789,0.0025896315355789057,0.07446694549699907,-0.0885390989355253,0.9986287353348445,0.0039178990433013415,1.0215264909619917,0.11431991593277109,1.6724134357954663,2.2565507364880197,0.22274623372350946,-0.30515487068000635,0.17666790121941187,-0.3391339620761664,1.0412764587222758,0.3789616707313862,legitimate_festive_spike,3.131591356205283,0.4210153616568513
2026-01-14 21:00:00,2026-01-14 22:00:00,46,0.0,0.10869565217391304,1232.6267391304348,42,42,21,26,"[{""sku_id"": ""sku_1002"", ""count"": 6}, {""sku_id"": ""sku_1005"", ""count"": 4}, {""sku_id"": ""sku_1003"", ""count"": 4}]",0.13043478260869565,0.058601134215500936,1.0,1.0952380952380953,2.1904761904761907,0.08695652173913043,1.173913043478261,1.173913043478261,21.666666666666668,4.726924530138685,0.012299575592407058,-0.03514164454973445,0.07457477848526685,0.09748821053898912,0.9986287353348445,0.0039178990433013415,1.0218667885245116,0.2096323048959535,1.691668486300517,0.7430764425136498,0.22138034920545102,-0.25984447599072963,0.17598495896038263,-0.254366963489292,1.0426998541674104,0.37489482660243023,legitimate_festive_spike,2.274734892458297,0.620311306909757
2026-01-14 22:00:00,2026-01-14 23:00:00,22,0.0,0.045454545454545456,1544.5859090909091,22,22,14,15,"[{""sku_id"": ""sku_1001"", ""count"": 4}, {""sku_id"": ""sku_1004"", ""count"": 3}, {""sku_id"": ""sku_1018"", ""count"": 3}]",0.18181818181818182,0.1074380165289256,1.0,1.0,1.5714285714285714,0.13636363636363635,1.0,1.0,9.555555555555555,3.4151738413060673,0.012299575592407058,-0.03514164454973445,0.07469555143212675,-0.08354573136451798,0.9986287353348445,0.0039178990433013415,1.0224585456952162,-0.06416727341490347,1.7007242453562759,-0.191955282344211,0.22110861007501625,-0.11225836644809838,0.1758037995400928,-0.11268618050416125,1.044420868660164,-0.12691676760046836,legitimate_festive_spike,1.1988369535960945,0.0035261091389712073
2026-01-14 23:00:00,2026-01-15 00:00:00,28,0.0,0.03571428571428571,1627.8460714285713,28,28,16,21,"[{""sku_id"": ""sku_1002"", ""count"": 5}, {""sku_id"": ""sku_1001"", ""count"": 4}, {""sku_id"": ""sku_1022"", ""count"": 2}]",0.17857142857142858,0.07908163265306123,1.0,1.0,1.75,0.07142857142857142,1.0,1.0,8.555555555555555,9.688639316269663,0.012299575592407058,-0.03514164454973445,0.07363309762577049,-0.10833946260424221,0.9986287353348445,0.0039178990433013415,1.021362054467146,-0.061034441334702885,1.6925788819477545,0.08551065267196062,0.2216013422750655,-0.12294261058181981,0.17634272538389667,-0.29975472558664357,1.0430658551100285,-0.12304530031436707,legitimate_festive_spike,3.394549869833353,0.0035261091389712073
2026-01-15 00:00:00,2026-01-15 01:00:00,9,0.0,0.3333333333333333,2342.8922222222222,9,9,6,8,"[{""sku_id"": ""sku_1004"", ""count"": 2}, {""sku_id"": ""sku_1002"", ""count"": 1}, {""sku_id"": ""sku_1043"", ""count"": 1}]",0.2222222222222222,0.13580246913580246,1.0,1.0,1.5,0.2222222222222222,1.0,1.0,4.25,5.358722710768779,0.012299575592407058,-0.03514164454973445,0.07373230397497685,0.7417172267381614,0.9986287353348445,0.0039178990433013415,1.0200599711338125,-0.057314203239464366,1.6865024930588657,-0.2788024627970305,0.22209737402109728,0.00035670914607123717,0.17614431268548397,0.1316511701049664,1.040684902729076,-0.11624257922593172,ordinary,2.800609981635459,0.9250570328663861
2026-01-15 01:00:00,2026-01-15 02:00:00,8,0.0,0.0,970.90375,8,8,7,8,"[{""sku_id"": ""sku_1035"", ""count"": 1}, {""sku_id"": ""sku_1001"", ""count"": 1}, {""sku_id"": ""sku_1018"", ""count"": 1}]",0.125,0.125,1.0,1.0,1.1428571428571428,0.125,1.0,1.0,4.222222222222222,2.0355267563034487,0.011403518244736807,-0.032581480699248024,0.07746587625693623,-0.2213310750198178,0.9986287353348445,0.0039178990433013415,1.0200599711338125,-0.057314203239464366,1.6834160733057792,-0.8076641420420527,0.22339167907884316,-0.28111908308240907,0.17788664641706503,-0.15110470404875723,1.0393408167075708,-0.1124023334502024,ordinary,0.7159604738451782,0.0035261091389712073
2026-01-15 02:00:00,2026-01-15 03:00:00,6,0.0,0.3333333333333333,946.025,6,6,5,6,"[{""sku_id"": ""sku_1001"", ""count"": 3}, {""sku_id"": ""sku_1006"", ""count"": 1}, {""sku_id"": ""sku_1019"", ""count"": 1}]",0.5,0.33333333333333337,1.0,1.0,1.2,0.16666666666666666,1.0,1.0,3.625,0.8259754361761049,0.010742142583361146,-0.030691835952460417,0.07680450059556057,0.7329395221079221,0.9986287353348445,0.0039178990433013415,1.0193655266893682,-0.05533007625533771,1.6784557558454616,-0.7120054195232449,0.22314366320582732,0.7910181051262076,0.1769772548826735,-0.02945882347430524,1.0380180653848194,-0.10862304395662699,ordinary,1.8107672807329092,1.5216758780712725
2026-01-15 03:00:00,2026-01-15 04:00:00,10,0.1,0.0,973.1810000000002,10,10,8,9,"[{""sku_id"": ""sku_1001"", ""count"": 4}, {""sku_id"": ""sku_1022"", ""count"": 1}, {""sku_id"": ""sku_1009"", ""count"": 1}]",0.4,0.22000000000000008,1.0,1.0,1.25,0.2,1.0,1.0,2.5,5.303300858899106,0.00981621665743522,0.257667952407328,0.08050820429926427,-0.23002344085504078,0.9986287353348445,0.0039178990433013415,1.0183734631973047,-0.05249560913515631,1.6690807558454617,-0.6218660184889054,0.2282362557984199,0.4907535548616575,0.17651429191971052,0.06710202308654141,1.0370921394588934,-0.10597754131112413,ordinary,2.355041227598383,0.4988859269836961
2026-01-15 04:00:00,2026-01-15 05:00:00,10,0.1,0.2,2126.4989999999993,10,10,9,9,"[{""sku_id"": ""sku_1002"", ""count"": 3}, {""sku_id"": ""sku_1005"", ""count"": 2}, {""sku_id"": ""sku_1029"", ""count"": 1}]",0.3,0.18000000000000005,1.0,1.0,1.1111111111111112,0.2,1.0,1.0,3.5,4.596194077712559,0.01120510554632411,0.25369969843907403,0.08050820429926427,0.3414051305735307,0.9986287353348445,0.0039178990433013415,1.0183734631973047,-0.05249560913515631,1.6679233484380545,-0.8254396654581762,0.2303195891317532,0.19908688819499082,0.17755595858637718,0.06412583261035094,1.0370921394588934,-0.10597754131112413,ordinary,2.218218545433023,0.6095506182336276
2026-01-15 05:00:00,2026-01-15 06:00:00,7,0.0,0.14285714285714285,483.7642857142857,7,7,4,7,"[{""sku_id"": ""sku_1006"", ""count"": 2}, {""sku_id"": ""sku_1001"", ""count"": 1}, {""sku_id"": ""sku_1005"", ""count"": 1}]",0.2857142857142857,0.18367346938775508,1.0,1.0,1.75,0.14285714285714285,1.1428571428571428,1.1428571428571428,3.5,2.441200413620205,0.012593994435212997,-0.03598284124346571,0.07865635244741241,0.18343082974208696,0.9986287353348445,0.0039178990433013415,1.0183734631973047,-0.05249560913515631,1.6694665583145976,0.1196383869722898,0.22522699653916062,0.1728208262146431,0.17570410673452536,-0.09384846822109288,1.0370921394588934,0.30218572399499816,ordinary,1.5766458763838058,0.7222257316167341
2026-01-15 06:00:00,2026-01-15 07:00:00,21,0.0,0.047619047619047616,920.4285714285714,20,20,11,15,"[{""sku_id"": ""sku_1020"", ""count"": 2}, {""sku_id"": ""sku_1005"", ""count"": 2}, {""sku_id"": ""sku_1001"", ""count"": 2}]",0.09523809523809523,0.07936507936507933,1.0,1.05,1.9090909090909092,0.14285714285714285,1.0476190476190477,1.0476190476190477,8.5,2.94174202707276,0.012593994435212997,-0.03598284124346571,0.08064047943153942,-0.09434694803569087,0.9986287353348445,0.0039178990433013415,1.0183734631973047,0.09036153372198669,1.6752535953516345,0.34797213500555685,0.22572302828519242,-0.3728140944202777,0.17074378927420789,-0.07967613262018583,1.0390762664430206,0.024407946217220075,legitimate_festive_spike,1.1430237093101998,0.11341399983473396
2026-01-15 07:00:00,2026-01-15 08:00:00,25,0.0,0.04,1575.0,24,24,15,20,"[{""sku_id"": ""sku_1004"", ""count"": 3}, {""sku_id"": ""sku_1044"", ""count"": 2}, {""sku_id"": ""sku_1002"", ""count"": 2}]",0.12,0.06239999999999999,1.0,1.0416666666666667,1.6666666666666667,0.08,1.04,1.04,14.0,1.8989366142398387,0.012593994435212997,-0.03598284124346571,0.08130185509291506,-0.1180053002654716,0.9986287353348445,0.0039178990433013415,1.019067907641749,0.0645678829283363,1.687879857977897,-0.03177242213886152,0.22241614997831405,-0.2926175713666116,0.17041310144352004,-0.25832314698148584,1.039737642104396,0.000749593987440075,ordinary,0.7333214822412031,0.06869366725725957
2026-01-15 08:00:00,2026-01-15 09:00:00,49,0.0,0.08163265306122448,1328.161836734694,48,48,22,31,"[{""sku_id"": ""sku_1001"", ""count"": 12}, {""sku_id"": ""sku_1002"", ""count"": 5}, {""sku_id"": ""sku_1005"", ""count"": 3}]",0.24489795918367346,0.09704289879216994,1.0,1.0208333333333333,2.227272727272727,0.061224489795918366,1.0204081632653061,1.0204081632653061,16.1,6.1579350019091965,0.012593994435212997,-0.03598284124346571,0.08185741064847062,-0.0006421645349889507,0.9986287353348445,0.0039178990433013415,1.019646611345453,0.0033906342510865123,1.6971391172371564,0.8000930332422213,0.2171383722005363,0.07931310566610617,0.1645797681101867,-0.29530079518362384,1.0402931976599517,-0.05681438398470145,legitimate_festive_spike,2.2335757891577717,0.07829853848955327
2026-01-15 09:00:00,2026-01-15 10:00:00,42,0.023809523809523808,0.14285714285714285,1089.9514285714286,40,40,19,25,"[{""sku_id"": ""sku_1001"", ""count"": 6}, {""sku_id"": ""sku_1004"", ""count"": 3}, {""sku_id"": ""sku_1010"", ""count"": 3}]",0.14285714285714285,0.05668934240362812,1.0,1.05,2.210526315789474,0.09523809523809523,1.0714285714285714,1.0714285714285714,21.6,2.473055319371456,0.012593994435212997,0.03204436964088803,0.08021341971876542,0.1789820661096498,0.9986287353348445,0.0039178990433013415,1.0199359631973046,0.08589724800770122,1.7107123495603886,0.7535141776464641,0.21915084385586509,-0.21798200285349212,0.16404121935735225,-0.19658035462644863,1.0405766443719697,0.08814836301886192,legitimate_festive_spike,1.2223916820623864,0.3568223202823768
2026-01-15 10:00:00,2026-01-15 11:00:00,54,0.0,0.09259259259259259,987.0777777777777,53,53,21,34,"[{""sku_id"": ""sku_1001"", ""count"": 9}, {""sku_id"": ""sku_1002"", ""count"": 5}, {""sku_id"": ""sku_1005"", ""count"": 5}]",0.16666666666666666,0.0699588477366255,1.0,1.0188679245283019,2.5714285714285716,0.09259259259259259,1.1296296296296295,1.1296296296296295,25.4,2.696567026016613,0.012924682265900829,-0.036927663616859514,0.0808086578140035,0.03366838508168312,0.9986287353348445,0.0039178990433013415,1.0206304076417492,-0.005035666038420825,1.7182659557982056,1.2812295915607823,0.21766274861776988,-0.14570309128886635,0.16397508179121467,-0.20394996913892025,1.0415687078640332,0.2516026336159895,legitimate_festive_spike,1.1856418987274286,0.24184343962161425
2026-01-15 11:00:00,2026-01-15 12:00:00,60,0.0,0.1,1297.0598333333332,55,56,20,31,"[{""sku_id"": ""sku_1001"", ""count"": 10}, {""sku_id"": ""sku_1004"", ""count"": 6}, {""sku_id"": ""sku_1002"", ""count"": 6}]",0.16666666666666666,0.06611111111111112,0.9821428571428571,1.0714285714285714,3.0,0.08333333333333333,1.15,1.1333333333333333,24.2,3.53014552085948,0.012924682265900829,-0.036927663616859514,0.0814332903830805,0.05304774176262715,0.9986287353348445,-0.0471025091199641,1.0208924621490867,0.1443888836556706,1.7315443440765939,1.8839269264437501,0.21865481210983337,-0.14853755840904775,0.16393833869891605,-0.23030001533023636,1.043369119386667,0.2570406112761895,legitimate_festive_spike,1.6439248209163302,0.40837388861551205
2026-01-15 12:00:00,2026-01-15 13:00:00,70,0.07142857142857142,0.014285714285714285,1631.8707142857145,67,67,21,35,"[{""sku_id"": ""sku_1001"", ""count"": 7}, {""sku_id"": ""sku_1002"", ""count"": 6}, {""sku_id"": ""sku_1004"", ""count"": 5}]",0.1,0.05102040816326532,1.0,1.044776119402985,3.3333333333333335,0.05714285714285714,1.1285714285714286,1.0857142857142856,22.1,5.329904576062299,0.012924682265900829,0.16715396903620172,0.08161444980337038,-0.1923678157647317,0.9983807194618287,0.004626515823346532,1.0218845256411502,0.0654045536052423,1.7503935504258001,2.2954926320063738,0.21734643851885108,-0.3352755386252888,0.16328415190342488,-0.3032608421730507,1.045220971238519,0.11569518421647615,legitimate_festive_spike,2.0275911668412396,0.1621245652194351
2026-01-15 13:00:00,2026-01-15 14:00:00,60,0.0,0.11666666666666667,1065.1719999999998,58,58,21,34,"[{""sku_id"": ""sku_1001"", ""count"": 6}, {""sku_id"": ""sku_1003"", ""count"": 6}, {""sku_id"": ""sku_1004"", ""count"": 5}]",0.1,0.05055555555555556,1.0,1.0344827586206897,2.857142857142857,0.06666666666666667,1.1166666666666667,1.1166666666666667,34.4,1.0975461114277778,0.013255370096588658,-0.03787248599025331,0.0811514868404074,0.10147194236074075,0.9990420951232042,0.0027368710765594633,1.0225064161884139,0.034218121235073874,1.775856513388763,1.5151737210359355,0.21741257608498865,-0.33546450309996756,0.16275505137432436,-0.27453824202187915,1.0464114474289952,0.20072919782191867,ordinary,0.6930249390580494,0.30888380005832716
2026-01-15 14:00:00,2026-01-15 15:00:00,74,0.013513513513513514,0.04054054054054054,1366.9232432432434,70,70,20,35,"[{""sku_id"": ""sku_1011"", ""count"": 5}, {""sku_id"": ""sku_1002"", ""count"": 5}, {""sku_id"": ""sku_1010"", ""count"": 4}]",0.06756756756756757,0.039079620160701246,1.0,1.0571428571428572,3.7,0.06756756756756757,1.135135135135135,1.135135135135135,30.9,1.811468109249643,0.013255370096588658,0.000737552619785304,0.0821104815494021,-0.11877126002531876,0.9990420951232042,0.0027368710765594633,1.022985343391479,0.09759289643250886,1.7890239015561515,2.636590573942084,0.2174787136511262,-0.42831756023873896,0.16103547465474766,-0.26705116310622884,1.0480318177993655,0.2488666209593417,ordinary,0.9331632154062608,0.29914937716888573
2026-01-15 15:00:00,2026-01-15 16:00:00,51,0.0,0.09803921568627451,1516.9525490196077,49,50,19,29,"[{""sku_id"": ""sku_1002"", ""count"": 6}, {""sku_id"": ""sku_1008"", ""count"": 5}, {""sku_id"": ""sku_1025"", ""count"": 4}]",0.11764705882352941,0.058054594386774315,0.98,1.02,2.6842105263157894,0.09803921568627451,1.0784313725490196,1.0588235294117647,31.7,0.9109247588246229,0.012980094821313383,-0.037085985203752524,0.08174761868653925,0.0465474199992436,0.9990420951232042,-0.054405986066297735,1.0227869306930664,-0.007962659123046707,1.8143711237783735,1.1461140347956793,0.2161023372747498,-0.28130079557491544,0.16058502420429718,-0.17870231005149337,1.0485198057873535,0.029439210355460665,ordinary,0.39357719587215445,0.07475353028353648
2026-01-15 16:00:00,2026-01-15 17:00:00,50,0.02,0.08,2117.1007999999997,46,46,18,28,"[{""sku_id"": ""sku_1004"", ""count"": 7}, {""sku_id"": ""sku_1001"", ""count"": 4}, {""sku_id"": ""sku_1003"", ""count"": 3}]",0.14,0.0544,1.0,1.0869565217391304,2.7777777777777777,0.06,1.14,1.14,24.6,2.1514781937931295,0.012980094821313383,0.020056871939104624,0.08233766952168814,-0.006679055776251822,0.9987643173454264,0.0035305218702103808,1.023064708470844,0.18254803790938975,1.8289245528054867,1.23951524972198,0.21619311432631122,-0.21769461236088916,0.16040347010117445,-0.28686705743192703,1.0493367992514058,0.2590377164245547,legitimate_festive_spike,1.145973048559818,0.39295568073222287
2026-01-15 17:00:00,2026-01-15 18:00:00,62,0.03225806451612903,0.1774193548387097,1351.7395161290322,59,60,21,33,"[{""sku_id"": ""sku_1003"", ""count"": 8}, {""sku_id"": ""sku_1002"", ""count"": 7}, {""sku_id"": ""sku_1007"", ""count"": 6}]",0.12903225806451613,0.06295525494276794,0.9833333333333333,1.0333333333333334,2.9523809523809526,0.06451612903225806,1.1129032258064515,1.096774193548387,25.0,2.915002809485841,0.01325787259909116,0.0542862626201082,0.08238040456442317,0.27153985792653296,0.9987643173454264,-0.04408852574883739,1.0242724379394432,0.025888272553972035,1.8434307256449927,1.4336402593872024,0.2160008066340035,-0.24848156734139254,0.16016842736613174,-0.2732922809539248,1.0512812436958503,0.12997985672153348,legitimate_festive_spike,1.4488169849704293,0.4285660016503851
2026-01-15 18:00:00,2026-01-15 19:00:00,79,0.012658227848101266,0.06329113924050633,1382.0318987341773,73,75,23,36,"[{""sku_id"": ""sku_1007"", ""count"": 10}, {""sku_id"": ""sku_1001"", ""count"": 10}, {""sku_id"": ""sku_1004"", ""count"": 5}]",0.12658227848101267,0.05752283287934626,0.9733333333333334,1.0533333333333332,3.4347826086956523,0.0759493670886076,1.1772151898734178,1.1265822784810127,32.7,2.1391773627679425,0.013705901272926287,-0.0029933526423572042,0.08411356811846957,-0.059492653937037815,0.9985328358639448,-0.0719985786588898,1.0247354009024061,0.08170837837407749,1.8668434240576914,2.0068601695443213,0.21633093302525042,-0.25642472726925075,0.1596024964097084,-0.23900894091743086,1.0526253297173556,0.21130556789616317,legitimate_festive_spike,0.9994649096597878,0.250752832691008
2026-01-15 19:00:00,2026-01-15 20:00:00,71,0.014084507042253521,0.09859154929577464,1247.8374647887322,66,66,22,36,"[{""sku_id"": ""sku_1001"", ""count"": 12}, {""sku_id"": ""sku_1003"", ""count"": 6}, {""sku_id"": ""sku_1004"", ""count"": 5}]",0.16901408450704225,0.06328109502082918,1.0,1.0757575757575757,3.227272727272727,0.07042253521126761,1.1830985915492958,1.1267605633802817,35.2,1.9034656036251196,0.013881709993038803,0.0005794201406134813,0.08499261171903216,0.038854107362121366,0.9981624654935745,0.005250098589787264,1.0254761416431468,0.14366124032693964,1.8971876269562422,1.664236845691113,0.21531124244859784,-0.13227759411873027,0.15880549687853165,-0.25252274762075444,1.0543834169184807,0.20679184703371728,ordinary,1.0227722860518473,0.3565593247830555
2026-01-15 20:00:00,2026-01-15 21:00:00,57,0.017543859649122806,0.14035087719298245,1498.701754385965,54,54,20,29,"[{""sku_id"": ""sku_1001"", ""count"": 8}, {""sku_id"": ""sku_1002"", ""count"": 4}, {""sku_id"": ""sku_1011"", ""count"": 4}]",0.14035087719298245,0.056325023084025844,1.0,1.0555555555555556,2.85,0.08771929824561403,1.1578947368421053,1.1228070175438596,34.5,1.7321933807927734,0.014077328146403436,0.009904375722055343,0.0863619387925846,0.15425410971542244,0.9981624654935745,0.005250098589787264,1.0258970170640223,0.08473868140438094,1.9174382097068248,1.1452891785087997,0.21524320135177535,-0.2139780690251226,0.1585758581767558,-0.20244731408897648,1.0549362508301634,0.19391647632484627,ordinary,1.0205441551595018,0.4142764718820312
2026-01-15 21:00:00,2026-01-15 22:00:00,48,0.041666666666666664,0.041666666666666664,1531.3179166666666,42,42,19,29,"[{""sku_id"": ""sku_1001"", ""count"": 7}, {""sku_id"": ""sku_1004"", ""count"": 4}, {""sku_id"": ""sku_1010"", ""count"": 3}]",0.14583333333333334,0.058159722222222224,1.0,1.1428571428571428,2.526315789473684,0.0625,1.1666666666666667,1.1666666666666667,24.1,2.627061068768954,0.013912496131726218,0.07929763009982986,0.08708576633529758,-0.12976885619608833,0.9981624654935745,0.005250098589787264,1.0262477465814184,0.33316970364492693,1.9334104319290466,0.7220135949268439,0.21392454523435764,-0.19454631971721228,0.15856869156742198,-0.27448197590692,1.0562334071195798,0.3155235987059627,legitimate_festive_spike,1.5097850454096395,0.5903136713405056
2026-01-15 22:00:00,2026-01-15 23:00:00,34,0.0,0.0,1879.7208823529413,34,34,16,26,"[{""sku_id"": ""sku_1002"", ""count"": 6}, {""sku_id"": ""sku_1010"", ""count"": 3}, {""sku_id"": ""sku_1001"", ""count"": 3}]",0.17647058823529413,0.0726643598615917,1.0,1.0,2.125,0.08823529411764706,1.0294117647058822,1.0294117647058822,10.8,4.441146079744356,0.014491199835429923,-0.04140342810122835,0.08544224781677906,-0.2441207080479402,0.9981624654935745,0.005250098589787264,1.0282318735655454,-0.08066249590155815,1.9467967623384037,0.21655370101361696,0.2137277859750984,-0.10644913639944076,0.15721452490075533,-0.19708351652316647,1.0574371108232834,-0.08007241747828901,legitimate_festive_spike,1.559126216641333,0.0047250887308085375
2026-01-15 23:00:00,2026-01-16 00:00:00,25,0.0,0.12,1107.8064,23,23,13,19,"[{""sku_id"": ""sku_1002"", ""count"": 3}, {""sku_id"": ""sku_1007"", ""count"": 2}, {""sku_id"": ""sku_1009"", ""count"": 2}]",0.12,0.0656,1.0,1.0869565217391304,1.9230769230769231,0.08,1.08,1.08,10.5,2.253855756656153,0.014491199835429923,-0.04140342810122835,0.08462525435272678,0.10107070184935206,0.9981624654935745,0.005250098589787264,1.0282318735655454,0.1677847090673858,1.9581482580648997,-0.0427910150198544,0.21372778597509837,-0.2677936742145668,0.15598903470467693,-0.21711152772764836,1.0570286140912575,0.06563253116783598,legitimate_festive_spike,1.1250431095964037,0.33619359476675037
2026-01-16 00:00:00,2026-01-16 01:00:00,7,0.0,0.14285714285714285,827.7057142857142,7,7,6,7,"[{""sku_id"": ""sku_1002"", ""count"": 2}, {""sku_id"": ""sku_1001"", ""count"": 2}, {""sku_id"": ""sku_1039"", ""count"": 1}]",0.2857142857142857,0.22448979591836732,1.0,1.0,1.1666666666666667,0.14285714285714285,1.0,1.0,4.875,1.1272660037524773,0.014491199835429923,-0.04140342810122835,0.08629192101939345,0.16161491953642687,0.9981624654935745,0.005250098589787264,1.0294396030341444,-0.08411315152612683,1.9663391412557827,-0.979746543078345,0.2119222304195428,0.2108344436992654,0.15478533100097316,-0.0340805375538009,1.0581397252023685,-0.16611350057819585,ordinary,0.7667956008635841,0.372252499550217
2026-01-16 01:00:00,2026-01-16 02:00:00,7,0.0,0.2857142857142857,1760.2471428571428,6,6,6,7,"[{""sku_id"": ""sku_1001"", ""count"": 1}, {""sku_id"": ""sku_1002"", ""count"": 1}, {""sku_id"": ""sku_1026"", ""count"": 1}]",0.14285714285714285,0.14285714285714285,1.0,1.1666666666666667,1.1666666666666667,0.14285714285714285,1.1428571428571428,1.1428571428571428,4.6,1.1327701959495948,0.014491199835429923,-0.04140342810122835,0.08827604800352043,0.5641092506021865,0.9981624654935745,0.005250098589787264,1.0294396030341444,0.3920773246643496,1.9663391412557827,-0.979746543078345,0.21192223041954283,-0.1973288216068571,0.1547853310009732,-0.03408053755380098,1.0581397252023685,0.24204976472792644,ordinary,1.607431969422263,1.2109624008399047
2026-01-16 02:00:00,2026-01-16 03:00:00,10,0.0,0.1,851.1110000000001,10,10,6,8,"[{""sku_id"": ""sku_1004"", ""count"": 3}, {""sku_id"": ""sku_1005"", ""count"": 2}, {""sku_id"": ""sku_1041"", ""count"": 1}]",0.3,0.18000000000000005,1.0,1.0,1.6666666666666667,0.2,1.0,1.0,4.0,2.0160645150967413,0.014491199835429923,-0.04140342810122835,0.0922443019717744,0.022159137223501737,0.9981624654935745,0.005250098589787264,1.0317544178489593,-0.09072690813988364,1.9686539560705976,-0.3711483449963129,0.20696191295922536,0.26582310583078467,0.15329723576287796,0.13343646924892016,1.0601238521864955,-0.17178243481855865,ordinary,1.080712690607362,0.3750901103235028
2026-01-16 03:00:00,2026-01-16 04:00:00,4,0.0,0.25,375.80500000000006,4,4,3,4,"[{""sku_id"": ""sku_1009"", ""count"": 1}, {""sku_id"": ""sku_1005"", ""count"": 1}, {""sku_id"": ""sku_1008"", ""count"": 1}]",0.25,0.25,1.0,1.0,1.3333333333333333,0.25,1.0,1.0,3.3333333333333335,0.2357022603955158,0.014491199835429923,-0.04140342810122835,0.08900356123103365,0.4599898250541896,0.9981624654935745,0.005250098589787264,1.0317544178489593,-0.09072690813988364,1.977913215329857,-0.7994911571186517,0.20186932036663277,0.13751622752390638,0.15144538391102608,0.28158461739706836,1.0601238521864955,-0.17178243481855865,ordinary,0.9422419861180181,0.8597461949795876
2026-01-16 04:00:00,2026-01-16 05:00:00,5,0.0,0.0,944.226,5,5,4,5,"[{""sku_id"": ""sku_1001"", ""count"": 2}, {""sku_id"": ""sku_1046"", ""count"": 1}, {""sku_id"": ""sku_1005"", ""count"": 1}]",0.4,0.28,1.0,1.0,1.25,0.2,1.0,1.0,4.375,0.2341464528954235,0.014491199835429923,-0.04140342810122835,0.09247578345325587,-0.2642165241521596,0.9981624654935745,0.005250098589787264,1.0317544178489593,-0.09072690813988364,1.9825428449594864,-0.9139806326294468,0.1914526536999661,0.5958495608572397,0.14102871724435942,0.16848937930183028,1.0601238521864955,-0.17178243481855865,ordinary,0.7577324554571868,0.6757811969437886
2026-01-16 05:00:00,2026-01-16 06:00:00,11,0.0,0.09090909090909091,2101.8336363636363,11,11,9,10,"[{""sku_id"": ""sku_1001"", ""count"": 3}, {""sku_id"": ""sku_1017"", ""count"": 1}, {""sku_id"": ""sku_1010"", ""count"": 1}]",0.2727272727272727,0.14049586776859505,1.0,1.0,1.2222222222222223,0.18181818181818182,1.0,1.0,3.9,3.962147891858028,0.014491199835429923,-0.04140342810122835,0.09247578345325587,-0.004476264411899879,0.9981624654935745,0.005250098589787264,1.0317544178489593,-0.09072690813988364,1.9860150671817085,-0.9574911839599779,0.18311932036663278,0.2560227210303998,0.12991760613324832,0.14828735909981003,1.0601238521864955,-0.17178243481855865,ordinary,1.7405271870883263,0.3537754249380164
2026-01-16 06:00:00,2026-01-16 07:00:00,24,0.0,0.0,1404.0204166666665,23,23,17,21,"[{""sku_id"": ""sku_1003"", ""count"": 3}, {""sku_id"": ""sku_1015"", ""count"": 2}, {""sku_id"": ""sku_1018"", ""count"": 2}]",0.125,0.07986111111111108,1.0,1.0434782608695652,1.411764705882353,0.08333333333333333,1.0416666666666667,1.0416666666666667,10.3,2.5682484379528483,0.014491199835429923,-0.04140342810122835,0.0891087800862525,-0.25459651453215004,0.9981624654935745,0.005250098589787264,1.0317544178489593,0.03349669434458834,1.9891014869347952,-0.7268901193514417,0.18227756952488192,-0.16365019864251978,0.12781322902887124,-0.12708541627296546,1.0601238521864955,-0.05273481577093937,legitimate_festive_spike,0.9371087363588938,0.03822178307539688
2026-01-16 07:00:00,2026-01-16 08:00:00,25,0.0,0.08,909.9992000000001,24,24,14,15,"[{""sku_id"": ""sku_1001"", ""count"": 5}, {""sku_id"": ""sku_1009"", ""count"": 2}, {""sku_id"": ""sku_1022"", ""count"": 2}]",0.2,0.08480000000000001,1.0,1.0416666666666667,1.7857142857142858,0.12,1.08,1.08,15.3,1.4511955982951834,0.013102310946541035,-0.03743517413297439,0.08771989119736362,-0.022056831992467482,0.9981624654935745,0.005250098589787264,1.0323582825832587,0.026595383095451605,1.9932772313066178,-0.2626196634301716,0.18262479174710414,0.04964345215113107,0.12619285865850086,-0.01769388188143103,1.0607025558901992,0.05513555459943095,ordinary,0.628026481845137,0.12010802244182288
2026-01-16 08:00:00,2026-01-16 09:00:00,42,0.023809523809523808,0.11904761904761904,1651.6457142857141,41,42,21,24,"[{""sku_id"": ""sku_1029"", ""count"": 3}, {""sku_id"": ""sku_1006"", ""count"": 3}, {""sku_id"": ""sku_1001"", ""count"": 3}]",0.07142857142857142,0.04875283446712018,0.9761904761904762,1.0,2.0,0.07142857142857142,1.0714285714285714,1.0476190476190477,19.8,1.9342167231165708,0.013102310946541035,0.030592036751379354,0.08744211341958584,0.09030144465152344,0.9981624654935745,-0.06277711229456656,1.0329369862869624,-0.09410567510560686,2.002646719842773,-0.0033771186561214104,0.18262479174710414,-0.3177034866243792,0.12647063643627862,-0.15726304287916343,1.0618136670013103,-0.04055605537789323,ordinary,0.7763074422074756,0.09933158911667579
2026-01-16 09:00:00,2026-01-16 10:00:00,46,0.043478260869565216,0.10869565217391304,1677.624347826087,45,45,18,25,"[{""sku_id"": ""sku_1001"", ""count"": 7}, {""sku_id"": ""sku_1002"", ""count"": 5}, {""sku_id"": ""sku_1003"", ""count"": 3}]",0.15217391304347827,0.0614366729678639,1.0,1.0222222222222221,2.5555555555555554,0.10869565217391304,1.0217391304347827,1.0217391304347827,24.4,2.1691781694855448,0.011889788900685656,0.09025277705394161,0.08909555257302498,0.05600028457396588,0.9978317776628867,0.0061949209631809565,1.0329369862869624,-0.030613611613543593,2.0125673547634078,0.6970099226687022,0.18207364536262444,-0.0854278066261319,0.1243762801752557,-0.04480179428955047,1.0624750426626859,-0.11638832065115196,legitimate_festive_spike,0.826388101218166,0.06717574189822534
2026-01-16 10:00:00,2026-01-16 11:00:00,60,0.03333333333333333,0.05,1625.143,54,55,22,31,"[{""sku_id"": ""sku_1001"", ""count"": 5}, {""sku_id"": ""sku_1002"", ""count"": 4}, {""sku_id"": ""sku_1025"", ""count"": 3}]",0.08333333333333333,0.03944444444444445,0.9818181818181818,1.0909090909090908,2.727272727272727,0.06666666666666667,1.1833333333333333,1.1666666666666667,28.4,2.273701669546487,0.012493653634985174,0.05954194199528045,0.09060521440877378,-0.11601489831078224,0.9978317776628867,-0.045753130984871014,1.033245628262271,0.16475275041948506,2.0256252844880045,0.8993722003565875,0.18220304494854578,-0.28248489032917845,0.12390181502687751,-0.16352899531488815,1.0627769750298357,0.29682769039094586,legitimate_festive_spike,1.1980104870735122,0.40221490273224175
2026-01-16 11:00:00,2026-01-16 12:00:00,55,0.03636363636363636,0.09090909090909091,1406.9027272727274,53,53,21,31,"[{""sku_id"": ""sku_1001"", ""count"": 8}, {""sku_id"": ""sku_1022"", ""count"": 3}, {""sku_id"": ""sku_1007"", ""count"": 3}]",0.14545454545454545,0.05123966942148759,1.0,1.0377358490566038,2.619047619047619,0.07272727272727272,1.0727272727272728,1.0727272727272728,28.2,1.7846408170500196,0.012956616597948136,0.06687719933053779,0.09129965885321822,-0.0011159084117923213,0.9975792524103615,0.006916421684681445,1.0345082545248974,0.00922169866201829,2.042670739033459,0.7371380890787192,0.1807149497104505,-0.1007440121597287,0.12350498963005212,-0.1450791911507983,1.0650917898446506,0.021815665378920483,ordinary,0.6575232964488749,0.03289901048136798
2026-01-16 12:00:00,2026-01-16 13:00:00,75,0.02666666666666667,0.06666666666666667,1205.2862666666667,70,70,23,35,"[{""sku_id"": ""sku_1002"", ""count"": 8}, {""sku_id"": ""sku_1001"", ""count"": 8}, {""sku_id"": ""sku_1004"", ""count"": 6}]",0.10666666666666667,0.051733333333333346,1.0,1.0714285714285714,3.260869565217391,0.05333333333333334,1.12,1.1333333333333333,27.1,2.7318700471004878,0.012730672950951857,0.03981712490204232,0.09183129096379772,-0.07189892656323159,0.9975792524103615,0.006916421684681445,1.0342607586013008,0.10619375093505873,2.058747255109975,1.5378416381605515,0.18127316342655897,-0.213161419313978,0.12232210818401278,-0.19711078528765558,1.065370896702705,0.194178390373224,legitimate_festive_spike,1.2239157592350218,0.26776124274985125
2026-01-16 13:00:00,2026-01-16 14:00:00,73,0.0136986301369863,0.1232876712328767,1534.4016438356164,67,67,22,33,"[{""sku_id"": ""sku_1001"", ""count"": 7}, {""sku_id"": ""sku_1008"", ""count"": 5}, {""sku_id"": ""sku_1007"", ""count"": 4}]",0.0958904109589041,0.039969975605179224,1.0,1.0895522388059702,3.3181818181818183,0.0684931506849315,1.082191780821918,1.082191780821918,38.4,1.4416110500292343,0.013101043321322227,0.0017073909018973526,0.09090536503787178,0.09252087484287123,0.9975792524103615,0.006916421684681445,1.0352528220933643,0.1551411906074453,2.0866759990713275,1.562255567281586,0.17997686713026267,-0.24024701763245307,0.12121099707290167,-0.15062241825134334,1.0653708967027047,0.048059668912037806,ordinary,0.8061505350906792,0.3015866675804472
2026-01-16 14:00:00,2026-01-16 15:00:00,69,0.0,0.057971014492753624,1061.981014492754,66,66,22,36,"[{""sku_id"": ""sku_1001"", ""count"": 11}, {""sku_id"": ""sku_1002"", ""count"": 7}, {""sku_id"": ""sku_1003"", ""count"": 6}]",0.15942028985507245,0.06700273051879854,1.0,1.0454545454545454,3.1363636363636362,0.08695652173913043,1.1884057971014492,1.1594202898550725,37.0,1.2133443339973409,0.013291302073224815,-0.03797514878064233,0.0906335668208681,-0.09332157808032707,0.9975792524103615,0.006916421684681445,1.0354282271195154,0.02864662381437138,2.1084563021016307,1.2842025539069355,0.17882851966342206,-0.05545208516671317,0.12067419559431936,-0.0963362110148255,1.0645283222299933,0.2711199075002264,ordinary,0.676437846229835,0.25176732933076584
2026-01-16 15:00:00,2026-01-16 16:00:00,55,0.01818181818181818,0.16363636363636364,1451.4605454545458,54,54,22,36,"[{""sku_id"": ""sku_1002"", ""count"": 8}, {""sku_id"": ""sku_1001"", ""count"": 6}, {""sku_id"": ""sku_1006"", ""count"": 4}]",0.14545454545454545,0.05917355371900825,1.0,1.0185185185185186,2.5,0.05454545454545454,1.1090909090909091,1.1090909090909091,35.1,0.9345366862289646,0.012712598369521112,0.01562634232084877,0.0902813123925267,0.20958586069667698,0.9975792524103615,0.006916421684681445,1.0354556755165292,-0.048391877137173064,2.126375882521211,0.4619102161030191,0.1798852829484462,-0.09837353569685928,0.12014581395180729,-0.18742959830386502,1.066163789218721,0.12264891392053748,ordinary,0.6619761975991256,0.334888357418988
2026-01-16 16:00:00,2026-01-16 17:00:00,55,0.05454545454545454,0.10909090909090909,1682.0914545454546,51,51,21,29,"[{""sku_id"": ""sku_1001"", ""count"": 6}, {""sku_id"": ""sku_1002"", ""count"": 4}, {""sku_id"": ""sku_1004"", ""count"": 4}]",0.10909090909090909,0.0452892561983471,1.0,1.0784313725490196,2.619047619047619,0.07272727272727272,1.1454545454545455,1.1454545454545455,28.2,1.9747684483782963,0.01238641991834266,0.12045438464889109,0.09255403966525397,0.04724819835901463,0.9975792524103615,0.006916421684681445,1.0351090124283202,0.1237781717734267,2.1402647714101,0.593623751585198,0.1795906701538334,-0.20142788875121234,0.11916727859827193,-0.13268573105999776,1.067100237030169,0.22386945264107577,ordinary,1.0522404885298204,0.36107153159741673
2026-01-16 17:00:00,2026-01-16 18:00:00,56,0.017857142857142856,0.08928571428571429,1324.126607142857,51,52,21,31,"[{""sku_id"": ""sku_1001"", ""count"": 10}, {""sku_id"": ""sku_1005"", ""count"": 5}, {""sku_id"": ""sku_1037"", ""count"": 4}]",0.17857142857142858,0.06632653061224487,0.9807692307692307,1.0769230769230769,2.6666666666666665,0.07142857142857142,1.1607142857142858,1.1428571428571428,28.9,1.57548080674712,0.013143995675918419,0.013466134803498394,0.09406919118040549,-0.013667076841974872,0.9975792524103615,-0.04802863326037363,1.0361983370470567,0.11635639964577203,2.1511774698227986,0.6382613497505618,0.17921188227504553,-0.001829867724619873,0.11891475334574667,-0.13567480547764355,1.069120439050371,0.21067629659077652,ordinary,0.8363157192798851,0.28489743691839325
2026-01-16 18:00:00,2026-01-16 19:00:00,79,0.02531645569620253,0.12658227848101267,1649.363924050633,74,74,23,41,"[{""sku_id"": ""sku_1001"", ""count"": 12}, {""sku_id"": ""sku_1002"", ""count"": 6}, {""sku_id"": ""sku_1017"", ""count"": 4}]",0.1518987341772152,0.05015221919564174,1.0,1.0675675675675675,3.4347826086956523,0.06329113924050633,1.1139240506329113,1.1139240506329113,38.4,1.5829666430515792,0.012788146814634773,0.03579516823305074,0.09470540581118535,0.09107677905664949,0.9973121583932674,0.007679547447807523,1.0366353999841196,0.0883776216669942,2.1682492290820576,1.5726778320372867,0.17988044680230572,-0.07994775035740151,0.11809522263491162,-0.15658309541258655,1.069896836565899,0.12579204019146395,ordinary,0.8501456285535594,0.29610730348550657
2026-01-16 19:00:00,2026-01-16 20:00:00,90,0.0,0.14444444444444443,1977.9243333333334,83,84,23,37,"[{""sku_id"": ""sku_1001"", ""count"": 10}, {""sku_id"": ""sku_1004"", ""count"": 5}, {""sku_id"": ""sku_1005"", ""count"": 5}]",0.1111111111111111,0.040246913580246894,0.9880952380952381,1.0714285714285714,3.9130434782608696,0.05555555555555555,1.1777777777777778,1.1666666666666667,39.9,2.3419000534918846,0.013139764254859809,-0.03754218358531374,0.09598456580924539,0.1384567961005687,0.9973121583932674,-0.02633405799436923,1.0365450318381957,0.09966725597250203,2.1891026912398677,2.106222935391777,0.17959551542833027,-0.1956697266206262,0.11753748462627879,-0.17709122591635212,1.0700423334377163,0.2760695235112871,legitimate_festive_spike,1.2924903692143168,0.47282535049215735
2026-01-16 20:00:00,2026-01-16 21:00:00,80,0.0125,0.15,1485.295,71,71,23,34,"[{""sku_id"": ""sku_1003"", ""count"": 8}, {""sku_id"": ""sku_1001"", ""count"": 8}, {""sku_id"": ""sku_1002"", ""count"": 5}]",0.1,0.046875,1.0,1.1267605633802817,3.4782608695652173,0.075,1.2625,1.2625,37.4,2.9331683572348335,0.013139764254859809,-0.0018278978710280227,0.0974947069027198,0.15001512313508628,0.9971468144779235,0.00815195863450421,1.037022692038078,0.25639391812058193,2.2135359874122944,1.499710772228278,0.17865856657471474,-0.22473876164204212,0.11682099432645517,-0.11948855521844334,1.0713650847604677,0.5460997578272352,legitimate_festive_spike,1.8922360476342106,0.8656271226020189
2026-01-16 21:00:00,2026-01-16 22:00:00,53,0.0,0.09433962264150944,1005.5911320754716,51,51,19,31,"[{""sku_id"": ""sku_1001"", ""count"": 12}, {""sku_id"": ""sku_1007"", ""count"": 4}, {""sku_id"": ""sku_1003"", ""count"": 4}]",0.22641509433962265,0.08365966536133856,1.0,1.0392156862745099,2.789473684210526,0.07547169811320754,1.1886792452830188,1.169811320754717,27.3,2.2754354484959034,0.013313375365970919,-0.038038215331345486,0.09814125862685774,-0.010861817100995146,0.9971468144779235,0.00815195863450421,1.0387832554183598,0.0012355167318573684,2.2381523556987393,0.6455114489314931,0.1781317466513431,0.137952421966513,0.11498909777473104,-0.11290685617578143,1.0745319908907358,0.2722266567542318,legitimate_festive_spike,1.1469131916497244,0.3505107846761583
2026-01-16 22:00:00,2026-01-16 23:00:00,33,0.0,0.12121212121212122,1216.1336363636365,33,33,16,25,"[{""sku_id"": ""sku_1001"", ""count"": 5}, {""sku_id"": ""sku_1005"", ""count"": 4}, {""sku_id"": ""sku_1043"", ""count"": 3}]",0.15151515151515152,0.07438016528925623,1.0,1.0,2.0625,0.09090909090909091,1.0,1.0,13.8,2.2634404003539155,0.01265199970459526,-0.036148570584557886,0.09746740417941839,0.06784204866486522,0.9971468144779235,0.00815195863450421,1.039327917727728,-0.11236547922207979,2.247728379090552,-0.21629332380581953,0.17730814677113943,-0.07369427215996546,0.11405318881995415,-0.06612599403103782,1.0762291057953977,-0.2177974451297076,legitimate_festive_spike,0.874167156426276,0.08196301630240553
2026-01-16 23:00:00,2026-01-17 00:00:00,15,0.0,0.26666666666666666,751.872,14,14,10,13,"[{""sku_id"": ""sku_1050"", ""count"": 2}, {""sku_id"": ""sku_1001"", ""count"": 2}, {""sku_id"": ""sku_1013"", ""count"": 1}]",0.13333333333333333,0.08444444444444445,1.0,1.0714285714285714,1.5,0.13333333333333333,1.1333333333333333,1.1333333333333333,12.1,0.3693277074462127,0.01265199970459526,-0.036148570584557886,0.09915090586292007,0.478616459439276,0.9971468144779235,0.00815195863450421,1.039327917727728,0.09171615343098136,2.2610964346461078,-0.9000107276334774,0.176887271350264,-0.1244398229055162,0.11152793629470163,0.06230113439609057,1.0749664795327716,0.16676243943017638,ordinary,0.9380465782524268,0.8087818806462523
2026-01-17 00:00:00,2026-01-17 01:00:00,1,0.0,0.0,7518.94,1,1,1,1,"[{""sku_id"": ""sku_1031"", ""count"": 1}]",1.0,1.0,1.0,1.0,1.0,1.0,1.0,1.0,5.111111111111111,-2.1634097809573385,0.01265199970459526,-0.036148570584557886,0.09822497993699414,-0.28064279981998325,0.9971468144779235,0.00815195863450421,1.0403199812197916,-0.11519994634226181,2.268040879090552,-1.5146916392985295,0.17410949357248623,2.359687161221468,0.11106497333173866,2.5398143619093183,1.0768183313846234,-0.2194809468132096,ordinary,4.16290669739783,4.16290669739783
2026-01-17 01:00:00,2026-01-17 02:00:00,4,0.0,0.0,1163.29,4,4,4,3,"[{""sku_id"": ""sku_1003"", ""count"": 1}, {""sku_id"": ""sku_1042"", ""count"": 1}, {""sku_id"": ""sku_1022"", ""count"": 1}]",0.25,0.25,1.0,1.0,1.0,0.5,1.0,1.0,4.9,-0.4029401962844329,0.01265199970459526,-0.036148570584557886,0.09591016512217933,-0.2740290432062267,0.9971468144779235,0.00815195863450421,1.0403199812197916,-0.11519994634226181,2.2610964346461078,-1.4912700521183975,0.18568356764656033,0.18376123529554195,0.12263904740581275,1.0781741502691065,1.0768183313846234,-0.2194809468132096,ordinary,1.0352611947523267,1.0352611947523267
2026-01-17 02:00:00,2026-01-17 03:00:00,3,0.0,0.0,978.1,3,3,3,3,"[{""sku_id"": ""sku_1017"", ""count"": 1}, {""sku_id"": ""sku_1005"", ""count"": 1}, {""sku_id"": ""sku_1006"", ""count"": 1}]",0.3333333333333333,0.3333333333333333,1.0,1.0,1.0,0.3333333333333333,1.0,1.0,4.666666666666667,-0.4862166383263153,0.01265199970459526,-0.036148570584557886,0.09417405401106821,-0.2690687257459092,0.9971468144779235,0.00815195863450421,1.0403199812197916,-0.11519994634226181,2.259112307661981,-1.483969015610664,0.18741967875767143,0.41689615593046253,0.12611126962803498,0.5920630391579953,1.0768183313846234,-0.2194809468132096,ordinary,0.8561937344348663,0.8561937344348663
2026-01-17 04:00:00,2026-01-17 05:00:00,3,0.0,0.0,435.32666666666665,3,3,3,3,"[{""sku_id"": ""sku_1003"", ""count"": 1}, {""sku_id"": ""sku_1002"", ""count"": 1}, {""sku_id"": ""sku_1010"", ""count"": 1}]",0.3333333333333333,0.3333333333333333,1.0,1.0,1.0,0.3333333333333333,1.0,1.0,4.75,-0.7020086124500347,0.01265199970459526,-0.036148570584557886,0.09417405401106821,-0.2690687257459092,0.9971468144779235,0.00815195863450421,1.0403199812197916,-0.11519994634226181,2.253556752106425,-1.465357548944974,0.1880810544190471,0.41500651118367493,0.1267726452894106,0.5901733944112078,1.0768183313846234,-0.2194809468132096,ordinary,0.8529813383653275,0.8529813383653275
2026-01-17 05:00:00,2026-01-17 06:00:00,6,0.16666666666666666,0.0,2664.9633333333336,6,6,5,5,"[{""sku_id"": ""sku_1004"", ""count"": 2}, {""sku_id"": ""sku_1032"", ""count"": 1}, {""sku_id"": ""sku_1044"", ""count"": 1}]",0.3333333333333333,0.22222222222222227,1.0,1.0,1.2,0.3333333333333333,1.0,1.0,4.7,0.4593005597219402,0.01265199970459526,0.44004190560591827,0.09417405401106821,-0.2690687257459092,0.9971468144779235,0.00815195863450421,1.0403199812197916,-0.11519994634226181,2.253556752106425,-1.2315655731955477,0.1880810544190471,0.41500651118367493,0.12677264528941062,0.5901733944112078,1.0768183313846234,-0.2194809468132096,ordinary,1.0137365342680065,0.8529813383653275
2026-01-17 06:00:00,2026-01-17 07:00:00,8,0.0,0.0,1455.0162500000001,7,7,6,6,"[{""sku_id"": ""sku_1043"", ""count"": 2}, {""sku_id"": ""sku_1002"", ""count"": 2}, {""sku_id"": ""sku_1011"", ""count"": 1}]",0.25,0.1875,1.0,1.1428571428571428,1.3333333333333333,0.25,1.125,1.125,11.5,-0.5084283763063671,0.014966814519410074,-0.0427623271983145,0.09139627623329044,-0.26113221780940127,0.9971468144779235,0.00815195863450421,1.0403199812197916,0.29296331896386046,2.256334529884203,-1.0837801999964218,0.18715512849312113,0.17955677573393963,0.12862449714126248,0.3467871510249644,1.0768183313846234,0.13766191032964759,ordinary,0.8494604289791494,0.8494604289791494
2026-01-17 07:00:00,2026-01-17 08:00:00,13,0.0,0.07692307692307693,1151.5623076923077,13,13,9,12,"[{""sku_id"": ""sku_1001"", ""count"": 2}, {""sku_id"": ""sku_1010"", ""count"": 2}, {""sku_id"": ""sku_1015"", ""count"": 1}]",0.15384615384615385,0.10059171597633138,1.0,1.0,1.4444444444444444,0.15384615384615385,1.0,1.0,16.6,-0.4990169670364575,0.014966814519410074,-0.0427623271983145,0.09139627623329044,-0.04135199802918147,0.9971468144779235,0.00815195863450421,1.0423041082039186,-0.12086888058262461,2.25749193729161,-0.9561681784902959,0.1878495729375656,-0.09715262597546213,0.12931894158570692,0.07007774931556267,1.0785544424957345,-0.2244412642735272,ordinary,0.06339896222350393,0.06339896222350393
2026-01-17 08:00:00,2026-01-17 09:00:00,11,0.0,0.09090909090909091,1822.0300000000002,11,11,8,10,"[{""sku_id"": ""sku_1013"", ""count"": 1}, {""sku_id"": ""sku_1010"", ""count"": 1}, {""sku_id"": ""sku_1023"", ""count"": 1}]",0.09090909090909091,0.09090909090909091,1.0,1.0,1.375,0.18181818181818182,1.0,1.0,22.8,-0.9057293415915999,0.014966814519410074,-0.0427623271983145,0.09153872637574058,-0.001798958476141905,0.9971468144779235,0.00815195863450421,1.0423041082039186,-0.12086888058262461,2.260192554575561,-1.0446261999685846,0.18628262137061402,-0.2724958013186375,0.12960384187060722,0.1491838284216417,1.0785544424957345,-0.2244412642735272,ordinary,0.12668382550836718,0.12668382550836718
2026-01-17 09:00:00,2026-01-17 10:00:00,17,0.058823529411764705,0.0,1210.6,17,17,11,13,"[{""sku_id"": ""sku_1025"", ""count"": 2}, {""sku_id"": ""sku_1001"", ""count"": 2}, {""sku_id"": ""sku_1002"", ""count"": 2}]",0.11764705882352941,0.07958477508650517,1.0,1.0,1.5454545454545454,0.17647058823529413,1.0,1.0,27.0,-0.8411582311380663,0.014966814519410074,0.12530489969244182,0.09180928914630335,-0.2623122547037239,0.9971468144779235,0.00815195863450421,1.0423041082039186,-0.12086888058262461,2.2576848385261785,-0.8381587741280813,0.18556112064911331,-0.19404017664452544,0.1306409991577645,0.13094168307865608,1.0785544424957345,-0.2244412642735272,ordinary,0.11209010923397866,0.11209010923397866
2026-01-17 10:00:00,2026-01-17 11:00:00,13,0.0,0.07692307692307693,761.63,13,13,10,10,"[{""sku_id"": ""sku_1001"", ""count"": 4}, {""sku_id"": ""sku_1010"", ""count"": 2}, {""sku_id"": ""sku_1045"", ""count"": 1}]",0.3076923076923077,0.1597633136094675,1.0,1.0,1.3,0.3076923076923077,1.0,1.0,32.2,-1.1402922868507552,0.015783807983462364,-0.0450965942384639,0.09074091307792728,-0.03947953187100102,0.9971468144779235,0.00815195863450421,1.0423041082039186,-0.12086888058262461,2.25658004054638,-1.124539947916057,0.18452416740627772,0.3519089722458,0.1320236034815453,0.5019105834593213,1.0780202544615465,-0.22291501274727568,ordinary,0.7255833045597309,0.7255833045597309
2026-01-17 11:00:00,2026-01-17 12:00:00,24,0.041666666666666664,0.20833333333333334,1202.98875,24,24,14,20,"[{""sku_id"": ""sku_1001"", ""count"": 5}, {""sku_id"": ""sku_1006"", ""count"": 2}, {""sku_id"": ""sku_1043"", ""count"": 2}]",0.20833333333333334,0.09027777777777778,1.0,1.0,1.7142857142857142,0.08333333333333333,1.0416666666666667,1.0,31.9,-0.4733472309216369,0.015783807983462364,0.07395102480915515,0.09081722565423986,0.33576030765455284,0.9974775023086114,0.007207136261110201,1.0423041082039186,-0.12086888058262461,2.2422281886945283,-0.6153081203640003,0.18648285686496716,0.06242993276676054,0.13497435643229824,-0.14754578028275692,1.0776895666308586,-0.22197019037388166,ordinary,0.43200970054509175,0.43200970054509175
2026-01-17 12:00:00,2026-01-17 13:00:00,28,0.03571428571428571,0.0,1161.739642857143,28,28,14,20,"[{""sku_id"": ""sku_1001"", ""count"": 5}, {""sku_id"": ""sku_1002"", ""count"": 3}, {""sku_id"": ""sku_1019"", ""count"": 2}]",0.17857142857142858,0.07653061224489796,1.0,1.0,2.0,0.10714285714285714,1.0714285714285714,1.0714285714285714,33.0,-0.22140372138502384,0.01610531004107553,0.05602564478060053,0.09319634088057732,-0.26627525965879234,0.9974775023086114,0.007207136261110201,1.0411929970928075,-0.11769427740802157,2.2303234267897665,-0.2680278127290891,0.18809036715303304,-0.027196967376012755,0.13510295725534352,-0.07988600032138968,1.0753747518160437,-0.01127480110706371,ordinary,0.00648642263499918,0.00648642263499918
2026-01-17 13:00:00,2026-01-17 14:00:00,18,0.0,0.1111111111111111,989.2111111111111,18,18,14,16,"[{""sku_id"": ""sku_1006"", ""count"": 2}, {""sku_id"": ""sku_1002"", ""count"": 2}, {""sku_id"": ""sku_1003"", ""count"": 2}]",0.1111111111111111,0.07407407407407407,1.0,1.0,1.2857142857142858,0.1111111111111111,1.0,1.0,43.1,-0.9715603332252398,0.016601341787107274,-0.047432405106020786,0.09210701626184092,0.054297413855057666,0.9971819940343798,0.008051445616057735,1.0400109639958808,-0.1143170399882308,2.2243710458373855,-1.0922000628217716,0.18866420780040308,-0.22158027625511995,0.13522939672001827,-0.06890938745402048,1.0750051595346868,-0.21430045581339083,ordinary,0.0669734562950154,0.0669734562950154
2026-01-17 14:00:00,2026-01-17 15:00:00,31,0.0,0.0,1248.8883870967743,30,30,15,18,"[{""sku_id"": ""sku_1003"", ""count"": 5}, {""sku_id"": ""sku_1001"", ""count"": 4}, {""sku_id"": ""sku_1002"", ""count"": 3}]",0.16129032258064516,0.08220603537981269,1.0,1.0333333333333334,2.066666666666667,0.12903225806451613,1.064516129032258,1.064516129032258,41.5,-0.37887241097428614,0.016292699811798636,-0.04655057089085325,0.0927243002124582,-0.2649265720355949,0.9974906360096885,0.00716961140089012,1.0400109639958808,-0.01907894475013526,2.2109781886945283,-0.16654576538173121,0.18897284977571172,-0.07909293484304732,0.1355380386953269,-0.018587944659459375,1.0743878755840695,-0.0282049901480327,ordinary,0.006452650260801108,0.006452650260801108
2026-01-17 15:00:00,2026-01-17 16:00:00,26,0.0,0.0,868.6134615384616,26,26,16,20,"[{""sku_id"": ""sku_1002"", ""count"": 5}, {""sku_id"": ""sku_1001"", ""count"": 3}, {""sku_id"": ""sku_1004"", ""count"": 2}]",0.19230769230769232,0.08284023668639054,1.0,1.0,1.625,0.07692307692307693,1.0,1.0,39.2,-0.637087533965594,0.01610995127378694,-0.04602843221081983,0.09144506044637633,-0.261271601275361,0.997680894761591,0.006626014966882707,1.039903150703136,-0.11400900200895998,2.1917020944184338,-0.6637504950995574,0.1897510048407938,0.007304821333995777,0.13659915923862062,-0.17050309233012484,1.0740046931656577,-0.21144198047330778,ordinary,0.012537752670790636,0.012537752670790636
2026-01-17 16:00:00,2026-01-17 17:00:00,28,0.0,0.03571428571428571,1212.3889285714286,27,27,14,19,"[{""sku_id"": ""sku_1011"", ""count"": 3}, {""sku_id"": ""sku_1005"", ""count"": 2}, {""sku_id"": ""sku_1002"", ""count"": 2}]",0.10714285714285714,0.053571428571428575,1.0,1.037037037037037,2.0,0.10714285714285714,1.0357142857142858,1.0357142857142858,31.9,-0.25321946864740674,0.01579429470813037,-0.04512655630894392,0.09049809074940664,-0.15652515724320265,0.997680894761591,0.006626014966882707,1.0392417750417602,-0.0062992514420663025,2.1851710097623496,-0.2162376848481762,0.18989669248648144,-0.23643952955321232,0.13640490904437044,-0.08360586257575231,1.0721107537717183,-0.10398990873552133,ordinary,0.005963413470194436,0.005963413470194436
2026-01-17 17:00:00,2026-01-17 18:00:00,26,0.038461538461538464,0.038461538461538464,1152.4203846153846,25,25,13,17,"[{""sku_id"": ""sku_1002"", ""count"": 3}, {""sku_id"": ""sku_1024"", ""count"": 2}, {""sku_id"": ""sku_1011"", ""count"": 2}]",0.11538461538461539,0.06213017751479291,1.0,1.04,2.0,0.11538461538461539,1.1538461538461537,1.1538461538461537,32.1,-0.319976037807777,0.015510847996112234,0.06557340132978923,0.09014378235938397,-0.14766355399384432,0.997680894761591,0.006626014966882707,1.038850381232492,0.0032846250500227574,2.1751401455648187,-0.20503924218044178,0.18968410745246783,-0.21228426305100698,0.13675921743439312,-0.061070291570793515,1.0717564453816957,0.23454202418416592,ordinary,0.19688165786754994,0.19688165786754994
2026-01-17 18:00:00,2026-01-17 19:00:00,34,0.0,0.058823529411764705,920.2685294117647,34,34,20,25,"[{""sku_id"": ""sku_1003"", ""count"": 5}, {""sku_id"": ""sku_1006"", ""count"": 4}, {""sku_id"": ""sku_1001"", ""count"": 3}]",0.14705882352941177,0.0726643598615917,1.0,1.0,1.7,0.11764705882352941,1.0,1.0,43.9,-0.3534987924329312,0.015797020157284392,-0.04513434330652684,0.08993392277452439,-0.0888868381793134,0.997680894761591,0.006626014966882707,1.038619773266035,-0.11034220933152841,2.164029034453707,-0.5451892997630156,0.18955056044392082,-0.12140496261288301,0.13736971804489373,-0.05635045491818377,1.0731491498994004,-0.2089975711411439,ordinary,0.005963413470194436,0.005963413470194436
2026-01-17 19:00:00,2026-01-17 20:00:00,41,0.0,0.04878048780487805,1256.4465853658537,37,38,17,25,"[{""sku_id"": ""sku_1004"", ""count"": 5}, {""sku_id"": ""sku_1002"", ""count"": 4}, {""sku_id"": ""sku_1006"", ""count"": 3}]",0.12195121951219512,0.06127305175490778,0.9736842105263158,1.0789473684210527,2.411764705882353,0.07317073170731707,1.170731707317073,1.146341463414634,46.9,-0.23356493308250717,0.015549004284268522,-0.044425726526481496,0.08951083687349731,-0.11637242591034076,0.997680894761591,-0.06856195495792924,1.038619773266035,0.11522170044290776,2.1506031085277817,0.3069898002669437,0.1898569329929404,-0.1940163242307008,0.1380116414809348,-0.18525974221033642,1.0726531181533685,0.21053812931790158,ordinary,0.28365220389722906,0.28365220389722906
2026-01-17 20:00:00,2026-01-17 21:00:00,34,0.058823529411764705,0.029411764705882353,1237.4682352941177,34,34,16,23,"[{""sku_id"": ""sku_1001"", ""count"": 5}, {""sku_id"": ""sku_1009"", ""count"": 3}, {""sku_id"": ""sku_1014"", ""count"": 3}]",0.14705882352941177,0.06574394463667821,1.0,1.0,2.125,0.08823529411764706,1.0588235294117647,1.0588235294117647,42.0,-0.40625482143931957,0.01539637913164337,0.1240775722289181,0.08835684181706321,-0.16841450603194533,0.99749120640568,0.0071679816980571185,1.037606559852755,-0.1074473138650145,2.1266503456044306,-0.00201838757325039,0.19032969870960859,-0.12363107194341948,0.13795952557516034,-0.1420692327357522,1.0719383857313192,-0.03747101805586985,ordinary,0.006451183528251407,0.006451183528251407
2026-01-17 21:00:00,2026-01-17 22:00:00,20,0.0,0.15,2174.6655,20,20,12,16,"[{""sku_id"": ""sku_1001"", ""count"": 2}, {""sku_id"": ""sku_1003"", ""count"": 2}, {""sku_id"": ""sku_1008"", ""count"": 2}]",0.1,0.07,1.0,1.0,1.6666666666666667,0.1,1.0,1.0,30.2,-0.7392080704568716,0.016213372595695653,-0.04632392170198758,0.08812676894500253,0.17678066015713562,0.99749120640568,0.0071679816980571185,1.036003995750191,-0.10286855928625993,2.101239992069077,-0.5515322784517347,0.18981790395339193,-0.2566225827239769,0.13838680376613025,-0.10967658218894355,1.0703607431800457,-0.20103069480013058,ordinary,0.20090990970110062,0.20090990970110062
2026-01-17 22:00:00,2026-01-17 23:00:00,14,0.0,0.14285714285714285,1272.8171428571427,14,14,13,13,"[{""sku_id"": ""sku_1001"", ""count"": 3}, {""sku_id"": ""sku_1006"", ""count"": 1}, {""sku_id"": ""sku_1005"", ""count"": 1}]",0.21428571428571427,0.10204081632653063,1.0,1.0,1.0769230769230769,0.14285714285714285,1.0,1.0,16.4,-0.2396806385810882,0.016012084350929146,-0.04574881243122614,0.08960623754403635,0.15214544375173286,0.99749120640568,0.0071679816980571185,1.0351492948954901,-0.1004265568442575,2.080827534156619,-1.2874881023693219,0.18959648688414876,0.0705406497187586,0.1389705396759531,0.01110458051768499,1.0679452842428476,-0.19412938355099324,ordinary,0.2461814208161883,0.2461814208161883
2026-01-17 23:00:00,2026-01-18 00:00:00,6,0.0,0.0,840.89,5,5,6,5,"[{""sku_id"": ""sku_1002"", ""count"": 2}, {""sku_id"": ""sku_1022"", ""count"": 1}, {""sku_id"": ""sku_1003"", ""count"": 1}]",0.3333333333333333,0.22222222222222227,1.0,1.2,1.0,0.3333333333333333,1.1666666666666667,1.1666666666666667,12.4,-0.8096150499840894,0.016012084350929146,-0.04574881243122614,0.09008070269241453,-0.2573734362640415,0.99749120640568,0.0071679816980571185,1.0338265435727387,0.47478130407788927,2.065361518690603,-1.3510773877690763,0.1907610831574407,0.4073492862168361,0.13974693719148104,0.5531039889767209,1.0655298253056498,0.28896240388861993,ordinary,1.5214999594935656,1.5214999594935656
2026-01-18 00:00:00,2026-01-18 01:00:00,3,0.0,0.0,2222.4033333333336,3,3,3,3,"[{""sku_id"": ""sku_1027"", ""count"": 1}, {""sku_id"": ""sku_1017"", ""count"": 1}, {""sku_id"": ""sku_1002"", ""count"": 1}]",0.3333333333333333,0.3333333333333333,1.0,1.0,1.0,0.3333333333333333,1.0,1.0,4.777777777777778,-0.7619047619047619,0.016012084350929146,-0.04574881243122614,0.0894493895611014,-0.25556968446028977,0.99749120640568,0.0071679816980571185,1.0366043213505165,-0.10458377528719001,2.0574250107540952,-1.3277475264561631,0.19286546026181778,0.4013367802043301,0.14248262742717127,0.545287731160463,1.0678446401204644,-0.19384182891561266,ordinary,0.803884470640519,0.803884470640519
2026-01-18 01:00:00,2026-01-18 02:00:00,3,0.0,0.0,2121.4500000000003,3,3,3,3,"[{""sku_id"": ""sku_1040"", ""count"": 1}, {""sku_id"": ""sku_1020"", ""count"": 1}, {""sku_id"": ""sku_1043"", ""count"": 1}]",0.3333333333333333,0.3333333333333333,1.0,1.0,1.0,0.3333333333333333,1.0,1.0,4.8,-0.7996709849747745,0.016012084350929146,-0.04574881243122614,0.08895335781506965,-0.254152450900199,0.99749120640568,0.0071679816980571185,1.0366043213505165,-0.10458377528719001,2.0470083440874287,-1.3000862958198791,0.19501493116128868,0.3951954347772704,0.1461201935647374,0.5348946850531312,1.0678446401204644,-0.19384182891561266,ordinary,0.7900428228702998,0.7900428228702998
2026-01-18 02:00:00,2026-01-18 03:00:00,75,0.84,0.9066666666666666,665.9126666666667,43,12,5,6,"[{""sku_id"": ""sku_1050"", ""count"": 71}, {""sku_id"": ""sku_1004"", ""count"": 1}, {""sku_id"": ""sku_1007"", ""count"": 1}]",0.9466666666666667,0.8968888888888891,3.5833333333333335,6.25,15.0,0.6,1.88,6.826666666666667,4.888888888888889,21.781294360835474,0.016012084350929146,2.354251187568774,0.08432372818544003,2.3495512528035047,0.99749120640568,7.388120362650439,1.0366043213505165,14.895416224712811,2.040063899642984,15.955659113721053,0.1965581410378319,2.1431672160823854,0.14766340344128062,1.2923902758820556,1.0678446401204644,16.453777218703436,suspicious_coordinated_spike,65.83412755933807,58.21067453304566
2026-01-18 03:00:00,2026-01-18 04:00:00,62,0.8064516129032258,0.7258064516129032,615.7900000000001,40,11,5,6,"[{""sku_id"": ""sku_1050"", ""count"": 58}, {""sku_id"": ""sku_1003"", ""count"": 2}, {""sku_id"": ""sku_1005"", ""count"": 1}]",0.9354838709677419,0.8766909469302809,3.6363636363636362,5.636363636363637,12.4,0.5,2.338709677419355,15.209677419354838,3.875,20.759874286951323,0.027678751017595815,2.2250653196732286,0.09691632077803261,1.7968289452424877,1.0333708360353095,7.437122286652363,1.1095209880171832,7.349100627925014,2.2325242171033017,5.893344456939072,0.20797017807486895,2.078610551122494,0.15426062566350285,0.9878267838185634,1.1487705660463903,20.624207175509515,suspicious_coordinated_spike,50.33869964652362,43.07274364609066
2026-01-18 04:00:00,2026-01-18 05:00:00,79,0.8481012658227848,0.7974683544303798,677.4232911392404,50,15,8,9,"[{""sku_id"": ""sku_1050"", ""count"": 73}, {""sku_id"": ""sku_1005"", ""count"": 1}, {""sku_id"": ""sku_1016"", ""count"": 1}]",0.9240506329113924,0.8548309565774718,3.3333333333333335,5.266666666666667,9.875,0.5316455696202531,2.050632911392405,12.329113924050633,4.375,29.807448303385083,0.038879467863473946,2.312062279883745,0.10236733630969332,1.9860029089162472,1.0699869976514713,5.234319521953744,1.1739149274111227,5.023873040893632,2.388079772658857,3.5721137505987577,0.21401856517164314,2.0286630506849983,0.1588902552931325,1.0650151837917732,1.346127196870763,6.1304570923029456,suspicious_coordinated_spike,31.934145283136928,21.501538376952148
2026-01-18 05:00:00,2026-01-18 06:00:00,4,0.0,0.25,1795.0099999999998,4,4,3,4,"[{""sku_id"": ""sku_1004"", ""count"": 1}, {""sku_id"": ""sku_1027"", ""count"": 1}, {""sku_id"": ""sku_1010"", ""count"": 1}]",0.25,0.25,1.0,1.0,1.3333333333333333,0.25,1.0,1.0,4.9,-0.31622776601683805,0.04926976322212374,-0.14077075206321069,0.11344328567678191,0.3901620409234803,1.1023944050588785,-0.2015921674604927,1.2331741866703818,-0.24638895407500586,2.507871439325524,-0.517581233055657,0.22129704618430135,0.08200843947342472,0.16349644376008043,0.24715301782834162,1.5034760013714665,-0.2278709794441012,ordinary,0.700708254804584,0.700708254804584
2026-01-18 06:00:00,2026-01-18 07:00:00,8,0.0,0.125,1170.925,8,8,6,7,"[{""sku_id"": ""sku_1001"", ""count"": 2}, {""sku_id"": ""sku_1004"", ""count"": 2}, {""sku_id"": ""sku_1008"", ""count"": 1}]",0.25,0.1875,1.0,1.0,1.3333333333333333,0.25,1.0,1.0,11.5,-0.5084283763063671,0.047880874333234846,-0.1368024980949567,0.11413773012122637,0.03103505679649609,1.1023944050588785,-0.2015921674604927,1.2331741866703818,-0.24638895407500586,2.5109578590786104,-0.5193477846555661,0.2206026017398569,0.0839925664575517,0.1641908882045249,0.2451688908442146,1.5034760013714665,-0.2278709794441012,ordinary,0.3058669849633139,0.3058669849633139
2026-01-18 07:00:00,2026-01-18 08:00:00,13,0.0,0.07692307692307693,1082.0176923076922,13,13,9,12,"[{""sku_id"": ""sku_1045"", ""count"": 2}, {""sku_id"": ""sku_1010"", ""count"": 2}, {""sku_id"": ""sku_1025"", ""count"": 1}]",0.15384615384615385,0.10059171597633138,1.0,1.0,1.4444444444444444,0.15384615384615385,1.0,1.0,16.8,-0.5376401580069885,0.047880874333234846,-0.1368024980949567,0.11388971424821051,-0.10561896378609596,1.1023944050588785,-0.2015921674604927,1.2331741866703818,-0.24638895407500586,2.5051708220415736,-0.46727903469228527,0.22010656999382516,-0.18931547470763233,0.1656789834426201,-0.033808084561332157,1.5014918743873393,-0.2269326585011555,ordinary,0.0,0.0
2026-01-18 08:00:00,2026-01-18 09:00:00,21,0.0,0.0,1121.8190476190475,21,21,13,15,"[{""sku_id"": ""sku_1001"", ""count"": 5}, {""sku_id"": ""sku_1037"", ""count"": 2}, {""sku_id"": ""sku_1003"", ""count"": 1}]",0.23809523809523808,0.09750566893424036,1.0,1.0,1.6153846153846154,0.14285714285714285,1.0,1.0,22.8,-0.13816210295465087,0.047880874333234846,-0.1368024980949567,0.11429671465521091,-0.3265620418720312,1.1023944050588785,-0.2015921674604927,1.2324797422259375,-0.24561501893108534,2.4987173989214835,-0.3887251290421237,0.22092057080782598,0.04907047796403457,0.16583160859524526,-0.06564133068029261,1.5008304987259637,-0.22661851979624664,ordinary,0.044163430167631114,0.044163430167631114
2026-01-18 09:00:00,2026-01-18 10:00:00,23,0.0,0.08695652173913043,1092.444347826087,22,22,16,16,"[{""sku_id"": ""sku_1003"", ""count"": 5}, {""sku_id"": ""sku_1022"", ""count"": 2}, {""sku_id"": ""sku_1002"", ""count"": 2}]",0.21739130434782608,0.09262759924385633,1.0,1.0454545454545454,1.4375,0.13043478260869565,1.0434782608695652,1.0434782608695652,27.4,-0.3851819344359282,0.047880874333234846,-0.1368024980949567,0.11374115909965535,-0.07652753531578547,1.1023944050588785,-0.2015921674604927,1.2319010385222338,-0.19695359133358303,2.498005148209233,-0.46663678787677926,0.22256078244803762,-0.014769937429175825,0.16670462446826115,-0.10362811959875858,1.500274943170408,-0.20668240173580749,ordinary,0.0,0.0
2026-01-18 10:00:00,2026-01-18 11:00:00,20,0.0,0.05,1827.837,20,20,13,16,"[{""sku_id"": ""sku_1017"", ""count"": 3}, {""sku_id"": ""sku_1043"", ""count"": 2}, {""sku_id"": ""sku_1004"", ""count"": 2}]",0.15,0.08000000000000002,1.0,1.0,1.5384615384615385,0.15,1.0,1.0,31.3,-0.639725133276066,0.047880874333234846,-0.1368024980949567,0.1138151017201818,-0.1823288620576623,1.1023944050588785,-0.2015921674604927,1.232242999801695,-0.24534982441438868,2.487036082552667,-0.41679365371410343,0.22217874557531753,-0.20622498735805012,0.16766587853510526,-0.05047393867172932,1.5005953611926897,-0.2265066277342492,ordinary,0.0,0.0
2026-01-18 11:00:00,2026-01-18 12:00:00,28,0.03571428571428571,0.03571428571428571,1501.6696428571427,27,27,17,23,"[{""sku_id"": ""sku_1009"", ""count"": 4}, {""sku_id"": ""sku_1004"", ""count"": 3}, {""sku_id"": ""sku_1008"", ""count"": 3}]",0.14285714285714285,0.07142857142857142,1.0,1.037037037037037,1.6470588235294117,0.10714285714285714,1.1071428571428572,1.1071428571428572,31.8,-0.22702137693124047,0.04755018650254702,-0.03381685939503231,0.11252541918049926,-0.2194603813320387,1.1023944050588785,-0.2015921674604927,1.2315485553572507,-0.20545552917535115,2.477701849534224,-0.36457101881731085,0.22227795192452385,-0.2269165973353743,0.16842646054568727,-0.17509600972237183,1.4996032977006262,-0.17756135258291803,ordinary,0.0,0.0
2026-01-18 12:00:00,2026-01-18 13:00:00,27,0.0,0.07407407407407407,1352.5233333333329,27,27,17,22,"[{""sku_id"": ""sku_1002"", ""count"": 3}, {""sku_id"": ""sku_1003"", ""count"": 2}, {""sku_id"": ""sku_1006"", ""count"": 2}]",0.1111111111111111,0.05898491083676268,1.0,1.0,1.588235294117647,0.1111111111111111,1.0,1.0,33.1,-0.27043974032700163,0.04804621824857877,-0.13727490928165365,0.11173544269607835,-0.10760391034858367,1.1023944050588785,-0.2015921674604927,1.231800904142094,-0.24485721027536708,2.4648633808134024,-0.38440508605840984,0.22194726409383603,-0.3166747228077855,0.16862854755332987,-0.16433553269205364,1.4992909814160875,-0.22588924329566917,ordinary,0.0,0.0
2026-01-18 13:00:00,2026-01-18 14:00:00,23,0.0,0.043478260869565216,1309.1578260869567,23,23,14,16,"[{""sku_id"": ""sku_1002"", ""count"": 4}, {""sku_id"": ""sku_1003"", ""count"": 2}, {""sku_id"": ""sku_1001"", ""count"": 2}]",0.17391304347826086,0.07372400756143668,1.0,1.0,1.6428571428571428,0.13043478260869565,1.0869565217391304,1.0869565217391304,43.1,-0.7780224182401323,0.04804621824857877,-0.13727490928165365,0.11137536039155159,-0.1939917129199611,1.1026424209318944,-0.20210241538565826,1.2308088406500306,-0.24375575467440685,2.445255537676147,-0.3516387419639248,0.22117565915556442,-0.1350360447922959,0.16901435002246565,-0.11022733546791429,1.4974391295642357,-0.18567974713368443,ordinary,0.0,0.0
2026-01-18 14:00:00,2026-01-18 15:00:00,27,0.0,0.14814814814814814,1492.7814814814817,26,26,17,22,"[{""sku_id"": ""sku_1001"", ""count"": 4}, {""sku_id"": ""sku_1002"", ""count"": 4}, {""sku_id"": ""sku_1007"", ""count"": 2}]",0.14814814814814814,0.07818930041152262,1.0,1.0384615384615385,1.588235294117647,0.1111111111111111,1.0740740740740742,1.0740740740740742,41.5,-0.5232047580121094,0.04705415475651528,-0.13444044216147225,0.1117808124274384,0.10390667348774213,1.1026424209318944,-0.20210241538565826,1.230186950102767,-0.20245036007421408,2.4217767016973113,-0.36537788615430306,0.22220222920387359,-0.21158308873064413,0.17003229343171342,-0.1683462352017209,1.4974563828423586,-0.19151514397246644,ordinary,0.11429734083651635,0.11429734083651635
2026-01-18 15:00:00,2026-01-18 16:00:00,42,0.023809523809523808,0.11904761904761904,825.5492857142857,41,41,21,27,"[{""sku_id"": ""sku_1001"", ""count"": 5}, {""sku_id"": ""sku_1006"", ""count"": 4}, {""sku_id"": ""sku_1035"", ""count"": 3}]",0.11904761904761904,0.060090702947845825,1.0,1.024390243902439,2.0,0.11904761904761904,1.0714285714285714,1.0714285714285714,39.4,0.12642628902794334,0.04705415475651528,-0.0664132312771185,0.11221805522579231,0.019513039490933512,1.1026424209318944,-0.20210241538565826,1.2302422109338897,-0.21736977382087996,2.404152985544183,-0.17704239844557507,0.22287095348370897,-0.2966380983888284,0.1706495773823307,-0.14743416667060472,1.4968648190563503,-0.19243474378121547,ordinary,0.06571354459980702,0.021464343440026866
2026-01-18 16:00:00,2026-01-18 17:00:00,19,0.0,0.05263157894736842,748.6289473684211,18,18,13,19,"[{""sku_id"": ""sku_1002"", ""count"": 4}, {""sku_id"": ""sku_1011"", ""count"": 3}, {""sku_id"": ""sku_1010"", ""count"": 2}]",0.21052631578947367,0.10803324099722991,1.0,1.0555555555555556,1.4615384615384615,0.05263157894736842,1.105263157894737,1.105263157894737,32.9,-0.9450705552004288,0.04719715489951542,-0.13484901399861549,0.11330843131616843,-0.1733624353394286,1.1026424209318944,-0.20210241538565826,1.229787313527773,-0.1839624475700389,2.380541874433072,-0.40342588424446296,0.2235859541987097,-0.0373132525978172,0.1713645780973314,-0.3392371404284657,1.4959800056715369,-0.1767175952469287,ordinary,0.0,0.0
2026-01-18 17:00:00,2026-01-18 18:00:00,22,0.0,0.045454545454545456,927.0059090909091,21,21,13,16,"[{""sku_id"": ""sku_1002"", ""count"": 4}, {""sku_id"": ""sku_1001"", ""count"": 3}, {""sku_id"": ""sku_1004"", ""count"": 2}]",0.18181818181818182,0.09504132231404955,1.0,1.0476190476190477,1.6923076923076923,0.18181818181818182,1.0909090909090908,1.0909090909090908,33.1,-0.6040682767731795,0.04719715489951542,-0.13484901399861549,0.11267776969479473,-0.1920663549721408,1.1029201987096724,-0.20267432298180013,1.230281140688267,-0.19288431341324608,2.3635603179778317,-0.2943756491130646,0.22487594387879228,-0.1230221773160299,0.1707339164759577,0.031669329549211776,1.4966250005115782,-0.18351170353838375,ordinary,0.02533546363936942,0.02533546363936942
2026-01-18 18:00:00,2026-01-18 19:00:00,31,0.06451612903225806,0.06451612903225806,1226.8190322580645,31,31,13,25,"[{""sku_id"": ""sku_1001"", ""count"": 5}, {""sku_id"": ""sku_1002"", ""count"": 3}, {""sku_id"": ""sku_1003"", ""count"": 3}]",0.16129032258064516,0.0676378772112383,1.0,1.0,2.3846153846153846,0.06451612903225806,1.0,1.0,44.3,-0.47819250756147386,0.04691937712173764,0.05027643403005835,0.11219797171499674,-0.1362338362363962,1.1029201987096724,-0.20267432298180013,1.2297347868810433,-0.242566927526669,2.348484344568525,0.015839516371942284,0.22545675195960035,-0.18333265536844343,0.1724258356678769,-0.3083134475303395,1.4959431823297598,-0.22431083818931688,ordinary,0.0,0.0
2026-01-18 19:00:00,2026-01-18 20:00:00,43,0.0,0.16279069767441862,1697.5502325581397,40,40,19,30,"[{""sku_id"": ""sku_1003"", ""count"": 6}, {""sku_id"": ""sku_1001"", ""count"": 5}, {""sku_id"": ""sku_1009"", ""count"": 4}]",0.13953488372093023,0.06868577609518656,1.0,1.075,2.263157894736842,0.06976744186046512,1.0930232558139534,1.0930232558139534,48.2,-0.21221838336606869,0.04736740579557277,-0.13533544513020793,0.1106298713565738,0.14903093233669948,1.1031516801911538,-0.20315076146944674,1.2292718239180802,-0.1628707384448792,2.340598711682892,-0.03396625862303256,0.2259047806334355,-0.24677113403572934,0.1724258356678769,-0.2933096965926051,1.4945990963082545,-0.18160667312154827,ordinary,0.16393402557036943,0.16393402557036943
2026-01-18 20:00:00,2026-01-18 21:00:00,28,0.0,0.07142857142857142,1067.1935714285714,28,28,15,24,"[{""sku_id"": ""sku_1001"", ""count"": 6}, {""sku_id"": ""sku_1002"", ""count"": 4}, {""sku_id"": ""sku_1005"", ""count"": 3}]",0.21428571428571427,0.10459183673469388,1.0,1.0,1.8666666666666667,0.07142857142857142,1.0357142857142858,1.0357142857142858,42.7,-0.7648945196853603,0.04719159707546025,-0.134833134501315,0.11201180966815591,-0.11595210925595568,1.1035220505615242,-0.20391484361615986,1.2295727498440063,-0.24238246622115797,2.324326146211242,-0.20106363442737527,0.2260846779284343,-0.03371132469348583,0.17233997559526382,-0.28831829761912114,1.4941329987712122,-0.20730530647089937,ordinary,0.0,0.0
2026-01-18 21:00:00,2026-01-18 22:00:00,27,0.0,0.0,1884.484074074074,27,27,14,23,"[{""sku_id"": ""sku_1004"", ""count"": 4}, {""sku_id"": ""sku_1001"", ""count"": 4}, {""sku_id"": ""sku_1028"", ""count"": 2}]",0.14814814814814814,0.07818930041152262,1.0,1.0,1.9285714285714286,0.07407407407407407,1.0,1.0,29.4,-0.16940473074544607,0.046995978922095616,-0.13427422549170176,0.11163454608666698,-0.3189558459619057,1.1035220505615242,-0.20391484361615986,1.2285205612918177,-0.2412167269530935,2.3054288398139353,-0.16570715792621335,0.22671345056424924,-0.22447229261743173,0.17235394832050416,-0.280799640704086,1.4928684671369623,-0.2228600212607769,ordinary,0.0,0.0
2026-01-18 22:00:00,2026-01-18 23:00:00,12,0.08333333333333333,0.0,1382.6208333333334,12,12,7,12,"[{""sku_id"": ""sku_1005"", ""count"": 2}, {""sku_id"": ""sku_1003"", ""count"": 2}, {""sku_id"": ""sku_1001"", ""count"": 1}]",0.16666666666666666,0.11111111111111112,1.0,1.0,1.7142857142857142,0.08333333333333333,1.0,1.0,17.0,-0.5194075207983327,0.04675231420474669,0.10451719751024754,0.10968522834787556,-0.3133863667082159,1.1035220505615242,-0.20391484361615986,1.2277489563535462,-0.24036027116383493,2.2926312207663164,-0.25436066388039597,0.2268217459941821,-0.17187165522147269,0.17216443131812165,-0.2538031370993952,1.4911628141155198,-0.22205496444616932,ordinary,0.0,0.0
2026-01-18 23:00:00,2026-01-19 00:00:00,7,0.0,0.14285714285714285,742.3342857142858,7,7,6,7,"[{""sku_id"": ""sku_1006"", ""count"": 2}, {""sku_id"": ""sku_1004"", ""count"": 1}, {""sku_id"": ""sku_1003"", ""count"": 1}]",0.2857142857142857,0.18367346938775508,1.0,1.0,1.1666666666666667,0.14285714285714285,1.0,1.0,12.4,-0.6831126984240754,0.04733101790845039,-0.1352314797384297,0.10910652464417185,0.09643033775134571,1.1035220505615242,-0.20391484361615986,1.2257648293694192,-0.238183377873457,2.2813530252775944,-0.49006668062586695,0.22711109784603392,0.16743767962357653,0.1724537831699735,-0.08456182946523046,1.488847999300705,-0.22096532461657464,ordinary,0.25676728318769915,0.25676728318769915
2026-01-19 00:00:00,2026-01-19 01:00:00,2,0.0,0.0,346.495,2,2,2,2,"[{""sku_id"": ""sku_1010"", ""count"": 2}]",1.0,1.0,1.0,1.0,1.0,0.5,1.0,1.0,4.777777777777778,-1.1904761904761907,0.04733101790845039,-0.1352314797384297,0.11109065162829884,-0.3174018617951396,1.1035220505615242,-0.20391484361615986,1.2257648293694192,-0.238183377873457,2.2680428400924093,-0.556576736405391,0.22862837142213102,2.2039189387939118,0.17321241995802206,0.9336788001199371,1.4884395025686787,-0.22077182342194224,ordinary,2.73047008501047,2.73047008501047
2026-01-19 01:00:00,2026-01-19 02:00:00,4,0.0,0.0,839.83,3,4,3,3,"[{""sku_id"": ""sku_1010"", ""count"": 1}, {""sku_id"": ""sku_1001"", ""count"": 1}, {""sku_id"": ""sku_1022"", ""count"": 1}]",0.25,0.25,0.75,1.0,1.3333333333333333,0.5,1.25,1.0,4.9,-0.42218433036051456,0.04733101790845039,-0.1352314797384297,0.10942398496163216,-0.31263995703323477,1.1035220505615242,-0.6963578606112957,1.22455709990082,-0.2368505626022561,2.2552223272718965,-0.403832397107592,0.24085059364435324,0.026141161016133604,0.1790457532913554,0.9170121334532703,1.4873283914575677,-0.22024690113685286,ordinary,0.7571367516771366,0.7571367516771366
2026-01-19 03:00:00,2026-01-19 04:00:00,1,0.0,0.0,492.58,1,1,1,1,"[{""sku_id"": ""sku_1002"", ""count"": 1}]",1.0,1.0,1.0,1.0,1.0,1.0,1.0,1.0,11.375,-0.5028495919779148,0.04733101790845039,-0.1352314797384297,0.10743985797750519,-0.306971022792872,1.100049828339302,-0.19646757311078786,1.22455709990082,-0.2368505626022561,2.2575371420867114,-0.5511125590522007,0.2403545618983215,2.1704155374333673,0.18400607075167286,2.331411226423792,1.4873283914575677,-0.22024690113685286,ordinary,3.8185029648290643,3.8185029648290643
2026-01-19 05:00:00,2026-01-19 06:00:00,6,0.0,0.16666666666666666,1287.4366666666667,6,6,5,6,"[{""sku_id"": ""sku_1001"", ""count"": 2}, {""sku_id"": ""sku_1002"", ""count"": 2}, {""sku_id"": ""sku_1009"", ""count"": 1}]",0.3333333333333333,0.2777777777777778,1.0,1.0,1.2,0.16666666666666666,1.0,1.0,4.9,0.3865006029094684,0.04733101790845039,-0.1352314797384297,0.10347160400925122,0.18055732187832985,1.100049828339302,-0.19646757311078786,1.2222422850860053,-0.23432332735478034,2.2552223272718965,-0.4622042102634901,0.2522593238030834,0.23164002722928545,0.19591083265643475,-0.08355475997076597,1.4853442644734407,-0.21931278600491314,ordinary,0.5423642895908337,0.40708907857251975
2026-01-19 06:00:00,2026-01-19 07:00:00,8,0.0,0.0,770.4024999999999,8,8,6,6,"[{""sku_id"": ""sku_1038"", ""count"": 1}, {""sku_id"": ""sku_1001"", ""count"": 1}, {""sku_id"": ""sku_1003"", ""count"": 1}]",0.125,0.125,1.0,1.0,1.3333333333333333,0.25,1.0,1.0,11.5,-0.5084283763063671,0.04733101790845039,-0.1352314797384297,0.10439752993517713,-0.298278656957649,1.100049828339302,-0.19646757311078786,1.2222422850860053,-0.23432332735478034,2.2487408457904148,-0.40054979822429715,0.25272228676604636,-0.36492081933156106,0.19544786969347178,0.1558632294472235,1.4853442644734407,-0.21931278600491314,ordinary,0.1246905835577788,0.1246905835577788
2026-01-19 07:00:00,2026-01-19 08:00:00,9,0.2222222222222222,0.0,615.7844444444444,9,9,7,8,"[{""sku_id"": ""sku_1002"", ""count"": 2}, {""sku_id"": ""sku_1003"", ""count"": 2}, {""sku_id"": ""sku_1006"", ""count"": 2}]",0.2222222222222222,0.18518518518518517,1.0,1.0,1.2857142857142858,0.2222222222222222,1.0,1.0,16.9,-1.128699406281039,0.04733101790845039,0.4996891551822052,0.10092530771295491,-0.28835802203701405,1.100049828339302,-0.19646757311078786,1.2222422850860053,-0.23432332735478034,2.248740845790415,-0.4213862013080408,0.25098617565493525,-0.08218272409346583,0.19544786969347178,0.0764981500821441,1.4853442644734407,-0.21931278600491314,ordinary,0.06119852006571528,0.06119852006571528
2026-01-19 08:00:00,2026-01-19 09:00:00,8,0.0,0.125,2890.26625,8,8,7,8,"[{""sku_id"": ""sku_1007"", ""count"": 2}, {""sku_id"": ""sku_1022"", ""count"": 1}, {""sku_id"": ""sku_1027"", ""count"": 1}]",0.25,0.15625,1.0,1.0,1.1428571428571428,0.125,1.0,1.0,23.3,-1.1922681210129624,0.05041743766153681,-0.14404982189010518,0.10092530771295491,0.06878483510584311,1.100049828339302,-0.19646757311078786,1.2222422850860053,-0.23432332735478034,2.249236877536447,-0.4841582076621667,0.24851703985246618,0.004237028992953783,0.19575651166878044,-0.20216146191080128,1.4853442644734407,-0.21931278600491314,ordinary,0.07947664471008584,0.07947664471008584
2026-01-19 09:00:00,2026-01-19 10:00:00,16,0.0,0.0,1020.7031249999999,16,16,9,13,"[{""sku_id"": ""sku_1003"", ""count"": 5}, {""sku_id"": ""sku_1007"", ""count"": 2}, {""sku_id"": ""sku_1039"", ""count"": 2}]",0.3125,0.15625,1.0,1.0,1.7777777777777777,0.1875,1.0,1.0,27.8,-1.0570225725938382,0.05041743766153681,-0.14404982189010518,0.10139879256143976,-0.2897108358898279,1.100049828339302,-0.19646757311078786,1.2222422850860053,-0.23432332735478034,2.248134584767487,-0.20578391610766078,0.2482013832868096,0.18371033346625829,0.19496737025463903,-0.021335343584682954,1.4853442644734407,-0.21931278600491314,ordinary,0.16533930011963247,0.16533930011963247
2026-01-19 10:00:00,2026-01-19 11:00:00,30,0.0,0.06666666666666667,1644.889,28,28,17,21,"[{""sku_id"": ""sku_1001"", ""count"": 3}, {""sku_id"": ""sku_1005"", ""count"": 2}, {""sku_id"": ""sku_1021"", ""count"": 2}]",0.1,0.04444444444444445,1.0,1.0714285714285714,1.7647058823529411,0.1,1.0666666666666667,1.0666666666666667,30.5,-0.02776587794525732,0.05041743766153681,-0.14404982189010518,0.10139879256143976,-0.09923464541363741,1.100049828339302,-0.19646757311078786,1.221638420351706,-0.1583536433726933,2.253218099654924,-0.21386547804375033,0.25080554995347626,-0.43087299986707506,0.19641412951389828,-0.27546894146828077,1.484765560769737,-0.18891607414234576,ordinary,0.0,0.0
2026-01-19 11:00:00,2026-01-19 12:00:00,22,0.045454545454545456,0.045454545454545456,1286.644090909091,21,21,16,20,"[{""sku_id"": ""sku_1004"", ""count"": 5}, {""sku_id"": ""sku_1006"", ""count"": 3}, {""sku_id"": ""sku_1012"", ""count"": 2}]",0.22727272727272727,0.10330578512396688,1.0,1.0476190476190477,1.375,0.09090909090909091,1.0909090909090908,1.0909090909090908,31.6,-0.5723034122768099,0.05041743766153681,-0.01417969201997529,0.10121360737625458,-0.1593116054905975,1.100049828339302,-0.19646757311078786,1.2220517801400657,-0.18390395997712533,2.2529263162749054,-0.3843364334528679,0.24941666106458735,-0.06326838226245739,0.19613635173612048,-0.30064931664865596,1.484580375584552,-0.17787576521645854,ordinary,0.0,0.0
2026-01-19 12:00:00,2026-01-19 13:00:00,18,0.0,0.05555555555555555,1517.4533333333331,18,18,14,15,"[{""sku_id"": ""sku_1001"", ""count"": 4}, {""sku_id"": ""sku_1002"", ""count"": 3}, {""sku_id"": ""sku_1005"", ""count"": 2}]",0.2222222222222222,0.12345679012345678,1.0,1.0,1.2857142857142858,0.1111111111111111,1.0,1.0,34.0,-0.7252774622585993,0.05071806296216211,-0.14490875132046319,0.10019148135412856,-0.12753121656735145,1.1003805161699898,-0.1971455291907084,1.2227131558014412,-0.23484064772124735,2.24424576071935,-0.41922691761732406,0.25158116322908947,-0.0838826885910493,0.19640691450668324,-0.2437022954159204,1.4851816261858024,-0.21923498516738069,ordinary,0.0,0.0
2026-01-19 13:00:00,2026-01-19 14:00:00,13,0.0,0.0,2135.8576923076926,13,13,10,12,"[{""sku_id"": ""sku_1005"", ""count"": 1}, {""sku_id"": ""sku_1014"", ""count"": 1}, {""sku_id"": ""sku_1032"", ""count"": 1}]",0.07692307692307693,0.07692307692307694,1.0,1.0,1.3,0.15384615384615385,1.0,1.0,37.4,-1.0649709236998617,0.05011419822786259,-0.14318342350817884,0.09945342445665137,-0.28415264130471823,1.1003805161699898,-0.1971455291907084,1.2224045138261326,-0.23449794433318294,2.2266090764159987,-0.4048294656726681,0.25255405641212764,-0.5018027985401449,0.1964404625474777,-0.12169802486092532,1.4848796938186526,-0.2190920590715707,ordinary,0.0,0.0
2026-01-19 14:00:00,2026-01-19 15:00:00,18,0.0,0.0,1366.4761111111113,18,18,13,15,"[{""sku_id"": ""sku_1006"", ""count"": 3}, {""sku_id"": ""sku_1002"", ""count"": 3}, {""sku_id"": ""sku_1046"", ""count"": 2}]",0.16666666666666666,0.09876543209876543,1.0,1.0,1.3846153846153846,0.1111111111111111,1.0,1.0,34.8,-0.805231008929409,0.04965123526489963,-0.14186067218542753,0.09875898001220693,-0.28216851432059126,1.100633041422515,-0.197662883765722,1.2211418875635063,-0.2331081637044433,2.2067858440927663,-0.3589213664859698,0.25246502507309626,-0.24513816687551318,0.1976512887583039,-0.24725765042055087,1.4825648790038377,-0.21800428461093183,ordinary,0.0,0.0
2026-01-19 15:00:00,2026-01-19 16:00:00,24,0.0,0.041666666666666664,1290.2,23,24,15,21,"[{""sku_id"": ""sku_1009"", ""count"": 3}, {""sku_id"": ""sku_1002"", ""count"": 3}, {""sku_id"": ""sku_1003"", ""count"": 2}]",0.125,0.06944444444444443,0.9583333333333334,1.0,1.6,0.125,1.0833333333333333,1.0416666666666667,35.0,-0.8672207465256004,0.049146184759849124,-0.1404176707424261,0.09749635374958066,-0.15951339166546855,1.100633041422515,-0.27950432842264317,1.2206177785488312,-0.2325279552013151,2.189640951947874,-0.25724246828821684,0.25275963786770905,-0.36502753676488303,0.19818439762474607,-0.20909827892784594,1.4815547779937368,-0.19870604606734202,ordinary,0.0,0.0
2026-01-19 16:00:00,2026-01-19 17:00:00,27,0.0,0.07407407407407407,1420.1025925925928,26,26,15,18,"[{""sku_id"": ""sku_1001"", ""count"": 5}, {""sku_id"": ""sku_1009"", ""count"": 2}, {""sku_id"": ""sku_1044"", ""count"": 2}]",0.18518518518518517,0.08093278463648833,1.0,1.0384615384615385,1.8,0.1111111111111111,1.037037037037037,1.037037037037037,32.6,-0.37375809005188354,0.048775814389478755,-0.13935946968422502,0.09714913152735843,-0.06592873558081247,1.1000543377188114,-0.19647230041673178,1.2196257150567678,-0.1909050880500218,2.1665733190976324,-0.1601047941028967,0.2530142674973387,-0.19379737803472433,0.19917976799511647,-0.25162473395430107,1.4802816298455885,-0.20020148560804965,ordinary,0.0,0.0
2026-01-19 17:00:00,2026-01-19 18:00:00,23,0.043478260869565216,0.08695652173913043,1339.5156521739132,23,23,18,17,"[{""sku_id"": ""sku_1002"", ""count"": 2}, {""sku_id"": ""sku_1003"", ""count"": 2}, {""sku_id"": ""sku_1039"", ""count"": 1}]",0.08695652173913043,0.05103969754253306,1.0,1.0,1.2777777777777777,0.13043478260869565,1.0434782608695652,1.0434782608695652,33.1,-0.5496477112981182,0.04858555563757617,-0.014592270765745577,0.0964656093445973,-0.027168821729905347,1.1000543377188114,-0.19647230041673178,1.2189161219964284,-0.2306582813461439,2.1454874605117737,-0.379606044613877,0.25425447269492596,-0.47799414558798725,0.19977168411214674,-0.19810543286700313,1.479654480626354,-0.19699815061092935,ordinary,0.0,0.0
2026-01-19 18:00:00,2026-01-19 19:00:00,27,0.0,0.07407407407407407,738.7244444444443,26,26,16,20,"[{""sku_id"": ""sku_1005"", ""count"": 4}, {""sku_id"": ""sku_1001"", ""count"": 2}, {""sku_id"": ""sku_1003"", ""count"": 2}]",0.14814814814814814,0.0672153635116598,1.0,1.0384615384615385,1.6875,0.1111111111111111,1.037037037037037,1.037037037037037,45.4,-0.6827626684226311,0.04918942037187569,-0.14054120106250198,0.09686818583413032,-0.06512603360016071,1.1000543377188114,-0.19647230041673178,1.2182848088651153,-0.18944220794942937,2.119673768031415,-0.18913818484951733,0.2532480314710934,-0.30028538092270085,0.20037554884644626,-0.2550412506723862,1.478044174668222,-0.1991549903105835,ordinary,0.0,0.0
2026-01-19 19:00:00,2026-01-19 20:00:00,33,0.030303030303030304,0.09090909090909091,1350.84,32,32,17,23,"[{""sku_id"": ""sku_1001"", ""count"": 4}, {""sku_id"": ""sku_1002"", ""count"": 3}, {""sku_id"": ""sku_1011"", ""count"": 2}]",0.12121212121212122,0.06152433425160698,1.0,1.03125,1.9411764705882353,0.12121212121212122,1.0303030303030303,1.0303030303030303,49.3,-0.6810016956499402,0.04893689511935043,-0.053239613760914656,0.09562426514576518,-0.013471926390497903,1.1000543377188114,-0.19647230041673178,1.2185617952532128,-0.19734298697107094,2.1083890458091927,-0.0731762996725073,0.25328544261961566,-0.37735234687855557,0.20116118296541372,-0.22842589072369288,1.4770434264452517,-0.20172719377131515,ordinary,0.0,0.0
2026-01-19 20:00:00,2026-01-19 21:00:00,29,0.0,0.06896551724137931,1168.9355172413793,29,29,17,22,"[{""sku_id"": ""sku_1004"", ""count"": 4}, {""sku_id"": ""sku_1003"", ""count"": 4}, {""sku_id"": ""sku_1001"", ""count"": 3}]",0.13793103448275862,0.07728894173602853,1.0,1.0,1.7058823529411764,0.10344827586206896,1.0,1.0,41.7,-0.6432636243557656,0.0486001947826501,-0.13885769937900028,0.09537173989323992,-0.07544635043388748,1.1000543377188114,-0.19647230041673178,1.2179064984122543,-0.22954847827541225,2.0989741687472567,-0.17208208520305623,0.2534537927879658,-0.33006502372916346,0.20183458363881437,-0.2811037365049869,1.475444099845925,-0.21466088457969723,ordinary,0.0,0.0
2026-01-19 21:00:00,2026-01-19 22:00:00,18,0.0,0.05555555555555555,1543.2872222222222,18,18,12,14,"[{""sku_id"": ""sku_1008"", ""count"": 3}, {""sku_id"": ""sku_1001"", ""count"": 3}, {""sku_id"": ""sku_1003"", ""count"": 2}]",0.16666666666666666,0.10493827160493827,1.0,1.0,1.5,0.16666666666666666,1.0,1.0,30.4,-0.9162450406527433,0.048352178909634225,-0.13814908259895495,0.09508951493429081,-0.11295416965352932,1.1003214317359056,-0.19701937649220777,1.2168381223438782,-0.228373904354139,2.0856299421677362,-0.2564311581067537,0.25288934287006765,-0.24635050343828854,0.2022793017559463,-0.10175038596937042,1.4734599728617979,-0.21372973286506894,ordinary,0.0,0.0
2026-01-19 22:00:00,2026-01-19 23:00:00,17,0.0,0.058823529411764705,1118.1976470588233,17,17,13,15,"[{""sku_id"": ""sku_1001"", ""count"": 4}, {""sku_id"": ""sku_1002"", ""count"": 2}, {""sku_id"": ""sku_1019"", ""count"": 1}]",0.23529411764705882,0.10726643598615916,1.0,1.0,1.3076923076923077,0.11764705882352941,1.0,1.0,17.4,-0.04306639136165206,0.04800056146940919,-0.13714446134116912,0.09410303267143726,-0.10079858074192158,1.1003214317359056,-0.19701937649220777,1.21589968390544,-0.2273417278848367,2.0587579614914073,-0.3295520524130801,0.25309445304353223,-0.05085810113278118,0.20371507297019853,-0.24590861184762608,1.4718776943807854,-0.21298651049812625,ordinary,0.0,0.0
2026-01-19 23:00:00,2026-01-20 00:00:00,5,0.2,0.0,2136.228,5,5,5,4,"[{""sku_id"": ""sku_1001"", ""count"": 2}, {""sku_id"": ""sku_1028"", ""count"": 1}, {""sku_id"": ""sku_1030"", ""count"": 1}]",0.4,0.28,1.0,1.0,1.0,0.4,1.0,1.0,12.1,-0.880721894176122,0.04800056146940919,0.4342841100874024,0.09291385329598338,-0.26546815227423826,1.1004867756512493,-0.19735766686217726,1.2149076204133764,-0.22625174199417267,2.0225725285668443,-0.45050050062368574,0.2548192170231982,0.41480223707657665,0.2045774549600315,0.5583501286856244,1.4695628795659705,-0.2119024433687233,ordinary,0.8200021163174185,0.8200021163174185
2026-01-20 00:00:00,2026-01-20 01:00:00,3,0.0,0.0,477.9766666666667,3,3,2,3,"[{""sku_id"": ""sku_1012"", ""count"": 1}, {""sku_id"": ""sku_1050"", ""count"": 1}, {""sku_id"": ""sku_1002"", ""count"": 1}]",0.3333333333333333,0.3333333333333333,1.0,1.0,1.5,0.3333333333333333,1.0,1.0,4.555555555555555,-0.6208440982218899,0.050604728136075854,-0.1445849375316453,0.09083051996265004,-0.25951577132185727,1.1004867756512493,-0.19735766686217726,1.2131470570330947,-0.22433138150334714,1.9881522387117718,-0.21539981746721448,0.2589858836898648,0.21242128469562432,0.2090913438489204,0.35497711281260835,1.4659170462326372,-0.21020391717471523,ordinary,0.4751608464761486,0.4751608464761486
2026-01-20 01:00:00,2026-01-20 02:00:00,6,0.0,0.16666666666666666,762.0750000000002,6,6,5,6,"[{""sku_id"": ""sku_1041"", ""count"": 1}, {""sku_id"": ""sku_1001"", ""count"": 1}, {""sku_id"": ""sku_1007"", ""count"": 1}]",0.16666666666666666,0.16666666666666669,1.0,1.0,1.2,0.16666666666666666,1.0,1.0,5.0,0.4866642633922876,0.050604728136075854,-0.1445849375316453,0.0895202474259624,0.22041834068772645,1.1004867756512493,-0.19735766686217726,1.2126023947237266,-0.22373168605155996,1.9702428819866258,-0.3400729696631057,0.2604708592314442,-0.2680119787565073,0.21267275544919992,-0.13144596795009503,1.4635585556665995,-0.20910119492432055,ordinary,0.4127926669437998,0.24246017475649911
2026-01-20 02:00:00,2026-01-20 03:00:00,4,0.0,0.0,494.16249999999997,4,4,4,4,"[{""sku_id"": ""sku_1002"", ""count"": 2}, {""sku_id"": ""sku_1012"", ""count"": 1}, {""sku_id"": ""sku_1003"", ""count"": 1}]",0.5,0.375,1.0,1.0,1.0,0.25,1.25,1.25,13.75,-0.3907823478273986,0.050604728136075854,-0.1445849375316453,0.09015156055727552,-0.2575758873065015,1.1004867756512493,-0.19735766686217726,1.2126023947237266,-0.22373168605155996,1.958263715319959,-0.42275355080765536,0.26068129694188186,0.6837677230231948,0.21372494400138847,0.10364301713889008,1.4635585556665995,-0.09633162548792433,ordinary,0.6983053644319874,0.6983053644319874
2026-01-20 04:00:00,2026-01-20 05:00:00,1,0.0,0.0,417.37,1,1,1,1,"[{""sku_id"": ""sku_1036"", ""count"": 1}]",1.0,1.0,1.0,1.0,1.0,1.0,1.0,1.0,15.285714285714286,-0.5062680074426821,0.050604728136075854,-0.1445849375316453,0.08644785685357184,-0.246993876724491,1.1004867756512493,-0.19735766686217726,1.2116103312316628,-0.2226439399534883,1.9513192708755145,-0.4192850631420228,0.26577388953447445,2.097788887044359,0.21534531437175883,2.2418705303664033,1.4651789260369699,-0.2098512430772375,ordinary,3.6815064226330456,3.6815064226330456
2026-01-20 05:00:00,2026-01-20 06:00:00,5,0.0,0.0,1128.4219999999998,5,5,5,5,"[{""sku_id"": ""sku_1048"", ""count"": 2}, {""sku_id"": ""sku_1020"", ""count"": 1}, {""sku_id"": ""sku_1029"", ""count"": 1}]",0.4,0.28,1.0,1.0,1.0,0.2,1.0,1.0,5.3,-0.11241221223789874,0.050604728136075854,-0.1445849375316453,0.08644785685357184,-0.246993876724491,1.1004867756512493,-0.19735766686217726,1.2116103312316628,-0.2226439399534883,1.9513192708755145,-0.4192850631420228,0.2657738895344745,0.3835031727586444,0.21534531437175883,-0.04384375534788234,1.4651789260369699,-0.2098512430772375,ordinary,0.34515285548277996,0.34515285548277996
2026-01-20 06:00:00,2026-01-20 07:00:00,6,0.0,0.0,514.7483333333333,6,6,5,5,"[{""sku_id"": ""sku_1001"", ""count"": 2}, {""sku_id"": ""sku_1009"", ""count"": 1}, {""sku_id"": ""sku_1004"", ""count"": 1}]",0.3333333333333333,0.22222222222222227,1.0,1.0,1.2,0.3333333333333333,1.0,1.0,11.8,-0.8748248416334143,0.050604728136075854,-0.1445849375316453,0.08644785685357184,-0.246993876724491,1.1004867756512493,-0.19735766686217726,1.2116103312316628,-0.2226439399534883,1.9513192708755145,-0.3311369353833687,0.2678572228678078,0.18707460133007298,0.21117864770509215,0.3490133875092605,1.4651789260369699,-0.2098512430772375,ordinary,0.4475778512044741,0.4475778512044741
2026-01-20 07:00:00,2026-01-20 08:00:00,6,0.0,0.0,2583.9950000000003,6,6,4,6,"[{""sku_id"": ""sku_1002"", ""count"": 1}, {""sku_id"": ""sku_1027"", ""count"": 1}, {""sku_id"": ""sku_1031"", ""count"": 1}]",0.16666666666666666,0.16666666666666669,1.0,1.0,1.5,0.16666666666666666,1.0,1.0,16.8,-1.5179349217572138,0.050604728136075854,-0.1445849375316453,0.08644785685357184,-0.246993876724491,1.1004867756512493,-0.19735766686217726,1.2116103312316628,-0.2226439399534883,1.9540970486532925,-0.20023247218254359,0.2678572228678078,-0.2891158748604032,0.21117864770509218,-0.12717708868121577,1.4651789260369699,-0.2098512430772375,ordinary,0.0,0.0
2026-01-20 08:00:00,2026-01-20 09:00:00,17,0.0,0.0,1871.7123529411765,16,17,11,15,"[{""sku_id"": ""sku_1019"", ""count"": 3}, {""sku_id"": ""sku_1011"", ""count"": 3}, {""sku_id"": ""sku_1010"", ""count"": 2}]",0.17647058823529413,0.10726643598615918,0.9411764705882353,1.0,1.5454545454545454,0.11764705882352941,1.0588235294117647,1.0,22.6,-0.41454321717875675,0.050604728136075854,-0.1445849375316453,0.08644785685357184,-0.246993876724491,1.1004867756512493,-0.31288803835698814,1.2116103312316628,-0.2226439399534883,1.961041493097737,-0.18342938063043246,0.265542408052993,-0.25449091376485394,0.20886383289027732,-0.26061935447642265,1.4651789260369699,-0.2098512430772375,ordinary,0.0,0.0
2026-01-20 09:00:00,2026-01-20 10:00:00,18,0.05555555555555555,0.05555555555555555,695.6216666666667,17,17,13,15,"[{""sku_id"": ""sku_1005"", ""count"": 3}, {""sku_id"": ""sku_1001"", ""count"": 2}, {""sku_id"": ""sku_1003"", ""count"": 2}]",0.16666666666666666,0.10493827160493827,1.0,1.0588235294117647,1.3846153846153846,0.1111111111111111,1.0555555555555556,1.0555555555555556,27.5,-0.8287895858357851,0.04828991332126104,0.02075897781227003,0.08644785685357184,-0.08826371799433226,1.099669782187197,-0.19567212062328604,1.2116103312316628,-0.1607532833207201,1.9658394728957163,-0.2566811109094898,0.2633637588155202,-0.27627740613958157,0.2058681901887523,-0.2707345116504034,1.4651789260369699,-0.18478905358275183,ordinary,0.0,0.0
2026-01-20 10:00:00,2026-01-20 11:00:00,20,0.0,0.0,1422.804,20,20,12,16,"[{""sku_id"": ""sku_1002"", ""count"": 3}, {""sku_id"": ""sku_1001"", ""count"": 2}, {""sku_id"": ""sku_1016"", ""count"": 2}]",0.15,0.08500000000000002,1.0,1.0,1.6666666666666667,0.1,1.0,1.0,31.5,-0.6521634259746744,0.049061518259532644,-0.14017576645580757,0.08721946179184344,-0.24919846226240983,1.099669782187197,-0.19567212062328604,1.2104431977115881,-0.2213839922860002,1.9665517236079673,-0.13244704781328998,0.2622063514081128,-0.320589575451751,0.20393917784307328,-0.2969690795516379,1.4642144198641303,-0.2094005299823441,ordinary,0.0,0.0
2026-01-20 11:00:00,2026-01-20 12:00:00,12,0.0,0.3333333333333333,1408.2775,12,12,9,10,"[{""sku_id"": ""sku_1016"", ""count"": 2}, {""sku_id"": ""sku_1004"", ""count"": 2}, {""sku_id"": ""sku_1001"", ""count"": 2}]",0.16666666666666666,0.125,1.0,1.0,1.3333333333333333,0.16666666666666666,1.0,1.0,31.8,-1.1904787764692197,0.049061518259532644,-0.14017576645580757,0.08615108572346737,0.7062349931710457,1.099669782187197,-0.19567212062328604,1.2104431977115881,-0.2213839922860002,1.9696381433610535,-0.28110079545022726,0.262152932604694,-0.2728179026800782,0.20319131459521003,-0.10435613693869536,1.4642144198641303,-0.2094005299823441,ordinary,0.7768584924881503,0.7768584924881503
2026-01-20 12:00:00,2026-01-20 13:00:00,24,0.041666666666666664,0.041666666666666664,999.6016666666668,23,23,13,19,"[{""sku_id"": ""sku_1001"", ""count"": 4}, {""sku_id"": ""sku_1004"", ""count"": 4}, {""sku_id"": ""sku_1017"", ""count"": 2}]",0.16666666666666666,0.09374999999999996,1.0,1.0434782608695652,1.8461538461538463,0.08333333333333333,1.0416666666666667,1.0416666666666667,34.3,-0.4726461666202364,0.049061518259532644,-0.021128147408188514,0.08951808909047074,-0.13671834978229735,1.099669782187197,-0.19567212062328604,1.2104431977115881,-0.1756453270612487,1.9690594396573498,-0.05429225990769217,0.2632051211568826,-0.2758241556863313,0.20298087688477232,-0.34185012443268287,1.4642144198641303,-0.1906052885825802,ordinary,0.0,0.0
2026-01-20 13:00:00,2026-01-20 14:00:00,23,0.043478260869565216,0.043478260869565216,1160.6178260869563,23,23,11,18,"[{""sku_id"": ""sku_1001"", ""count"": 3}, {""sku_id"": ""sku_1034"", ""count"": 2}, {""sku_id"": ""sku_1002"", ""count"": 2}]",0.13043478260869565,0.06994328922495274,1.0,1.0,2.090909090909091,0.08695652173913043,1.0,1.0,36.5,-0.5685365565550918,0.04882322849918406,-0.015271336084625265,0.09009679279417444,-0.13319580549888352,1.099669782187197,-0.19567212062328604,1.2110470624458878,-0.22204769522837048,1.9732358188337291,0.05199276908867017,0.2638859490435928,-0.38128904695684906,0.20168730390002287,-0.327802234745407,1.4647931235678342,-0.2096726836844471,ordinary,0.0,0.0
2026-01-20 14:00:00,2026-01-20 15:00:00,20,0.05,0.25,1478.3160000000003,19,19,12,19,"[{""sku_id"": ""sku_1006"", ""count"": 2}, {""sku_id"": ""sku_1031"", ""count"": 2}, {""sku_id"": ""sku_1004"", ""count"": 2}]",0.1,0.07,1.0,1.0526315789473684,1.6666666666666667,0.1,1.05,1.05,34.6,-0.6942417886727822,0.04942709323348358,0.0016368764757612136,0.08963228146009788,0.4581934815425775,1.099669782187197,-0.19567212062328604,1.2110470624458878,-0.1666727439447456,1.9842206673185774,-0.14039460264127346,0.2614240389729871,-0.4612115399228203,0.19862152909511763,-0.2817757974146218,1.4647931235678342,-0.18711719899106752,ordinary,0.5040128296968353,0.5040128296968353
2026-01-20 15:00:00,2026-01-20 16:00:00,25,0.0,0.16,1698.598,24,24,16,22,"[{""sku_id"": ""sku_1005"", ""count"": 3}, {""sku_id"": ""sku_1009"", ""count"": 3}, {""sku_id"": ""sku_1001"", ""count"": 3}]",0.12,0.0752,1.0,1.0416666666666667,1.5625,0.08,1.08,1.08,34.7,-0.7503340124531208,0.049542833974224314,-0.14155095421206948,0.09021098516380159,0.1993971852462812,1.099669782187197,-0.19567212062328604,1.2117780565979346,-0.17900547935748565,1.983559291657202,-0.1861484286089345,0.25991940934335744,-0.3997697409810213,0.1988530105765991,-0.3395800302188546,1.4654875680122785,-0.1739081486481949,ordinary,0.21933690377090934,0.21933690377090934
2026-01-20 16:00:00,2026-01-20 17:00:00,19,0.0,0.05263157894736842,1120.1905263157896,19,19,14,17,"[{""sku_id"": ""sku_1005"", ""count"": 3}, {""sku_id"": ""sku_1013"", ""count"": 2}, {""sku_id"": ""sku_1011"", ""count"": 2}]",0.15789473684210525,0.08033240997229917,1.0,1.0,1.3571428571428572,0.10526315789473684,1.0526315789473684,1.0526315789473684,33.1,-0.9611402567866794,0.04904680222819257,-0.14013372065197877,0.09243320738602381,-0.11371893839615828,1.099669782187197,-0.19567212062328604,1.212356760301638,-0.22348737727387136,1.977482902768313,-0.27418376422137253,0.2591059172798654,-0.28917480125074335,0.19847602644961498,-0.26632248158536614,1.465606615631326,-0.18631057900237435,ordinary,0.0,0.0
2026-01-20 17:00:00,2026-01-20 18:00:00,17,0.0,0.0,606.4852941176471,16,16,11,15,"[{""sku_id"": ""sku_1006"", ""count"": 4}, {""sku_id"": ""sku_1014"", ""count"": 2}, {""sku_id"": ""sku_1002"", ""count"": 2}]",0.23529411764705882,0.11418685121107267,1.0,1.0625,1.5454545454545454,0.11764705882352941,1.1176470588235294,1.1176470588235294,34.0,-0.9693645496188745,0.04904680222819257,-0.14013372065197877,0.0916209916615274,-0.2617742618900783,1.099669782187197,-0.19567212062328604,1.212356760301638,-0.1577114582036405,1.9784749662603762,-0.19141516439740994,0.25975568985946257,-0.06989020632115357,0.19839480487716532,-0.23070784586753118,1.466337609783373,-0.15731955299330302,ordinary,0.0,0.0
2026-01-20 18:00:00,2026-01-20 19:00:00,31,0.0,0.12903225806451613,836.318387096774,31,31,18,23,"[{""sku_id"": ""sku_1001"", ""count"": 8}, {""sku_id"": ""sku_1010"", ""count"": 2}, {""sku_id"": ""sku_1006"", ""count"": 2}]",0.25806451612903225,0.10093652445369408,1.0,1.0,1.7222222222222223,0.0967741935483871,1.0,1.0,46.5,-0.6003874717872365,0.04904680222819257,-0.14013372065197877,0.0916209916615274,0.10688933257996779,1.099669782187197,-0.19567212062328604,1.2127618528942308,-0.22393047812070288,1.9712359090213194,-0.11004898730173643,0.26078352034649604,-0.007768583478467984,0.1982366771099294,-0.2898928101758352,1.4670755393638073,-0.2107436509852503,ordinary,0.11757826583796457,0.11757826583796457
2026-01-20 19:00:00,2026-01-20 20:00:00,29,0.0,0.0,1312.5262068965517,29,29,17,19,"[{""sku_id"": ""sku_1002"", ""count"": 3}, {""sku_id"": ""sku_1001"", ""count"": 3}, {""sku_id"": ""sku_1016"", ""count"": 2}]",0.10344827586206896,0.058263971462544584,1.0,1.0,1.7058823529411764,0.10344827586206896,1.0344827586206897,1.0344827586206897,49.6,-0.8697843638242331,0.04904680222819257,-0.14013372065197877,0.09341310635686789,-0.2668945895910511,1.099669782187197,-0.19567212062328604,1.2127618528942308,-0.22393047812070288,1.9725862176632947,-0.11787638028543258,0.2616968095662369,-0.4521386677261942,0.1985123870630587,-0.2716117462885421,1.4670755393638073,-0.19518509174734736,ordinary,0.0,0.0
2026-01-20 20:00:00,2026-01-20 21:00:00,31,0.03225806451612903,0.03225806451612903,1396.644838709677,29,29,17,21,"[{""sku_id"": ""sku_1003"", ""count"": 4}, {""sku_id"": ""sku_1001"", ""count"": 4}, {""sku_id"": ""sku_1005"", ""count"": 3}]",0.12903225806451613,0.0676378772112383,1.0,1.0689655172413792,1.8235294117647058,0.0967741935483871,1.064516129032258,1.064516129032258,42.0,-0.5641231694598702,0.04904680222819257,-0.047967822034467256,0.09291707461083615,-0.17331145741344892,1.099669782187197,-0.19567212062328604,1.2122474496020497,-0.1507864083159694,1.968501250343033,-0.06406779888193481,0.26164549593733705,-0.37889496535091693,0.19846107343415886,-0.2905339425307765,1.4670584348208406,-0.18162609395582965,ordinary,0.0,0.0
2026-01-20 21:00:00,2026-01-20 22:00:00,32,0.0,0.03125,1071.3040625,32,32,18,22,"[{""sku_id"": ""sku_1003"", ""count"": 3}, {""sku_id"": ""sku_1001"", ""count"": 3}, {""sku_id"": ""sku_1008"", ""count"": 3}]",0.09375,0.056640625,1.0,1.0,1.7777777777777777,0.09375,1.03125,1.03125,30.2,0.13121646612572088,0.04896064286783966,-0.13988755105097048,0.09283091525048323,-0.1759454721442378,1.099669782187197,-0.19567212062328604,1.2126497484526244,-0.2238033786621947,1.9660502699508764,-0.0832015325061273,0.2618350465301134,-0.4802429900860384,0.19820259535310014,-0.29843598672314325,1.465817740031759,-0.19605795096412187,ordinary,0.045925763144002305,0.0
2026-01-20 22:00:00,2026-01-20 23:00:00,10,0.0,0.0,3530.9970000000003,10,10,8,9,"[{""sku_id"": ""sku_1018"", ""count"": 1}, {""sku_id"": ""sku_1041"", ""count"": 1}, {""sku_id"": ""sku_1048"", ""count"": 1}]",0.1,0.10000000000000003,1.0,1.0,1.25,0.2,1.0,1.0,18.4,-0.9820998160078601,0.04896064286783966,-0.13988755105097048,0.09244794956420872,-0.26413699875488206,1.099669782187197,-0.19567212062328604,1.2126497484526244,-0.2238033786621947,1.9671305168644564,-0.3169303391516488,0.261094646203316,-0.46027041772376004,0.19787069175832891,0.00608373783334599,1.4662517678095366,-0.21036088647434997,ordinary,0.0048669902666767925,0.0048669902666767925
2026-01-20 23:00:00,2026-01-21 00:00:00,6,0.0,0.0,3037.4166666666665,6,6,5,6,"[{""sku_id"": ""sku_1012"", ""count"": 1}, {""sku_id"": ""sku_1018"", ""count"": 1}, {""sku_id"": ""sku_1001"", ""count"": 1}]",0.16666666666666666,0.16666666666666669,1.0,1.0,1.2,0.16666666666666666,1.0,1.0,11.6,-0.6701795839396123,0.04896064286783966,-0.13988755105097048,0.09177044278914098,-0.2622012651118314,1.1000352792632204,-0.19642137852257108,1.2115532572245542,-0.22260205221638485,1.9509948959494237,-0.33176056435645657,0.2607897681545356,-0.2689231471081969,0.1996322093735051,-0.09418726487668125,1.4642192474843332,-0.20940942100618454,ordinary,0.0,0.0
2026-01-21 01:00:00,2026-01-21 02:00:00,2,0.0,0.0,525.21,2,2,2,2,"[{""sku_id"": ""sku_1036"", ""count"": 1}, {""sku_id"": ""sku_1001"", ""count"": 1}]",0.5,0.5,1.0,1.0,1.0,0.5,1.0,1.0,5.0,-1.4599927901768628,0.048143649403787375,-0.1375532840108211,0.09136194605711484,-0.2610341315917567,1.1000352792632204,-0.19642137852257108,1.2115532572245542,-0.22260205221638485,1.9381476737272014,-0.414140539603457,0.2610620993092197,0.6826797162593723,0.20072153399224144,0.8550813314507387,1.463402254020281,-0.20902556730219105,ordinary,1.298476809794026,1.298476809794026
2026-01-21 02:00:00,2026-01-21 03:00:00,2,0.0,0.0,1926.415,2,2,2,2,"[{""sku_id"": ""sku_1002"", ""count"": 1}, {""sku_id"": ""sku_1028"", ""count"": 1}]",0.5,0.5,1.0,1.0,1.0,0.5,1.0,1.0,14.125,-0.4898454437587835,0.048143649403787375,-0.1375532840108211,0.0892786127237815,-0.2550817506393757,1.1000352792632204,-0.19642137852257108,1.2115532572245542,-0.22260205221638485,1.9288884144679423,-0.4096034994600999,0.26661765486477523,0.6668067003863565,0.206277089547797,0.8392083155777229,1.463402254020281,-0.20902556730219105,ordinary,1.2714926828098991,1.2714926828098991
2026-01-21 03:00:00,2026-01-21 04:00:00,1,0.0,0.0,415.21,1,1,1,1,"[{""sku_id"": ""sku_1002"", ""count"": 1}]",1.0,1.0,1.0,1.0,1.0,1.0,1.0,1.0,11.25,-0.4951633041562791,0.048143649403787375,-0.1375532840108211,0.08729448573965452,-0.24941281639901294,1.1000352792632204,-0.19642137852257108,1.2115532572245542,-0.22260205221638485,1.9278200383995663,-0.40905570809452135,0.2705859088330292,2.08404026047706,0.21123740700811447,2.2536074085482447,1.463402254020281,-0.20902556730219105,ordinary,3.6785221612679497,3.6785221612679497
2026-01-21 04:00:00,2026-01-21 05:00:00,2,0.0,0.5,1487.105,2,2,2,2,"[{""sku_id"": ""sku_1001"", ""count"": 1}, {""sku_id"": ""sku_1044"", ""count"": 1}]",0.5,0.5,1.0,1.0,1.0,0.5,1.0,1.0,15.0,-0.4581897949526569,0.048143649403787375,-0.1375532840108211,0.08729448573965452,1.1791586121724156,1.1000352792632204,-0.19642137852257108,1.2087754794467764,-0.21960376023369105,1.9278200383995663,-0.40905570809452135,0.2798451680922885,0.6290138054506044,0.22049666626737371,0.7985809535217894,1.4610874392054662,-0.20794380166948453,ordinary,2.502051661112633,2.502051661112633
2026-01-21 05:00:00,2026-01-21 06:00:00,2,0.0,0.0,1547.165,2,2,2,2,"[{""sku_id"": ""sku_1041"", ""count"": 1}, {""sku_id"": ""sku_1003"", ""count"": 1}]",0.5,0.5,1.0,1.0,1.0,0.5,1.0,1.0,5.7,-1.6714896203747145,0.048143649403787375,-0.1375532840108211,0.09423893018409896,-0.26925408624028274,1.1000352792632204,-0.19642137852257108,1.2087754794467764,-0.21960376023369105,1.9278200383995663,-0.40905570809452135,0.2821599829071033,0.6224000488368477,0.22281148108218854,0.7919671969080329,1.4610874392054662,-0.20794380166948453,ordinary,1.1937338014795893,1.1937338014795893
2026-01-21 06:00:00,2026-01-21 07:00:00,8,0.0,0.125,1010.1225,8,8,7,7,"[{""sku_id"": ""sku_1003"", ""count"": 2}, {""sku_id"": ""sku_1006"", ""count"": 1}, {""sku_id"": ""sku_1001"", ""count"": 1}]",0.25,0.15625,1.0,1.0,1.1428571428571428,0.25,1.0,1.0,11.5,-0.5120428415488792,0.048143649403787375,-0.1375532840108211,0.09423893018409896,0.08788877090257441,1.1000352792632204,-0.19642137852257108,1.2087754794467764,-0.21960376023369105,1.9278200383995663,-0.34607309583213886,0.2844747977219181,-0.0984994220626231,0.2251262958970034,0.07106772600856175,1.4610874392054662,-0.20794380166948453,ordinary,0.15353182879968125,0.15353182879968125
2026-01-21 07:00:00,2026-01-21 08:00:00,9,0.1111111111111111,0.1111111111111111,1361.6777777777777,9,9,9,9,"[{""sku_id"": ""sku_1003"", ""count"": 2}, {""sku_id"": ""sku_1001"", ""count"": 2}, {""sku_id"": ""sku_1013"", ""count"": 1}]",0.2222222222222222,0.16049382716049382,1.0,1.0,1.0,0.1111111111111111,1.0,1.0,15.4,-0.8244064638872715,0.03647698273712071,0.2132403667828297,0.08338244870261748,0.07922474973855323,1.0641556496335909,-0.15498387046234055,1.1358588127801097,-0.184693422329912,1.7353597209392488,-0.4467768353502821,0.27479887179599216,-0.15021899878219988,0.22026518478589224,-0.31186878192794615,1.3801615132795402,-0.17905914339613652,ordinary,0.08714722471240856,0.08714722471240856
2026-01-21 08:00:00,2026-01-21 09:00:00,16,0.0,0.125,1142.14625,16,16,13,15,"[{""sku_id"": ""sku_1017"", ""count"": 2}, {""sku_id"": ""sku_1018"", ""count"": 2}, {""sku_id"": ""sku_1010"", ""count"": 1}]",0.125,0.078125,1.0,1.0,1.2307692307692308,0.125,1.0,1.0,22.4,-0.4711886996234678,0.026819475767785785,-0.0766270736222451,0.07484501341787037,0.14329996166322753,1.0275394880174291,-0.07868425147836891,1.0714648733861702,-0.1423970986017869,1.5770263876059156,-0.3317520575445769,0.26489246000785993,-0.3996927428795998,0.214863950217991,-0.25675414347997433,1.1828048824551674,-0.13715774158380467,ordinary,0.1576299578295503,0.1576299578295503
2026-01-21 09:00:00,2026-01-21 10:00:00,19,0.0,0.21052631578947367,1047.69,18,18,16,14,"[{""sku_id"": ""sku_1003"", ""count"": 4}, {""sku_id"": ""sku_1001"", ""count"": 3}, {""sku_id"": ""sku_1018"", ""count"": 2}]",0.21052631578947367,0.1191135734072022,1.0,1.0555555555555556,1.1875,0.21052631578947367,1.105263157894737,1.0526315789473684,26.5,-0.6332377902572627,0.015040291520247107,-0.042972261486420305,0.06550517516189286,0.41434611607880234,0.9951320806100219,0.013908341114223155,1.0122056141269111,0.12385697551041273,1.4569676269221548,-0.7699075054918708,0.2537945345507573,-0.12362348217509606,0.20921609508437636,0.003743487728849471,1.0254560779544641,0.07764428855115492,ordinary,0.6572654312238997,0.6572654312238997
2026-01-21 10:00:00,2026-01-21 11:00:00,21,0.0,0.047619047619047616,1373.664761904762,20,20,11,18,"[{""sku_id"": ""sku_1002"", ""count"": 3}, {""sku_id"": ""sku_1001"", ""count"": 3}, {""sku_id"": ""sku_1013"", ""count"": 2}]",0.14285714285714285,0.07936507936507936,1.0,1.05,1.9090909090909092,0.09523809523809523,1.0952380952380953,1.0952380952380953,31.0,-0.558435593287455,0.015040291520247107,-0.042972261486420305,0.06495692954785777,-0.049536805510886156,0.9951320806100219,0.013908341114223155,1.0129772190651827,0.1057793740994782,1.4549421639591917,1.2975678432334785,0.2532462889367222,-0.31539756022736953,0.20866784947034128,-0.3240850120921316,1.026187072106511,0.1972886375188126,ordinary,0.2761277911173291,0.2761277911173291
2026-01-21 11:00:00,2026-01-21 12:00:00,20,0.0,0.05,1476.2524999999998,19,19,11,14,"[{""sku_id"": ""sku_1003"", ""count"": 2}, {""sku_id"": ""sku_1013"", ""count"": 2}, {""sku_id"": ""sku_1030"", ""count"": 1}]",0.1,0.06000000000000001,1.0,1.0526315789473684,1.8181818181818181,0.1,1.05,1.05,31.3,-0.6572804525646259,0.015040291520247107,-0.042972261486420305,0.06388219409812233,-0.039663411708920945,0.9951320806100219,0.013908341114223155,1.0136716635096272,0.11131404410783181,1.4629387969558247,1.0149800606456953,0.2517581936986269,-0.433594839138934,0.20651837857087038,-0.3043382244882011,1.0275098234292623,0.06425764734496488,ordinary,0.17523766898660456,0.17523766898660456
2026-01-21 12:00:00,2026-01-21 13:00:00,22,0.0,0.045454545454545456,1292.315,21,21,13,18,"[{""sku_id"": ""sku_1003"", ""count"": 2}, {""sku_id"": ""sku_1002"", ""count"": 2}, {""sku_id"": ""sku_1013"", ""count"": 2}]",0.09090909090909091,0.06198347107438017,1.0,1.0476190476190477,1.6923076923076923,0.13636363636363635,1.0909090909090908,1.0909090909090908,34.8,-0.5965437667782771,0.015040291520247107,-0.042972261486420305,0.06350826247419071,-0.05158204862755787,0.9951320806100219,0.013908341114223155,1.014402657661674,0.09490397130678183,1.4681295938132883,0.6405088528411542,0.2510103304507637,-0.457432112976208,0.20577051532300714,-0.1983053684553451,1.028204267873707,0.17915663724395411,ordinary,0.250746788104746,0.250746788104746
2026-01-21 13:00:00,2026-01-21 14:00:00,14,0.07142857142857142,0.14285714285714285,1403.9407142857142,14,14,9,11,"[{""sku_id"": ""sku_1003"", ""count"": 2}, {""sku_id"": ""sku_1001"", ""count"": 2}, {""sku_id"": ""sku_1040"", ""count"": 1}]",0.14285714285714285,0.09183673469387757,1.0,1.0,1.5555555555555556,0.21428571428571427,1.0,1.0,36.9,-0.9765677944702809,0.015040291520247107,0.16110937116664092,0.06413957560550383,0.22490733500468293,0.9951320806100219,0.013908341114223155,1.0150640333230496,-0.0430400952087132,1.4691979698816644,0.24673595906826054,0.24896607840651164,-0.3031683872839108,0.20568032773281955,0.02458681872255635,1.0294668941363332,-0.08419112610380912,ordinary,0.27958503048599714,0.27958503048599714
2026-01-21 14:00:00,2026-01-21 15:00:00,18,0.0,0.05555555555555555,1622.8616666666667,18,18,12,15,"[{""sku_id"": ""sku_1001"", ""count"": 4}, {""sku_id"": ""sku_1029"", ""count"": 2}, {""sku_id"": ""sku_1005"", ""count"": 2}]",0.2222222222222222,0.10493827160493827,1.0,1.0,1.5,0.1111111111111111,1.0,1.0,34.9,-0.8136354385734269,0.0160323550123106,-0.04580672860660171,0.06491597312103178,-0.026744050187074948,0.9951320806100219,0.013908341114223155,1.0144327201917365,-0.041236343404961344,1.4708376303754915,0.0833210560700242,0.24793088171914107,-0.07345331284833961,0.20684492400611149,-0.2735251797000011,1.0288630294020336,-0.08246579829152445,ordinary,0.01251750700280084,0.01251750700280084
2026-01-21 15:00:00,2026-01-21 16:00:00,26,0.0,0.07692307692307693,1291.1703846153848,25,25,15,19,"[{""sku_id"": ""sku_1001"", ""count"": 4}, {""sku_id"": ""sku_1026"", ""count"": 2}, {""sku_id"": ""sku_1009"", ""count"": 2}]",0.15384615384615385,0.07100591715976332,1.0,1.04,1.7333333333333334,0.11538461538461539,1.0769230769230769,1.0769230769230769,34.7,-0.6729799905507372,0.016032355012310602,-0.045806728606601725,0.06499313361485895,0.034085552309194224,0.9951320806100219,0.013908341114223155,1.0144327201917365,0.07304937088075304,1.4703034423413035,0.7515139742629426,0.24893396813889412,-0.27167946940782933,0.20630480054932138,-0.2597719576134457,1.0288630294020336,0.1373144214886952,ordinary,0.2329125226146237,0.2329125226146237
2026-01-21 16:00:00,2026-01-21 17:00:00,15,0.0,0.06666666666666667,1776.9599999999998,15,15,9,13,"[{""sku_id"": ""sku_1002"", ""count"": 2}, {""sku_id"": ""sku_1004"", ""count"": 2}, {""sku_id"": ""sku_1027"", ""count"": 2}]",0.13333333333333333,0.09333333333333334,1.0,1.0,1.6666666666666667,0.13333333333333333,1.0,1.0,32.3,-1.1346871538642251,0.015536323266278854,-0.04438949504651102,0.06556547793720327,0.0031462535127525586,0.9951320806100219,0.013908341114223155,1.014473872455111,-0.041353921300317155,1.4715016994219134,0.5576141921278666,0.2490865932915193,-0.33072359988053135,0.2064192694137902,-0.2088169602298768,1.0284433102323143,-0.08126660066375509,ordinary,0.015978385866828655,0.015978385866828655
2026-01-21 17:00:00,2026-01-21 18:00:00,36,0.0,0.05555555555555555,1397.080277777778,34,34,17,23,"[{""sku_id"": ""sku_1001"", ""count"": 4}, {""sku_id"": ""sku_1013"", ""count"": 3}, {""sku_id"": ""sku_1002"", ""count"": 2}]",0.1111111111111111,0.05092592592592593,1.0,1.0588235294117647,2.1176470588235294,0.1388888888888889,1.1388888888888888,1.1111111111111112,32.0,0.2187974872468418,0.015536323266278854,-0.04438949504651102,0.06546259727876706,-0.02830583349489003,0.9951320806100219,0.013908341114223155,1.014473872455111,0.1267133055904392,1.47259102404065,1.8430172422367987,0.24939523526682794,-0.3950974975877624,0.20672791138909885,-0.19382577857202846,1.0284433102323143,0.23619371679656254,ordinary,0.4047649065668847,0.3281857860304901
2026-01-21 18:00:00,2026-01-21 19:00:00,32,0.03125,0.125,1420.4928125,32,32,18,23,"[{""sku_id"": ""sku_1001"", ""count"": 4}, {""sku_id"": ""sku_1007"", ""count"": 3}, {""sku_id"": ""sku_1018"", ""count"": 2}]",0.125,0.056640625,1.0,1.0,1.7777777777777777,0.09375,1.0,1.0,46.5,-0.56165279618806,0.015536323266278854,0.044896219239203276,0.06563033748273914,0.1696276071921739,0.9951320806100219,0.013908341114223155,1.0152908659191633,-0.04368818834046654,1.479185328429072,0.8531212838534451,0.24852298620617308,-0.35292281773192313,0.20684532953187934,-0.3231295129482267,1.0287787906402586,-0.08222511611502448,ordinary,0.19910787491419213,0.19910787491419213
2026-01-21 19:00:00,2026-01-21 20:00:00,29,0.0,0.06896551724137931,1573.938275862069,29,29,18,23,"[{""sku_id"": ""sku_1002"", ""count"": 5}, {""sku_id"": ""sku_1006"", ""count"": 3}, {""sku_id"": ""sku_1004"", ""count"": 2}]",0.1724137931034483,0.07253269916765755,1.0,1.0,1.6111111111111112,0.10344827586206896,1.0,1.0,49.1,-0.8340560106586373,0.01597035104405663,-0.04562957441159038,0.06530883542512597,0.010447662332152394,0.9951320806100219,0.013908341114223155,1.0147566778849753,-0.04216193681421502,1.4818178629243515,0.3694092805335991,0.24820148414855991,-0.21653626012889038,0.20660420298866944,-0.2947312203617157,1.0277499840558963,-0.07928566873113244,ordinary,0.024009935568168474,0.024009935568168474
2026-01-21 20:00:00,2026-01-21 21:00:00,30,0.0,0.16666666666666666,1882.9386666666667,29,29,17,22,"[{""sku_id"": ""sku_1001"", ""count"": 4}, {""sku_id"": ""sku_1032"", ""count"": 2}, {""sku_id"": ""sku_1004"", ""count"": 2}]",0.13333333333333333,0.057777777777777775,1.0,1.0344827586206897,1.7647058823529411,0.1,1.0666666666666667,1.0666666666666667,41.3,-0.5712140182981512,0.015639663213368803,-0.044684752038196586,0.06461325067781709,0.2915811885395702,0.9951320806100219,0.013908341114223155,1.0144179244974412,0.05732809749499587,1.4764166283564504,0.8236835828471165,0.24894268101044645,-0.3303124219346089,0.2063875454444257,-0.30396441555550197,1.0267579205638329,0.11402498886523942,ordinary,0.48180490298351547,0.48180490298351547
2026-01-21 21:00:00,2026-01-21 22:00:00,17,0.058823529411764705,0.0,1677.1870588235295,17,17,10,14,"[{""sku_id"": ""sku_1004"", ""count"": 3}, {""sku_id"": ""sku_1022"", ""count"": 2}, {""sku_id"": ""sku_1009"", ""count"": 1}]",0.17647058823529413,0.08650519031141868,1.0,1.0,1.7,0.11764705882352941,1.1764705882352942,1.1176470588235294,30.3,-0.96882908594414,0.015639663213368803,0.12338247485255972,0.06619707134058511,-0.1891344895445289,0.9951320806100219,0.013908341114223155,1.0141252467622348,-0.040357847892099466,1.4806272869788737,0.6267791800603608,0.24787055625411114,-0.20399990862519146,0.2070454401812678,-0.2554239467363954,1.0262218581856652,0.26121485896532626,ordinary,0.22148939417506186,0.22148939417506186
2026-01-21 22:00:00,2026-01-21 23:00:00,17,0.058823529411764705,0.0,919.3317647058823,17,17,12,15,"[{""sku_id"": ""sku_1008"", ""count"": 2}, {""sku_id"": ""sku_1002"", ""count"": 2}, {""sku_id"": ""sku_1003"", ""count"": 1}]",0.11764705882352941,0.07266435986159168,1.0,1.0,1.4166666666666667,0.17647058823529413,1.0,1.0,18.0,-0.11274690420042432,0.01645665667742109,0.12104820781241034,0.06556575820927199,-0.18733073774077713,0.9951320806100219,0.013908341114223155,1.0134638711008594,-0.03846820314531271,1.4807341245857113,-0.18304987976869874,0.24779628412101548,-0.3718549294213888,0.20615417458411986,-0.08481024671093067,1.0265932188511437,-0.07598062528898213,ordinary,0.01251750700280084,0.01251750700280084
2026-01-21 23:00:00,2026-01-22 00:00:00,2,0.0,0.0,1309.5849999999998,2,2,2,2,"[{""sku_id"": ""sku_1019"", ""count"": 1}, {""sku_id"": ""sku_1003"", ""count"": 1}]",0.5,0.5,1.0,1.0,1.0,0.5,1.0,1.0,11.3,-1.0925645453209518,0.016377592793803124,-0.04679312226800893,0.06466970086160174,-0.18477057389029072,0.9951320806100219,0.013908341114223155,1.0134638711008594,-0.03846820314531271,1.4672903923919791,-1.3351154068342261,0.24719012767994444,0.7223139209144446,0.20770909762860648,0.8351168639182673,1.0265932188511437,-0.07598062528898213,ordinary,1.330693526960415,1.330693526960415
2026-01-22 00:00:00,2026-01-22 01:00:00,5,0.0,0.0,3436.9080000000004,5,5,5,5,"[{""sku_id"": ""sku_1001"", ""count"": 2}, {""sku_id"": ""sku_1031"", ""count"": 1}, {""sku_id"": ""sku_1023"", ""count"": 1}]",0.4,0.28,1.0,1.0,1.0,0.2,1.0,1.0,4.375,0.22958842168866875,0.016377592793803124,-0.04679312226800893,0.062408718949457036,-0.17831062556987726,0.9951320806100219,0.013908341114223155,1.0124222044341926,-0.03549201266912177,1.4497465327428563,-1.284990093551018,0.25219658762826486,0.42229546391924333,0.2136845498249889,-0.039098713785682575,1.025301229187061,-0.07228922624874544,ordinary,0.4729393721211539,0.39258342453011985
2026-01-22 01:00:00,2026-01-22 02:00:00,3,0.0,0.0,363.7866666666667,3,3,3,3,"[{""sku_id"": ""sku_1047"", ""count"": 1}, {""sku_id"": ""sku_1011"", ""count"": 1}, {""sku_id"": ""sku_1001"", ""count"": 1}]",0.3333333333333333,0.3333333333333333,1.0,1.0,1.0,0.3333333333333333,1.0,1.0,4.8,-0.7996709849747745,0.016377592793803124,-0.04679312226800893,0.06141665545739355,-0.17547615844969586,0.9951320806100219,0.013908341114223155,1.0124222044341926,-0.03549201266912177,1.4377094957058192,-1.2505985591594835,0.2547759527076299,0.22444965893058114,0.2154702641107032,0.3367516263503718,1.024805197441029,-0.07087199268865442,ordinary,0.4839235011206213,0.4839235011206213
2026-01-22 02:00:00,2026-01-22 03:00:00,3,0.0,0.0,798.0100000000001,3,3,3,3,"[{""sku_id"": ""sku_1001"", ""count"": 2}, {""sku_id"": ""sku_1016"", ""count"": 1}]",0.6666666666666666,0.5555555555555556,1.0,1.0,1.0,0.3333333333333333,1.0,1.0,13.5,-0.4196644026631515,0.016377592793803124,-0.04679312226800893,0.06141665545739355,-0.17547615844969586,0.9951320806100219,0.013908341114223155,1.0124222044341926,-0.03549201266912177,1.4248126703089938,-1.2137504865971254,0.25734796916853525,1.169481992851804,0.21907108715597068,0.3264635605067504,1.024805197441029,-0.07087199268865442,ordinary,1.3262221489748247,1.3262221489748247
2026-01-22 03:00:00,2026-01-22 04:00:00,2,0.0,0.0,839.22,2,2,2,2,"[{""sku_id"": ""sku_1016"", ""count"": 1}, {""sku_id"": ""sku_1008"", ""count"": 1}]",0.5,0.5,1.0,1.0,1.0,0.5,1.0,1.0,10.75,-0.4182617312110427,0.015220185386395718,-0.04348624396113063,0.06141665545739355,-0.17547615844969586,0.9951320806100219,0.013908341114223155,1.0124222044341926,-0.03549201266912177,1.414892035388359,-1.1854058153953113,0.2642924136129797,0.6734502468200579,0.2225433093781929,0.7927334017765918,1.024805197441029,-0.07087199268865442,ordinary,1.2528094505621266,1.2528094505621266
2026-01-22 04:00:00,2026-01-22 05:00:00,3,0.0,0.0,395.79333333333335,3,3,3,3,"[{""sku_id"": ""sku_1014"", ""count"": 1}, {""sku_id"": ""sku_1001"", ""count"": 1}, {""sku_id"": ""sku_1002"", ""count"": 1}]",0.3333333333333333,0.3333333333333333,1.0,1.0,1.0,0.3333333333333333,1.0,1.0,15.0,-0.4229444261101448,0.015220185386395718,-0.04348624396113063,0.059432528473266556,-0.16980722420933303,0.9951320806100219,0.013908341114223155,1.0124222044341926,-0.03549201266912177,1.412577220573544,-1.1787920587815546,0.2672686040891702,0.1887563692690375,0.22750362683851033,0.30237058998520855,1.024805197441029,-0.07087199268865442,ordinary,0.4242947113331015,0.4242947113331015
2026-01-22 05:00:00,2026-01-22 06:00:00,3,0.3333333333333333,0.0,2380.2433333333333,3,3,3,3,"[{""sku_id"": ""sku_1030"", ""count"": 1}, {""sku_id"": ""sku_1018"", ""count"": 1}, {""sku_id"": ""sku_1001"", ""count"": 1}]",0.3333333333333333,0.3333333333333333,1.0,1.0,1.0,0.3333333333333333,1.0,1.0,5.5,-1.0159281922178947,0.015220185386395718,0.9088947084198217,0.059432528473266556,-0.16980722420933303,0.9951320806100219,0.013908341114223155,1.0124222044341926,-0.03549201266912177,1.412577220573544,-1.1787920587815546,0.25800934482991095,0.21521139572406392,0.2251888120236955,0.3089843465989652,1.024805197441029,-0.07087199268865442,ordinary,0.45339524043363055,0.45339524043363055
2026-01-22 06:00:00,2026-01-22 07:00:00,6,0.0,0.0,2628.3333333333335,6,6,6,6,"[{""sku_id"": ""sku_1029"", ""count"": 1}, {""sku_id"": ""sku_1031"", ""count"": 1}, {""sku_id"": ""sku_1019"", ""count"": 1}]",0.16666666666666666,0.16666666666666669,1.0,1.0,1.0,0.16666666666666666,1.0,1.0,11.0,-0.7250523667842478,0.019849815016025348,-0.056713757188643854,0.059432528473266556,-0.16980722420933303,0.9986043028322441,0.003987706193588268,1.0124222044341926,-0.03549201266912177,1.4079475909439145,-1.1655645455540415,0.25916675223731833,-0.26428595877329053,0.22287399720888074,-0.16059237297775453,1.024805197441029,-0.07087199268865442,ordinary,0.0035889355742294415,0.0035889355742294415
2026-01-22 07:00:00,2026-01-22 08:00:00,13,0.0,0.07692307692307693,750.2923076923078,13,13,11,12,"[{""sku_id"": ""sku_1006"", ""count"": 3}, {""sku_id"": ""sku_1001"", ""count"": 1}, {""sku_id"": ""sku_1035"", ""count"": 1}]",0.23076923076923078,0.1124260355029586,1.0,1.0,1.1818181818181819,0.15384615384615385,1.0,1.0,14.8,-0.22430015382565213,0.019849815016025348,-0.056713757188643854,0.059432528473266556,0.049972995570886775,0.9986043028322441,0.003987706193588268,1.0124222044341926,-0.03549201266912177,1.4079475909439145,-0.6460840260735219,0.24759267816324426,-0.04806699255432423,0.21129992313480664,-0.16415362653900797,1.024805197441029,-0.07087199268865442,ordinary,0.0585592307022049,0.0585592307022049
2026-01-22 08:00:00,2026-01-22 09:00:00,12,0.08333333333333333,0.08333333333333333,1101.0266666666669,12,12,10,10,"[{""sku_id"": ""sku_1002"", ""count"": 3}, {""sku_id"": ""sku_1001"", ""count"": 2}, {""sku_id"": ""sku_1016"", ""count"": 1}]",0.25,0.13888888888888887,1.0,1.0,1.2,0.16666666666666666,1.0,1.0,21.9,-0.7209884781634242,0.019849815016025348,0.18138148090659423,0.05818608972682782,0.07184926744715861,0.9986043028322441,0.003987706193588268,1.0124222044341926,-0.03549201266912177,1.4076950656913894,-0.5934144734039698,0.24616817673874283,0.010948066460734762,0.21112186045674397,-0.1270148394002209,1.024805197441029,-0.07087199268865442,ordinary,0.0924763895807652,0.0924763895807652
2026-01-22 09:00:00,2026-01-22 10:00:00,17,0.0,0.17647058823529413,1119.8082352941176,17,17,12,14,"[{""sku_id"": ""sku_1001"", ""count"": 5}, {""sku_id"": ""sku_1047"", ""count"": 1}, {""sku_id"": ""sku_1005"", ""count"": 1}]",0.29411764705882354,0.12802768166089964,1.0,1.0,1.4166666666666667,0.11764705882352941,1.0,1.0,26.5,-0.8021012009925327,0.021007222423432753,-0.060020635495522154,0.05934349713423523,0.3346488317173112,0.9986043028322441,0.003987706193588268,1.0124222044341926,-0.03549201266912177,1.4058432138395374,0.03092415093465536,0.24790428784985397,0.13203816916848451,0.20996445304933659,-0.26376398350230623,1.024805197441029,-0.07087199268865442,ordinary,0.49053700271490785,0.49053700271490785
2026-01-22 10:00:00,2026-01-22 11:00:00,20,0.0,0.0,878.219,20,20,15,15,"[{""sku_id"": ""sku_1001"", ""count"": 5}, {""sku_id"": ""sku_1003"", ""count"": 2}, {""sku_id"": ""sku_1011"", ""count"": 2}]",0.25,0.11500000000000002,1.0,1.0,1.3333333333333333,0.15,1.0,1.0,31.6,-0.6664759116765365,0.017920802670346334,-0.05120229334384667,0.06179447752639208,-0.17655565007540597,0.9986043028322441,0.003987706193588268,1.0124222044341926,-0.03549201266912177,1.4076619969083204,-0.21236761021424896,0.24890283541702896,0.0031347559513458406,0.20851202022435472,-0.16717720064101352,1.024805197441029,-0.07087199268865442,ordinary,0.006410215930440698,0.006410215930440698
2026-01-22 11:00:00,2026-01-22 12:00:00,13,0.0,0.15384615384615385,1042.0084615384617,13,13,9,12,"[{""sku_id"": ""sku_1007"", ""count"": 3}, {""sku_id"": ""sku_1010"", ""count"": 1}, {""sku_id"": ""sku_1026"", ""count"": 1}]",0.23076923076923078,0.1124260355029586,1.0,1.0,1.4444444444444444,0.15384615384615385,1.0,1.0,31.2,-1.0543763214372928,0.017920802670346334,-0.05120229334384667,0.06005836641528098,0.2679651069453511,0.9986043028322441,0.003987706193588268,1.0124222044341926,-0.03549201266912177,1.4103074995538232,0.09753412825891786,0.24890283541702896,-0.05181029899370907,0.20885924244657694,-0.15718025314406597,1.024805197441029,-0.07087199268865442,ordinary,0.2983505532141157,0.2983505532141157
2026-01-22 12:00:00,2026-01-22 13:00:00,29,0.034482758620689655,0.13793103448275862,1406.2617241379312,28,29,15,22,"[{""sku_id"": ""sku_1002"", ""count"": 3}, {""sku_id"": ""sku_1050"", ""count"": 3}, {""sku_id"": ""sku_1001"", ""count"": 3}]",0.10344827586206896,0.06777645659928656,0.9655172413793104,1.0,1.9333333333333333,0.10344827586206896,1.0344827586206897,1.0,34.5,-0.2542828722576877,0.017920802670346334,0.047319874143838064,0.062195118552033114,0.21638833123064433,0.9986043028322441,-0.09453446129409634,1.0124222044341926,-0.03549201266912177,1.4056778699241934,1.5075870383118284,0.24776768584437944,-0.41234117137802995,0.20839182791666241,-0.2998387201559813,1.024805197441029,-0.07087199268865442,ordinary,0.23802716435370877,0.23802716435370877
2026-01-22 13:00:00,2026-01-22 14:00:00,27,0.037037037037037035,0.0,1028.5418518518518,27,27,17,24,"[{""sku_id"": ""sku_1001"", ""count"": 6}, {""sku_id"": ""sku_1005"", ""count"": 3}, {""sku_id"": ""sku_1007"", ""count"": 3}]",0.2222222222222222,0.09739368998628258,1.0,1.0,1.588235294117647,0.07407407407407407,1.0,1.0,35.8,-0.3619632159861649,0.01839972987341147,0.05324944903893018,0.06318490143836772,-0.18052828982390778,0.998125375629179,0.005356069630917076,1.0114301409421291,-0.032657545548940375,1.4080199178544766,0.5149010750376298,0.24781557856468592,-0.07312387526418203,0.20843972063696892,-0.3839018473225567,1.0238792715151033,-0.06822649004315222,ordinary,0.004820462667825369,0.004820462667825369
2026-01-22 14:00:00,2026-01-22 15:00:00,19,0.0,0.10526315789473684,1111.4542105263158,19,19,14,16,"[{""sku_id"": ""sku_1048"", ""count"": 2}, {""sku_id"": ""sku_1002"", ""count"": 2}, {""sku_id"": ""sku_1010"", ""count"": 2}]",0.10526315789473684,0.07479224376731301,1.0,1.0,1.3571428571428572,0.10526315789473684,1.0,1.0,34.3,-0.7215964358133583,0.018282820034279404,-0.05223662866936973,0.0625535883070546,0.12202734167909211,0.998125375629179,0.005356069630917076,1.0107687652807535,-0.030767900802152987,1.4109815191616661,-0.1538247486251684,0.24774543266120666,-0.40709221361848524,0.2082059009587048,-0.29412212303990853,1.022616645252477,-0.0646189864356485,ordinary,0.1390505385148267,0.1390505385148267
2026-01-22 15:00:00,2026-01-22 16:00:00,28,0.0,0.10714285714285714,906.0296428571428,27,27,14,23,"[{""sku_id"": ""sku_1001"", ""count"": 5}, {""sku_id"": ""sku_1005"", ""count"": 2}, {""sku_id"": ""sku_1002"", ""count"": 2}]",0.17857142857142858,0.06887755102040817,1.0,1.037037037037037,2.0,0.10714285714285714,1.0714285714285714,1.0714285714285714,34.8,-0.5292723691170961,0.018282820034279404,-0.05223662866936973,0.06324397167287656,0.1254253870570874,0.998125375629179,0.005356069630917076,1.0107687652807535,0.07505220501795268,1.4119735826537299,1.6800754781322005,0.2461210012122138,-0.1929987789736721,0.20812467938625515,-0.2885194921239943,1.022616645252477,0.13946264621741264,ordinary,0.3294107104225043,0.3294107104225043
2026-01-22 16:00:00,2026-01-22 17:00:00,24,0.041666666666666664,0.0,1064.1937500000001,24,24,18,19,"[{""sku_id"": ""sku_1003"", ""count"": 4}, {""sku_id"": ""sku_1019"", ""count"": 2}, {""sku_id"": ""sku_1001"", ""count"": 2}]",0.16666666666666666,0.07291666666666666,1.0,1.0,1.3333333333333333,0.125,1.0833333333333333,1.0833333333333333,31.0,-0.43264496280092285,0.018282820034279404,0.06681099037824932,0.0647320669109718,-0.1849487626027766,0.998125375629179,0.005356069630917076,1.0112831685729347,-0.03223762449409901,1.421695804875952,-0.25246420440748224,0.24753278387399646,-0.23104604916379948,0.20747602248759825,-0.23564577853599503,1.0236087087445405,0.170641784539408,ordinary,0.14133389029935178,0.14133389029935178
2026-01-22 17:00:00,2026-01-22 18:00:00,20,0.0,0.1,866.7785,19,19,14,16,"[{""sku_id"": ""sku_1002"", ""count"": 4}, {""sku_id"": ""sku_1001"", ""count"": 4}, {""sku_id"": ""sku_1022"", ""count"": 1}]",0.2,0.11000000000000004,1.0,1.0526315789473684,1.4285714285714286,0.1,1.05,1.05,33.6,-0.7636647540002368,0.01886152373798311,-0.05389006782280889,0.0647320669109718,0.10076552311150916,0.998125375629179,0.005356069630917076,1.0112831685729347,0.1181383153555249,1.4209835541637013,0.021679641164935277,0.24753278387399652,-0.13580795392570433,0.20766892372216617,-0.3076254963490462,1.0247661161519477,0.07209681099443532,ordinary,0.29147830224155863,0.29147830224155863
2026-01-22 18:00:00,2026-01-22 19:00:00,28,0.0,0.03571428571428571,813.482142857143,27,27,15,20,"[{""sku_id"": ""sku_1005"", ""count"": 5}, {""sku_id"": ""sku_1001"", ""count"": 5}, {""sku_id"": ""sku_1003"", ""count"": 5}]",0.17857142857142858,0.11989795918367348,1.0,1.037037037037037,1.8666666666666667,0.14285714285714285,1.0714285714285714,1.0714285714285714,45.6,-0.6721671181874803,0.01886152373798311,-0.05389006782280889,0.06554225209615698,-0.08522276109106078,0.9987040793328826,0.0037026304774781926,1.0120141627249815,0.07149392660587292,1.4186026017827489,1.2801830425254797,0.24857445054066318,-0.20000863419781317,0.20732170149994394,-0.184184453265146,1.0248818568926887,0.13299061295966474,ordinary,0.1812187844033351,0.1812187844033351
2026-01-22 19:00:00,2026-01-22 20:00:00,27,0.0,0.037037037037037035,1370.3140740740741,26,26,17,23,"[{""sku_id"": ""sku_1005"", ""count"": 4}, {""sku_id"": ""sku_1003"", ""count"": 3}, {""sku_id"": ""sku_1011"", ""count"": 2}]",0.14814814814814814,0.0727023319615912,1.0,1.0384615384615385,1.588235294117647,0.1111111111111111,1.0740740740740742,1.0740740740740742,48.5,-0.8754267107796027,0.01886152373798311,-0.05389006782280889,0.06500947725782658,-0.0799212577736844,0.9987040793328826,0.0037026304774781926,1.0119943779829745,0.0756204585101829,1.4195285277086747,0.48201933259706375,0.2484825928099165,-0.2866698418907668,0.20776261860752773,-0.2761471642754761,1.0253595170925711,0.1391844485185802,ordinary,0.19030038475477745,0.19030038475477745
2026-01-22 20:00:00,2026-01-22 21:00:00,29,0.0,0.0,1507.015172413793,29,29,17,22,"[{""sku_id"": ""sku_1001"", ""count"": 6}, {""sku_id"": ""sku_1019"", ""count"": 3}, {""sku_id"": ""sku_1006"", ""count"": 3}]",0.20689655172413793,0.09155766944114149,1.0,1.0,1.7058823529411764,0.1724137931034483,1.0689655172413792,1.0689655172413792,41.2,-0.614835221951693,0.018257659003683594,-0.052164740010524555,0.06431615108140862,-0.18376043166116748,0.9987040793328826,0.0037026304774781926,1.0125285660171626,-0.03579590290617877,1.4238404376578397,0.8058340436666762,0.24933247651004178,-0.12124549938829673,0.20749423428117236,-0.10022983193635451,1.025784458942634,0.12337445228212944,ordinary,0.10203192925543393,0.10203192925543393
2026-01-22 21:00:00,2026-01-22 22:00:00,18,0.0,0.0,1528.732222222222,18,18,12,16,"[{""sku_id"": ""sku_1003"", ""count"": 4}, {""sku_id"": ""sku_1019"", ""count"": 3}, {""sku_id"": ""sku_1029"", ""count"": 2}]",0.2222222222222222,0.12345679012345678,1.0,1.0,1.5,0.1111111111111111,1.0,1.0,29.9,-0.8450088770190652,0.018257659003683594,-0.052164740010524555,0.06328734449704648,-0.18082098427727566,0.9987040793328826,0.0037026304774781926,1.0119943779829743,-0.03426965137992661,1.424095748115356,0.21686929109898287,0.2501484265597083,-0.0797891552499603,0.20834566041995484,-0.2778129980252678,1.0262279100565828,-0.07493688587595075,ordinary,0.0033323674297303734,0.0033323674297303734
2026-01-22 22:00:00,2026-01-22 23:00:00,14,0.0,0.0,934.595,14,14,13,14,"[{""sku_id"": ""sku_1002"", ""count"": 2}, {""sku_id"": ""sku_1040"", ""count"": 2}, {""sku_id"": ""sku_1001"", ""count"": 2}]",0.14285714285714285,0.10204081632653061,1.0,1.0,1.0769230769230769,0.07142857142857142,1.0,1.0,18.2,-0.4763713615442109,0.01783678358280817,-0.05096223880802335,0.06202471823442021,-0.17721348066977205,0.9987040793328826,0.0037026304774781926,1.0115603502051966,-0.033029572014847526,1.4179682971349636,-0.9744149148911051,0.251551344629293,-0.31055486220614337,0.20820536861299635,-0.39079084909835693,1.0258070346357073,-0.0737343846734495,ordinary,0.0033323674297303734,0.0033323674297303734
2026-01-22 23:00:00,2026-01-23 00:00:00,9,0.0,0.1111111111111111,947.3366666666666,9,9,8,9,"[{""sku_id"": ""sku_1009"", ""count"": 2}, {""sku_id"": ""sku_1003"", ""count"": 2}, {""sku_id"": ""sku_1043"", ""count"": 1}]",0.2222222222222222,0.16049382716049382,1.0,1.0,1.125,0.1111111111111111,1.0,1.0,10.7,-0.18952691886934753,0.01783678358280817,-0.05096223880802335,0.06106686382828995,0.14298356366520332,0.9987040793328826,0.0037026304774781926,1.0115603502051966,-0.033029572014847526,1.4092327516347123,-0.812093576099178,0.2516197628011595,-0.08399297308267797,0.20776065049586442,-0.27614154109929523,1.0258070346357073,-0.0737343846734495,ordinary,0.16061428746145404,0.16061428746145404
2026-01-23 00:00:00,2026-01-23 01:00:00,4,0.0,0.0,2361.7675,4,4,3,4,"[{""sku_id"": ""sku_1001"", ""count"": 1}, {""sku_id"": ""sku_1028"", ""count"": 1}, {""sku_id"": ""sku_1003"", ""count"": 1}]",0.25,0.25,1.0,1.0,1.3333333333333333,0.25,1.0,1.0,4.444444444444445,-0.17395415281425133,0.01783678358280817,-0.05096223880802335,0.061838468766561544,-0.17668133933303298,0.9987040793328826,0.0037026304774781926,1.0115603502051966,-0.033029572014847526,1.404024418301379,-0.20197452848013078,0.25239136773943105,-0.006832479255517285,0.20698904555759284,0.12288844126402046,1.0258070346357073,-0.0737343846734495,ordinary,0.10164312044094675,0.10164312044094675
2026-01-23 01:00:00,2026-01-23 02:00:00,6,0.0,0.0,849.7016666666667,6,6,5,6,"[{""sku_id"": ""sku_1002"", ""count"": 2}, {""sku_id"": ""sku_1001"", ""count"": 1}, {""sku_id"": ""sku_1012"", ""count"": 1}]",0.3333333333333333,0.22222222222222227,1.0,1.0,1.2,0.16666666666666666,1.0,1.0,4.8,0.5331139899831832,0.01783678358280817,-0.05096223880802335,0.06102147530250926,-0.1743470722928836,0.9987040793328826,0.0037026304774781926,1.0115603502051966,-0.033029572014847526,1.4043805436575043,-0.5839444104500124,0.2525956161054441,0.23067919207968343,0.2088272808517105,-0.12045889767155388,1.0258070346357073,-0.0737343846734495,ordinary,0.3975335367955596,0.21094364030144547
2026-01-23 02:00:00,2026-01-23 03:00:00,1,0.0,1.0,805.64,1,1,1,1,"[{""sku_id"": ""sku_1001"", ""count"": 1}]",1.0,1.0,1.0,1.0,1.0,1.0,1.0,1.0,12.333333333333334,-0.4789207443461594,0.015059005805030397,-0.04302573087151542,0.06102147530250926,2.682795784849974,0.9987040793328826,0.0037026304774781926,1.0115603502051966,-0.033029572014847526,1.407158321435282,-1.1633094898150917,0.2516696901795183,2.1380865994870906,0.20558654011096975,2.2697527425400863,1.0258070346357073,-0.0737343846734495,ordinary,6.694487864335153,6.694487864335153
2026-01-23 03:00:00,2026-01-23 04:00:00,1,0.0,0.0,272.84,1,1,1,1,"[{""sku_id"": ""sku_1001"", ""count"": 1}]",1.0,1.0,1.0,1.0,1.0,1.0,1.0,1.0,10.5,-0.4518689194467694,0.015059005805030397,-0.04302573087151542,0.07491036419139815,-0.2140296119754233,0.9987040793328826,0.0037026304774781926,1.0115603502051966,-0.033029572014847526,1.4002138769908377,-1.143468219973822,0.2609289494387775,2.1116315730320645,0.214845799370229,2.2432977160850602,1.0258070346357073,-0.0737343846734495,ordinary,3.698438956026637,3.698438956026637
2026-01-23 04:00:00,2026-01-23 05:00:00,3,0.0,0.0,783.6766666666666,3,3,3,3,"[{""sku_id"": ""sku_1009"", ""count"": 1}, {""sku_id"": ""sku_1007"", ""count"": 1}, {""sku_id"": ""sku_1017"", ""count"": 1}]",0.3333333333333333,0.3333333333333333,1.0,1.0,1.0,0.3333333333333333,1.0,1.0,13.5,-0.39461416470148514,0.015059005805030397,-0.04302573087151542,0.07259554937658336,-0.20741585536166673,0.9987040793328826,0.0037026304774781926,1.0115603502051966,-0.033029572014847526,1.39743609921306,-1.135531712037314,0.2725030235128516,0.17380088520137632,0.2264198734443031,0.3054670282543721,1.0258070346357073,-0.0737343846734495,ordinary,0.4041267867144668,0.4041267867144668
2026-01-23 05:00:00,2026-01-23 06:00:00,3,0.0,0.0,668.75,3,3,2,3,"[{""sku_id"": ""sku_1023"", ""count"": 1}, {""sku_id"": ""sku_1002"", ""count"": 1}, {""sku_id"": ""sku_1007"", ""count"": 1}]",0.3333333333333333,0.3333333333333333,1.0,1.0,1.5,0.3333333333333333,1.0,1.0,5.2,-0.8549108042488857,0.015059005805030397,-0.04302573087151542,0.07259554937658336,-0.20741585536166673,0.9987040793328826,0.0037026304774781926,1.0115603502051966,-0.033029572014847526,1.39743609921306,0.2930397165341146,0.2701882086980368,0.18041464181513298,0.22757728085171047,0.30216014994749385,1.0223348124134852,-0.06381374975281494,ordinary,0.7004733815554598,0.7004733815554598
2026-01-23 06:00:00,2026-01-23 07:00:00,8,0.0,0.25,708.38,8,8,7,8,"[{""sku_id"": ""sku_1003"", ""count"": 2}, {""sku_id"": ""sku_1010"", ""count"": 1}, {""sku_id"": ""sku_1002"", ""count"": 1}]",0.25,0.15625,1.0,1.0,1.1428571428571428,0.125,1.0,1.0,11.4,-0.5299863480861252,0.015059005805030397,-0.04302573087151542,0.07259554937658336,0.5068698589240476,0.9987040793328826,0.0037026304774781926,1.0115603502051966,-0.033029572014847526,1.4043805436575043,-0.7472097165724615,0.2609289494387775,-0.031225569825078518,0.21831802159245123,-0.26662291883557493,1.0223348124134852,-0.06381374975281494,ordinary,0.5608892122461828,0.5608892122461828
2026-01-23 07:00:00,2026-01-23 08:00:00,17,0.058823529411764705,0.0,1719.8064705882352,17,17,13,15,"[{""sku_id"": ""sku_1001"", ""count"": 4}, {""sku_id"": ""sku_1021"", ""count"": 3}, {""sku_id"": ""sku_1007"", ""count"": 1}]",0.23529411764705882,0.12110726643598616,1.0,1.0,1.3076923076923077,0.11764705882352941,1.0588235294117647,1.0588235294117647,15.1,0.24110587941517903,0.015059005805030397,0.1250414960192409,0.07606777159880557,-0.21733649028230162,0.9987040793328826,0.0037026304774781926,1.0115603502051966,-0.033029572014847526,1.4063646706416313,-0.28192103699806736,0.25884561610544415,-0.06728999559538668,0.21727635492578456,-0.28465513172072904,1.0223348124134852,0.1042534771379414,ordinary,0.17112220693539615,0.08673514914008351
2026-01-23 08:00:00,2026-01-23 09:00:00,17,0.0,0.0,1242.06,17,17,13,14,"[{""sku_id"": ""sku_1007"", ""count"": 3}, {""sku_id"": ""sku_1003"", ""count"": 2}, {""sku_id"": ""sku_1045"", ""count"": 2}]",0.17647058823529413,0.09342560553633218,1.0,1.0,1.3076923076923077,0.17647058823529413,1.0,1.0,21.1,-0.2911375122502663,0.015875999269082685,-0.04535999791166482,0.07606777159880557,-0.21733649028230162,0.9987040793328826,0.0037026304774781926,1.0115603502051966,-0.033029572014847526,1.407860397137358,-0.2861945412715723,0.2574839603320237,-0.23146677741922736,0.2142807122242595,-0.10802892568275824,1.0231518058775375,-0.06614801679296432,ordinary,0.0033323674297303734,0.0033323674297303734
2026-01-23 09:00:00,2026-01-23 10:00:00,14,0.0,0.0,1328.177142857143,14,14,13,13,"[{""sku_id"": ""sku_1002"", ""count"": 2}, {""sku_id"": ""sku_1001"", ""count"": 2}, {""sku_id"": ""sku_1006"", ""count"": 1}]",0.14285714285714285,0.09183673469387757,1.0,1.0,1.0769230769230769,0.14285714285714285,1.0,1.0,26.1,-0.9987841802643399,0.015875999269082685,-0.04535999791166482,0.07606777159880557,-0.21733649028230162,0.9987040793328826,0.0037026304774781926,1.0115603502051966,-0.033029572014847526,1.4051894569664176,-0.9379039429809736,0.2576201259093657,-0.3278942372920654,0.21441687780160157,-0.20445638555559636,1.0231518058775375,-0.06614801679296432,ordinary,0.0033323674297303734,0.0033323674297303734
2026-01-23 10:00:00,2026-01-23 11:00:00,17,0.0,0.11764705882352941,1483.5823529411766,16,16,12,12,"[{""sku_id"": ""sku_1002"", ""count"": 3}, {""sku_id"": ""sku_1004"", ""count"": 2}, {""sku_id"": ""sku_1016"", ""count"": 2}]",0.17647058823529413,0.09342560553633218,1.0,1.0625,1.4166666666666667,0.17647058823529413,1.0588235294117647,1.0588235294117647,31.3,-0.8127536752695458,0.015875999269082685,-0.04535999791166482,0.07606777159880557,0.11879796349921098,0.9995210727969349,0.0013683634373288075,1.0115603502051966,0.14554185655658106,1.3986820754590363,0.051384546307515454,0.25715327250133585,-0.2305219550458335,0.21476701785762395,-0.10941837034951378,1.0231518058775375,0.10191921009779202,ordinary,0.35898651157754274,0.35898651157754274
2026-01-23 11:00:00,2026-01-23 12:00:00,35,0.05714285714285714,0.05714285714285714,1367.9745714285714,34,34,20,28,"[{""sku_id"": ""sku_1005"", ""count"": 5}, {""sku_id"": ""sku_1002"", ""count"": 4}, {""sku_id"": ""sku_1003"", ""count"": 3}]",0.14285714285714285,0.07265306122448978,1.0,1.0294117647058822,1.75,0.05714285714285714,1.0571428571428572,1.0285714285714285,30.4,0.2561535940145505,0.015104394330811078,0.12010989374870304,0.07693015358863853,-0.05653513270223254,0.9995210727969349,0.0013683634373288075,1.0116114122966997,0.050858149740521545,1.399127232154193,1.0024936224165915,0.2572894380786779,-0.3269494149186715,0.2156747883732376,-0.45294837494394424,1.0231971944033182,0.015354954766029218,ordinary,0.1540273985520335,0.06437364064694084
2026-01-23 12:00:00,2026-01-23 13:00:00,23,0.0,0.043478260869565216,1282.7943478260868,23,23,14,18,"[{""sku_id"": ""sku_1002"", ""count"": 3}, {""sku_id"": ""sku_1001"", ""count"": 3}, {""sku_id"": ""sku_1004"", ""count"": 2}]",0.13043478260869565,0.0775047258979206,1.0,1.0,1.6428571428571428,0.08695652173913043,1.0869565217391304,1.0434782608695652,35.3,-0.579677293343848,0.01589804512446187,-0.045422986069891064,0.07772380438228932,-0.09784441003635458,0.9995210727969349,0.0013683634373288075,1.0120199090287259,-0.034342597224931,1.4002846395616002,0.6930642951301217,0.25719023172947153,-0.36215842605935966,0.21507955027799952,-0.36606579582534027,1.0235940198001436,0.05681211734120443,ordinary,0.046681220966559474,0.046681220966559474
2026-01-23 13:00:00,2026-01-23 14:00:00,25,0.0,0.04,1767.6756,23,24,11,16,"[{""sku_id"": ""sku_1029"", ""count"": 3}, {""sku_id"": ""sku_1014"", ""count"": 2}, {""sku_id"": ""sku_1006"", ""count"": 2}]",0.12,0.06880000000000001,0.9583333333333334,1.0416666666666667,2.272727272727273,0.16,1.08,1.04,35.5,-0.4301569074593189,0.01589804512446187,-0.045422986069891064,0.07369803948695922,-0.09628011281988348,0.9995210727969349,-0.11767925561029015,1.0120199090287259,0.08470502182268827,1.404583581360542,2.4804105467620885,0.25668701111755526,-0.39053431747872935,0.21397246493178373,-0.15420704266223925,1.024197884534443,0.045148901330162826,ordinary,0.12082414288681853,0.12082414288681853
2026-01-23 14:00:00,2026-01-23 15:00:00,24,0.0,0.041666666666666664,1125.3541666666667,23,23,16,16,"[{""sku_id"": ""sku_1002"", ""count"": 3}, {""sku_id"": ""sku_1012"", ""count"": 3}, {""sku_id"": ""sku_1005"", ""count"": 2}]",0.125,0.0763888888888889,1.0,1.0434782608695652,1.5,0.125,1.0416666666666667,1.0416666666666667,34.4,-0.4924297377617687,0.015319341420758168,-0.043769546916451914,0.07367489133881105,-0.09145207049184112,0.9989423690932312,0.003021802590768008,1.01199474799813,0.08995289391838643,1.410508212285173,0.2556908220423626,0.25603886296940714,-0.3743967513411633,0.21503727974659856,-0.2572493707045673,1.024174736386295,0.04997694365820506,ordinary,0.13265407117664169,0.13265407117664169
2026-01-23 15:00:00,2026-01-23 16:00:00,27,0.0,0.07407407407407407,1299.922962962963,27,27,17,22,"[{""sku_id"": ""sku_1001"", ""count"": 4}, {""sku_id"": ""sku_1006"", ""count"": 3}, {""sku_id"": ""sku_1002"", ""count"": 2}]",0.14814814814814814,0.0727023319615912,1.0,1.0,1.588235294117647,0.07407407407407407,1.037037037037037,1.037037037037037,35.0,-0.6294033330928512,0.014715476686458652,-0.04204421910416758,0.07364973030821526,0.001212410759596613,0.9989423690932312,0.003021802590768008,1.0125986127324298,-0.03599603637837084,1.4023011415781026,0.5312404358272697,0.25596337987761975,-0.30804351922706175,0.21556566138911062,-0.4042616780429616,1.0247534400899987,0.035095991277252256,ordinary,0.03213006718904929,0.03213006718904929
2026-01-23 16:00:00,2026-01-23 17:00:00,28,0.0,0.03571428571428571,1155.9185714285716,27,27,17,22,"[{""sku_id"": ""sku_1001"", ""count"": 6}, {""sku_id"": ""sku_1046"", ""count"": 2}, {""sku_id"": ""sku_1009"", ""count"": 2}]",0.21428571428571427,0.07908163265306123,1.0,1.037037037037037,1.6470588235294117,0.10714285714285714,1.0357142857142858,1.0357142857142858,31.5,-0.2209424937979132,0.014021032242014207,-0.040060092120040594,0.07120631467035517,-0.1014057970173413,0.9989423690932312,0.003021802590768008,1.011867618580383,0.07191262416186855,1.401211816959366,0.7024200187715594,0.2566321041574551,-0.12098968534783087,0.21520557908458388,-0.30875063411921927,1.0245733989377355,0.03183110507585812,ordinary,0.10009713055424625,0.10009713055424625
2026-01-23 17:00:00,2026-01-23 18:00:00,25,0.0,0.08,1238.698,25,25,13,17,"[{""sku_id"": ""sku_1001"", ""count"": 3}, {""sku_id"": ""sku_1002"", ""count"": 3}, {""sku_id"": ""sku_1007"", ""count"": 2}]",0.12,0.07200000000000001,1.0,1.0,1.9230769230769231,0.12,1.0,1.0,34.1,-0.5262763666336108,0.014021032242014207,-0.040060092120040594,0.06948012419416469,0.030056788016672324,0.9989423690932312,0.003021802590768008,1.0118033181688604,-0.033723766196743936,1.4023862450639413,1.4876876514656625,0.2579416279669789,-0.39411893704851114,0.21558256321156802,-0.27309303774733723,1.0239583195726558,-0.06845234163615949,ordinary,0.03578208915003077,0.03578208915003077
2026-01-23 18:00:00,2026-01-23 19:00:00,24,0.0,0.125,1029.9016666666666,24,24,15,19,"[{""sku_id"": ""sku_1005"", ""count"": 6}, {""sku_id"": ""sku_1006"", ""count"": 2}, {""sku_id"": ""sku_1001"", ""count"": 2}]",0.25,0.10763888888888885,1.0,1.0,1.6,0.08333333333333333,1.0416666666666667,1.0416666666666667,46.1,-0.8583000713926231,0.014021032242014207,-0.040060092120040594,0.06986024115322902,0.1575421681336314,0.9989423690932312,0.003021802590768008,1.0118033181688604,-0.033723766196743936,1.4102464404241364,0.5421530273596106,0.25741531217750524,-0.021186606221443544,0.21578724157414111,-0.37843973783087936,1.023227325420609,0.052683832131593514,ordinary,0.21816307298396057,0.21816307298396057
2026-01-23 19:00:00,2026-01-23 20:00:00,34,0.0,0.029411764705882353,1691.5585294117648,33,33,19,26,"[{""sku_id"": ""sku_1005"", ""count"": 5}, {""sku_id"": ""sku_1001"", ""count"": 3}, {""sku_id"": ""sku_1009"", ""count"": 2}]",0.14705882352941177,0.06055363321799308,1.0,1.0303030303030303,1.7894736842105263,0.08823529411764706,1.088235294117647,1.088235294117647,47.8,-0.5495338525248734,0.014021032242014207,-0.040060092120040594,0.07159635226434012,-0.12052739302416506,0.9989423690932312,0.003021802590768008,1.0109352626133048,0.055336479113501376,1.4110040161817121,1.081341908653755,0.25761956054351826,-0.31588782004030425,0.21531066205344396,-0.36307247981656254,1.0221720421962082,0.18875214834696802,ordinary,0.209057820122767,0.209057820122767
2026-01-23 20:00:00,2026-01-23 21:00:00,18,0.0,0.05555555555555555,1224.9094444444445,18,18,11,16,"[{""sku_id"": ""sku_1001"", ""count"": 3}, {""sku_id"": ""sku_1003"", ""count"": 2}, {""sku_id"": ""sku_1011"", ""count"": 2}]",0.16666666666666666,0.09259259259259259,1.0,1.0,1.6363636363636365,0.1111111111111111,1.0555555555555556,1.0555555555555556,41.6,-1.2091704200216085,0.014021032242014207,-0.040060092120040594,0.07021273430102576,-0.04187765355848631,0.9989423690932312,0.003021802590768008,1.01135613803418,-0.03244610866908574,1.4119380642648833,0.6412159202821519,0.256077814812968,-0.2554604232751467,0.215192066228017,-0.297374157476874,1.0233975323922866,0.09188006618076855,ordinary,0.07622367527630605,0.07622367527630605
2026-01-23 21:00:00,2026-01-23 22:00:00,26,0.0,0.038461538461538464,1830.840769230769,26,26,15,22,"[{""sku_id"": ""sku_1001"", ""count"": 5}, {""sku_id"": ""sku_1016"", ""count"": 2}, {""sku_id"": ""sku_1005"", ""count"": 2}]",0.19230769230769232,0.07988165680473372,1.0,1.0,1.7333333333333334,0.07692307692307693,1.1153846153846154,1.0384615384615385,30.0,-0.2860387767736777,0.014021032242014207,-0.040060092120040594,0.07098433923929738,-0.09292228793645406,0.9989423690932312,0.003021802590768008,1.01135613803418,-0.03244610866908574,1.4109725265346398,0.9210308765676961,0.25695584801858745,-0.18470901631684325,0.21529849449536478,-0.3953583359208225,1.0236902101274932,0.04220379524012965,ordinary,0.036482658523794925,0.036482658523794925
2026-01-23 22:00:00,2026-01-23 23:00:00,9,0.1111111111111111,0.0,2361.067777777778,9,9,7,7,"[{""sku_id"": ""sku_1024"", ""count"": 2}, {""sku_id"": ""sku_1009"", ""count"": 1}, {""sku_id"": ""sku_1001"", ""count"": 1}]",0.2222222222222222,0.13580246913580246,1.0,1.0,1.2857142857142858,0.2222222222222222,1.0,1.0,18.4,-1.0826951434198389,0.01357300356817908,0.27868030726552007,0.07107049859965028,-0.20305856742757225,0.9989423690932312,0.003021802590768008,1.0103982836280498,-0.029709381794428124,1.4097198032230926,-0.354301478596591,0.2578346734941871,-0.10174986077704254,0.21502278454223553,0.02056982194281909,1.023328340814011,-0.0666524023257458,ordinary,0.019175479885946478,0.019175479885946478
2026-01-23 23:00:00,2026-01-24 00:00:00,6,0.0,0.0,1020.6933333333335,5,5,6,5,"[{""sku_id"": ""sku_1001"", ""count"": 2}, {""sku_id"": ""sku_1044"", ""count"": 1}, {""sku_id"": ""sku_1020"", ""count"": 1}]",0.3333333333333333,0.22222222222222227,1.0,1.2,1.0,0.3333333333333333,1.1666666666666667,1.1666666666666667,10.9,-0.5505579363155213,0.015116213444722292,-0.043189181270635126,0.07063647082187251,-0.2018184880624929,0.9989423690932312,0.003021802590768008,1.0103982836280498,0.5417191896341432,1.4028855880555442,-1.1511016801586977,0.25961900991394016,0.2106123526268376,0.2168071209619886,0.33293203534669924,1.0228943130362333,0.4107781532298097,ordinary,1.3289580801911953,1.3289580801911953
2026-01-24 00:00:00,2026-01-24 01:00:00,2,0.0,0.0,368.295,2,2,2,2,"[{""sku_id"": ""sku_1005"", ""count"": 2}]",1.0,1.0,1.0,1.0,1.0,0.5,1.0,1.0,4.444444444444445,-0.9567478404783819,0.015116213444722292,-0.043189181270635126,0.07063647082187251,-0.2018184880624929,0.9989423690932312,0.003021802590768008,1.0131760614058276,-0.03764588973093603,1.3994133658333219,-1.1411810452380626,0.2628597506546809,2.1061149981294833,0.21865897281384045,0.8038315062461702,1.025209127851048,-0.07202607957442288,ordinary,2.5412883256451626,2.5412883256451626
2026-01-24 01:00:00,2026-01-24 02:00:00,7,0.0,0.0,1066.1842857142858,7,7,6,6,"[{""sku_id"": ""sku_1001"", ""count"": 2}, {""sku_id"": ""sku_1042"", ""count"": 1}, {""sku_id"": ""sku_1013"", ""count"": 1}]",0.2857142857142857,0.18367346938775508,1.0,1.0,1.1666666666666667,0.2857142857142857,1.0,1.0,5.1,0.8702543635872547,0.015116213444722292,-0.043189181270635126,0.07063647082187251,-0.2018184880624929,0.9989423690932312,0.003021802590768008,1.0131760614058276,-0.03764588973093603,1.3966355880555443,-0.6570540611110789,0.274433824728755,0.03222988853008773,0.22328860244347007,0.17835909505947323,1.025209127851048,-0.07202607957442288,ordinary,0.47900282531188787,0.17441379805634874
2026-01-24 02:00:00,2026-01-24 03:00:00,3,0.0,0.0,796.7433333333333,3,3,3,2,"[{""sku_id"": ""sku_1019"", ""count"": 1}, {""sku_id"": ""sku_1001"", ""count"": 1}, {""sku_id"": ""sku_1012"", ""count"": 1}]",0.3333333333333333,0.3333333333333333,1.0,1.0,1.0,0.6666666666666666,1.0,1.0,12.333333333333334,-0.39440531887330776,0.015116213444722292,-0.043189181270635126,0.07063647082187251,-0.2018184880624929,0.9989423690932312,0.003021802590768008,1.0131760614058276,-0.03764588973093603,1.3989504028703592,-1.1398582939153121,0.27145763425256453,0.1767877116593394,0.22031241196727958,1.2752978705696774,1.025209127851048,-0.07202607957442288,ordinary,1.1820668592808385,1.1820668592808385
2026-01-24 04:00:00,2026-01-24 05:00:00,4,0.0,0.0,422.28499999999997,4,4,4,4,"[{""sku_id"": ""sku_1002"", ""count"": 1}, {""sku_id"": ""sku_1001"", ""count"": 1}, {""sku_id"": ""sku_1007"", ""count"": 1}]",0.25,0.25,1.0,1.0,1.0,0.25,1.0,1.0,12.333333333333334,-0.33154778334142737,0.015116213444722292,-0.043189181270635126,0.07063647082187251,-0.2018184880624929,0.9989423690932312,0.003021802590768008,1.0131760614058276,-0.03764588973093603,1.3989504028703592,-1.1398582939153121,0.2691428194377497,-0.05469376982214201,0.22262722678209443,0.07820792347973021,1.025209127851048,-0.07202607957442288,ordinary,0.06528596111547538,0.06528596111547538
2026-01-24 05:00:00,2026-01-24 06:00:00,1,0.0,0.0,932.56,1,1,1,1,"[{""sku_id"": ""sku_1018"", ""count"": 1}]",1.0,1.0,1.0,1.0,1.0,1.0,1.0,1.0,5.2,-1.6321024444751453,0.015116213444722292,-0.043189181270635126,0.07063647082187251,-0.2018184880624929,0.9989423690932312,0.003021802590768008,1.0131760614058276,-0.03764588973093603,1.3989504028703592,-1.1398582939153121,0.258726152771083,2.117925277796906,0.21221056011542774,2.2508269710987783,1.025209127851048,-0.07202607957442288,ordinary,3.7095139492279294,3.7095139492279294
2026-01-24 06:00:00,2026-01-24 07:00:00,12,0.0,0.0,1336.1433333333334,12,12,8,10,"[{""sku_id"": ""sku_1005"", ""count"": 2}, {""sku_id"": ""sku_1016"", ""count"": 2}, {""sku_id"": ""sku_1002"", ""count"": 1}]",0.16666666666666666,0.11111111111111112,1.0,1.0,1.5,0.16666666666666666,1.0,1.0,11.2,0.12318225208471299,0.015116213444722292,-0.043189181270635126,0.06369202637742806,-0.18197721822122304,0.9989423690932312,0.003021802590768008,1.0131760614058276,-0.03764588973093603,1.3989504028703592,0.28871313465611653,0.2656705972155275,-0.2828683729967453,0.2191550045598722,-0.14996667969487296,1.025209127851048,-0.07202607957442288,ordinary,0.04583341056134075,0.002719622331691207
2026-01-24 07:00:00,2026-01-24 08:00:00,11,0.0,0.18181818181818182,1820.2572727272725,11,11,7,9,"[{""sku_id"": ""sku_1026"", ""count"": 2}, {""sku_id"": ""sku_1017"", ""count"": 2}, {""sku_id"": ""sku_1003"", ""count"": 1}]",0.18181818181818182,0.12396694214876033,1.0,1.0,1.5714285714285714,0.18181818181818182,1.0,1.0,15.8,-0.6245540169515312,0.015116213444722292,-0.043189181270635126,0.06369202637742806,0.3375033012592965,0.9989423690932312,0.003021802590768008,1.0131760614058276,-0.03764588973093603,1.4058948473148036,0.47295349746790794,0.26104096758589784,-0.22635081647918864,0.21452537493024257,-0.09344912317731642,1.025209127851048,-0.07202607957442288,ordinary,0.3739732537169174,0.3739732537169174
2026-01-24 08:00:00,2026-01-24 09:00:00,16,0.0,0.125,1974.766875,16,16,11,13,"[{""sku_id"": ""sku_1001"", ""count"": 6}, {""sku_id"": ""sku_1007"", ""count"": 2}, {""sku_id"": ""sku_1006"", ""count"": 1}]",0.375,0.1875,1.0,1.0,1.4545454545454546,0.125,1.0,1.0,21.9,-0.43588919869054327,0.015116213444722292,-0.043189181270635126,0.06448116779156948,0.17291094916694436,0.9989423690932312,0.003021802590768008,1.0131760614058276,-0.03764588973093603,1.4118472282671843,0.12199493222362928,0.2600939978889282,0.328302863174491,0.21357840523327287,-0.2530811578093511,1.025209127851048,-0.07202607957442288,ordinary,0.4883942432723719,0.4883942432723719
2026-01-24 09:00:00,2026-01-24 10:00:00,35,0.0,0.11428571428571428,978.1848571428571,35,35,21,23,"[{""sku_id"": ""sku_1001"", ""count"": 8}, {""sku_id"": ""sku_1003"", ""count"": 7}, {""sku_id"": ""sku_1048"", ""count"": 3}]",0.22857142857142856,0.11673469387755103,1.0,1.0,1.6666666666666667,0.08571428571428572,1.0,1.0,25.4,0.7598971042335643,0.01357300356817908,-0.038780010194797376,0.06467406902613738,0.14174755788450544,0.9989423690932312,0.003021802590768008,1.0131760614058276,-0.03764588973093603,1.4181603595803156,0.7100180202467176,0.26221591146917506,-0.09612709399356141,0.21377130646784076,-0.36587720215301445,1.025209127851048,-0.07202607957442288,ordinary,0.42460592248639467,0.1586419360046472
2026-01-24 10:00:00,2026-01-24 11:00:00,25,0.0,0.04,1091.9732000000001,24,24,13,20,"[{""sku_id"": ""sku_1001"", ""count"": 5}, {""sku_id"": ""sku_1020"", ""count"": 3}, {""sku_id"": ""sku_1018"", ""count"": 2}]",0.2,0.08480000000000001,1.0,1.0416666666666667,1.9230769230769231,0.12,1.04,1.04,30.9,-0.32965409676060126,0.01357300356817908,-0.038780010194797376,0.06452525950232785,-0.07007217000665099,0.9989423690932312,0.003021802590768008,1.0131760614058276,0.08140172931668324,1.424214490634447,1.425321235549932,0.2636544035326671,-0.18186972437904889,0.21322567154720584,-0.2663590615634453,1.025209127851048,0.04225963471129151,ordinary,0.11792905941740767,0.11792905941740767
2026-01-24 11:00:00,2026-01-24 12:00:00,22,0.045454545454545456,0.045454545454545456,1888.39,22,22,14,16,"[{""sku_id"": ""sku_1001"", ""count"": 4}, {""sku_id"": ""sku_1019"", ""count"": 2}, {""sku_id"": ""sku_1002"", ""count"": 2}]",0.18181818181818182,0.07851239669421486,1.0,1.0,1.5714285714285714,0.13636363636363635,1.0,1.0,32.0,-0.5702144409522791,0.01357300356817908,0.09109011967533251,0.06215683844969628,-0.04772083712900235,0.9989423690932312,0.003021802590768008,1.0129831601712598,-0.03709474334645651,1.434430836788293,0.3914220989722241,0.2635082047022578,-0.23340006538307417,0.21196836160568538,-0.21601350069156866,1.0250336892545568,-0.07152482644159099,ordinary,0.002719622331691207,0.002719622331691207
2026-01-24 12:00:00,2026-01-24 13:00:00,23,0.08695652173913043,0.0,2022.4778260869568,22,22,12,16,"[{""sku_id"": ""sku_1001"", ""count"": 3}, {""sku_id"": ""sku_1005"", ""count"": 2}, {""sku_id"": ""sku_1002"", ""count"": 2}]",0.13043478260869565,0.06994328922495274,1.0,1.0454545454545454,1.9166666666666667,0.13043478260869565,1.0434782608695652,1.0434782608695652,36.1,-0.6388006444184811,0.014204316699492212,0.20786344297039494,0.062126775919633746,-0.17750507405609642,0.9989423690932312,0.003021802590768008,1.0122887157268154,0.09475951350779992,1.4297410820985383,1.3912159559089383,0.26404933024338334,-0.381755850384822,0.21253954967687344,-0.23458504876622227,1.0237109379318055,0.05647806553645639,ordinary,0.14266158826865624,0.14266158826865624
2026-01-24 13:00:00,2026-01-24 14:00:00,26,0.038461538461538464,0.07692307692307693,1642.3923076923083,24,24,14,18,"[{""sku_id"": ""sku_1005"", ""count"": 2}, {""sku_id"": ""sku_1049"", ""count"": 2}, {""sku_id"": ""sku_1003"", ""count"": 2}]",0.07692307692307693,0.0562130177514793,1.0,1.0833333333333333,1.8571428571428572,0.11538461538461539,1.1153846153846154,1.1153846153846154,35.2,-0.37504708323966024,0.015412046168091244,0.06585569226699206,0.061432331475189304,0.044259272708250356,0.9989423690932312,0.003021802590768008,1.0121890347060818,0.20326942464928993,1.4311089272163835,1.217239799789925,0.26447203555739296,-0.5358541675266173,0.21296225499088312,-0.2787932560179078,1.0236203582216605,0.26218359189415685,ordinary,0.46442112047538203,0.46442112047538203
2026-01-24 14:00:00,2026-01-24 15:00:00,26,0.0,0.07692307692307693,817.9876923076922,26,26,16,21,"[{""sku_id"": ""sku_1015"", ""count"": 3}, {""sku_id"": ""sku_1005"", ""count"": 2}, {""sku_id"": ""sku_1009"", ""count"": 2}]",0.11538461538461539,0.0650887573964497,1.0,1.0,1.625,0.11538461538461539,1.0,1.0,34.4,-0.3977317112691209,0.01594623420227928,-0.045560669149369376,0.06186939441225224,0.04301052145949911,0.9989423690932312,0.003021802590768008,1.0126850664521134,-0.03624304700603836,1.4333983045057606,0.547433415697827,0.2642777853631428,-0.42540905708150684,0.21267087969950782,-0.27796075518540697,1.023960296061598,-0.06845798874742316,ordinary,0.05003119593714023,0.05003119593714023
2026-01-24 15:00:00,2026-01-24 16:00:00,31,0.0,0.06451612903225806,1008.1448387096774,30,30,18,22,"[{""sku_id"": ""sku_1003"", ""count"": 3}, {""sku_id"": ""sku_1002"", ""count"": 3}, {""sku_id"": ""sku_1018"", ""count"": 3}]",0.0967741935483871,0.06555671175858481,1.0,1.0333333333333334,1.7222222222222223,0.0967741935483871,1.032258064516129,1.032258064516129,35.3,-0.3452482188816159,0.014954170710215788,-0.04272620202918797,0.06095364349650133,0.0101785301021621,0.9989423690932312,0.003021802590768008,1.0126850664521134,0.05899504823205718,1.4343628106786002,0.8224554615532063,0.2638962224815799,-0.4774915112376938,0.21129725332588145,-0.3272087422214125,1.023960296061598,0.023707909870088275,ordinary,0.09187738157219733,0.09187738157219733
2026-01-24 16:00:00,2026-01-24 17:00:00,30,0.03333333333333333,0.16666666666666666,1372.5090000000002,29,29,17,23,"[{""sku_id"": ""sku_1001"", ""count"": 4}, {""sku_id"": ""sku_1002"", ""count"": 4}, {""sku_id"": ""sku_1003"", ""count"": 3}]",0.13333333333333333,0.07555555555555554,1.0,1.0344827586206897,1.7647058823529411,0.1,1.1666666666666667,1.1333333333333333,32.1,-0.13502721485987057,0.014954170710215788,0.05251189320890727,0.06107809590589998,0.30168163074504767,0.9989423690932312,0.003021802590768008,1.0131480294150763,0.06095636915889547,1.4374492304316866,0.9350190054892987,0.26215388874999884,-0.36805872976190146,0.2110981294708436,-0.31742322705955317,1.0244083247354334,0.31121431027971397,ordinary,0.6444972335339103,0.6444972335339103
2026-01-24 17:00:00,2026-01-24 18:00:00,27,0.0,0.1111111111111111,952.6407407407407,26,26,17,22,"[{""sku_id"": ""sku_1002"", ""count"": 4}, {""sku_id"": ""sku_1014"", ""count"": 3}, {""sku_id"": ""sku_1021"", ""count"": 2}]",0.14814814814814814,0.0699588477366255,1.0,1.0384615384615385,1.588235294117647,0.1111111111111111,1.037037037037037,1.037037037037037,34.3,-0.4254151810866738,0.015417133673178754,-0.0440489533519393,0.06232453465233872,0.1393902184536354,0.9989423690932312,0.003021802590768008,1.0130714010625859,0.07254324971129339,1.4378849602791812,0.42957238239561646,0.2618689884650986,-0.32491668661985845,0.2108844542571684,-0.2850666947030209,1.0251918005189093,0.033843532908936096,ordinary,0.2556669386691324,0.2556669386691324
2026-01-24 18:00:00,2026-01-24 19:00:00,34,0.0,0.11764705882352941,1083.829705882353,33,33,15,23,"[{""sku_id"": ""sku_1001"", ""count"": 7}, {""sku_id"": ""sku_1002"", ""count"": 4}, {""sku_id"": ""sku_1007"", ""count"": 3}]",0.20588235294117646,0.09169550173010381,1.0,1.0303030303030303,2.2666666666666666,0.058823529411764705,1.0294117647058822,1.0294117647058822,45.6,-0.44337866137333487,0.015417133673178754,-0.0440489533519393,0.062941818602956,0.15630068634449545,0.9989423690932312,0.003021802590768008,1.013605589096774,0.04770697487501823,1.4367956356604448,2.3710600885892053,0.262074749781971,-0.16054970525941292,0.21057581228185976,-0.4335779510574145,1.0257062038110905,0.010587316842262266,ordinary,0.2308272056594643,0.2308272056594643
2026-01-24 19:00:00,2026-01-24 20:00:00,31,0.06451612903225806,0.06451612903225806,934.3483870967743,31,31,19,22,"[{""sku_id"": ""sku_1001"", ""count"": 7}, {""sku_id"": ""sku_1002"", ""count"": 3}, {""sku_id"": ""sku_1003"", ""count"": 3}]",0.22580645161290322,0.09469302809573361,1.0,1.0,1.631578947368421,0.12903225806451613,1.032258064516129,1.032258064516129,48.4,-0.7057663716805617,0.015417133673178754,0.14028284388308374,0.06380420059278896,0.002034081255626002,0.9989423690932312,0.003021802590768008,1.013209471053597,-0.037741345867420124,1.438865352436044,0.550610271235363,0.26339101702961076,-0.10738447261916442,0.20946379340023302,-0.22980438667347686,1.0245714906665733,0.02196163957015924,ordinary,0.022526423369007204,0.022526423369007204
2026-01-24 20:00:00,2026-01-24 21:00:00,24,0.0,0.08333333333333333,1540.2258333333332,22,22,15,19,"[{""sku_id"": ""sku_1002"", ""count"": 3}, {""sku_id"": ""sku_1003"", ""count"": 2}, {""sku_id"": ""sku_1021"", ""count"": 2}]",0.125,0.0625,1.0,1.0909090909090908,1.6,0.125,1.0833333333333333,1.0833333333333333,40.5,-0.8014683732272431,0.015879163243071225,-0.04536903783734636,0.0629641468293481,0.058197675725672075,0.9989423690932312,0.003021802590768008,1.013209471053597,0.2219989138728394,1.4368348131248028,0.4661862482148495,0.26479110663534555,-0.399403161815273,0.2099538247622402,-0.2427252136064006,1.0250195193404084,0.1666108971226426,ordinary,0.422024697200884,0.422024697200884
2026-01-24 21:00:00,2026-01-24 22:00:00,16,0.0,0.0625,1888.5037499999999,16,16,13,13,"[{""sku_id"": ""sku_1005"", ""count"": 3}, {""sku_id"": ""sku_1002"", ""count"": 2}, {""sku_id"": ""sku_1003"", ""count"": 2}]",0.1875,0.1015625,1.0,1.0,1.2307692307692308,0.125,1.0,1.0,30.5,-1.0573649698511118,0.015879163243071225,-0.04536903783734636,0.06316369983062525,-0.0018962852303578653,0.9989423690932312,0.003021802590768008,1.0144720973162233,-0.041348849474923836,1.4366804921371485,-0.5883178896226221,0.264132581731131,-0.21895023351751722,0.2102531542641559,-0.24358044075473112,1.0261769267478158,-0.07479121927947371,ordinary,0.002719622331691207,0.002719622331691207
2026-01-24 22:00:00,2026-01-24 23:00:00,8,0.0,0.125,637.3362500000001,8,8,7,7,"[{""sku_id"": ""sku_1003"", ""count"": 2}, {""sku_id"": ""sku_1006"", ""count"": 1}, {""sku_id"": ""sku_1036"", ""count"": 1}]",0.25,0.15625,1.0,1.0,1.1428571428571428,0.25,1.125,1.125,18.2,-1.147105750148437,0.015879163243071225,-0.04536903783734636,0.061716940571365994,0.1808087412246686,0.9989423690932312,0.003021802590768008,1.0139931701131581,-0.039980486037594715,1.4292647053095968,-0.8183073212927259,0.2648848965459458,-0.0425282758455595,0.2106003764863781,0.11257035289606256,1.02525100082189,0.28499714050888564,ordinary,0.5196632324027852,0.5196632324027852
2026-01-24 23:00:00,2026-01-25 00:00:00,9,0.0,0.0,910.1655555555556,9,9,6,7,"[{""sku_id"": ""sku_1005"", ""count"": 1}, {""sku_id"": ""sku_1002"", ""count"": 1}, {""sku_id"": ""sku_1018"", ""count"": 1}]",0.1111111111111111,0.1111111111111111,1.0,1.0,1.5,0.2222222222222222,1.0,1.0,10.9,-0.21348164877540626,0.015062169779018938,-0.04303477079719697,0.06345305168247711,-0.18129443337850604,0.9989423690932312,0.003021802590768008,1.0139931701131581,-0.039980486037594715,1.4215266100715018,0.2242096855099948,0.2659061383760112,-0.4422715064711431,0.21243861178049578,0.027953172690646948,1.0253531250048964,-0.0724375000139897,ordinary,0.24929184599420356,0.24929184599420356
2026-01-25 00:00:00,2026-01-25 01:00:00,3,0.0,0.0,611.9066666666666,3,3,3,3,"[{""sku_id"": ""sku_1014"", ""count"": 1}, {""sku_id"": ""sku_1001"", ""count"": 1}, {""sku_id"": ""sku_1021"", ""count"": 1}]",0.3333333333333333,0.3333333333333333,1.0,1.0,1.0,0.3333333333333333,1.0,1.0,4.0,-0.3849001794597505,0.01424517631496665,-0.040700503757047576,0.06345305168247711,-0.18129443337850604,0.9989423690932312,0.003021802590768008,1.0139931701131581,-0.039980486037594715,1.422684017478909,-1.2076686213683117,0.26581536132444983,0.19290849145395284,0.21307405114142533,0.3435979491197371,1.0253531250048964,-0.0724375000139897,ordinary,0.4512156239360384,0.4512156239360384
2026-01-25 01:00:00,2026-01-25 02:00:00,2,0.0,0.0,1090.85,2,2,2,2,"[{""sku_id"": ""sku_1039"", ""count"": 1}, {""sku_id"": ""sku_1034"", ""count"": 1}]",0.5,0.5,1.0,1.0,1.0,0.5,1.0,1.0,5.0,-1.4599927901768628,0.01424517631496665,-0.040700503757047576,0.06345305168247711,-0.18129443337850604,0.9989423690932312,0.003021802590768008,1.0139931701131581,-0.039980486037594715,1.422684017478909,-1.2076686213683117,0.263500546509635,0.6757127242581857,0.2107592363266105,0.82640218192397,1.0253531250048964,-0.0724375000139897,ordinary,1.2719828197032346,1.2719828197032346
2026-01-25 02:00:00,2026-01-25 03:00:00,2,0.0,0.0,1034.2,2,2,2,2,"[{""sku_id"": ""sku_1035"", ""count"": 1}, {""sku_id"": ""sku_1016"", ""count"": 1}]",0.5,0.5,1.0,1.0,1.0,0.5,1.0,1.0,11.88888888888889,-0.4152536122922586,0.01424517631496665,-0.040700503757047576,0.06345305168247711,-0.18129443337850604,0.9989423690932312,0.003021802590768008,1.0139931701131581,-0.039980486037594715,1.422684017478909,-1.2076686213683117,0.26488943539852383,0.671744470289932,0.21492590299327718,0.8144974200192081,1.0253531250048964,-0.0724375000139897,ordinary,1.2588875816079965,1.2588875816079965
2026-01-25 03:00:00,2026-01-25 04:00:00,5,0.0,0.0,3106.9280000000003,5,5,4,5,"[{""sku_id"": ""sku_1017"", ""count"": 1}, {""sku_id"": ""sku_1019"", ""count"": 1}, {""sku_id"": ""sku_1003"", ""count"": 1}]",0.2,0.20000000000000004,1.0,1.0,1.25,0.2,1.0,1.0,11.571428571428571,-0.2924385214703954,0.01424517631496665,-0.040700503757047576,0.06345305168247711,-0.18129443337850604,0.9989423690932312,0.003021802590768008,1.0139931701131581,-0.039980486037594715,1.422684017478909,-0.4933829070825973,0.2672042502133387,-0.19201214346668202,0.21724071780809198,-0.049259193737405636,1.0253531250048964,-0.0724375000139897,ordinary,0.002719622331691207,0.002719622331691207
2026-01-25 04:00:00,2026-01-25 05:00:00,1,0.0,0.0,1746.19,1,1,1,1,"[{""sku_id"": ""sku_1019"", ""count"": 1}]",1.0,1.0,1.0,1.0,1.0,1.0,1.0,1.0,12.222222222222221,-0.44579881988739234,0.01424517631496665,-0.040700503757047576,0.06345305168247711,-0.18129443337850604,0.9989423690932312,0.003021802590768008,1.0139931701131581,-0.039980486037594715,1.4261562397011314,-1.2175892562889468,0.26072276873185724,2.1122206607661225,0.21538886595624016,2.2417460972678853,1.0253531250048964,-0.0724375000139897,ordinary,3.69711509483551,3.69711509483551
2026-01-25 05:00:00,2026-01-25 06:00:00,2,0.0,0.5,8546.92,2,2,1,2,"[{""sku_id"": ""sku_1032"", ""count"": 1}, {""sku_id"": ""sku_1028"", ""count"": 1}]",0.5,0.5,1.0,1.0,2.0,0.5,1.0,1.0,4.8,-0.9660917830792958,0.01424517631496665,-0.040700503757047576,0.06345305168247711,1.2472769951929226,0.9989423690932312,0.003021802590768008,1.0139931701131581,-0.039980486037594715,1.4261562397011314,1.6395536008539104,0.2676672131763016,0.6638079623534241,0.2223333104006846,0.7933333988551869,1.0253531250048964,-0.0724375000139897,ordinary,4.246371803100048,4.246371803100048
2026-01-25 06:00:00,2026-01-25 07:00:00,6,0.0,0.0,534.5533333333334,6,6,6,6,"[{""sku_id"": ""sku_1002"", ""count"": 2}, {""sku_id"": ""sku_1005"", ""count"": 1}, {""sku_id"": ""sku_1001"", ""count"": 1}]",0.3333333333333333,0.22222222222222227,1.0,1.0,1.0,0.16666666666666666,1.0,1.0,10.9,-0.769538589674055,0.01424517631496665,-0.040700503757047576,0.07039749612692155,-0.20113570321977586,0.9989423690932312,0.003021802590768008,1.0139931701131581,-0.039980486037594715,1.4400451285900202,-1.2572717959714863,0.2699820279911165,0.18100372954919097,0.22464812521549937,-0.16566131013952207,1.0253531250048964,-0.0724375000139897,ordinary,0.1656229789259631,0.1656229789259631
2026-01-25 07:00:00,2026-01-25 08:00:00,11,0.0,0.0,1645.4145454545455,11,11,10,10,"[{""sku_id"": ""sku_1001"", ""count"": 2}, {""sku_id"": ""sku_1002"", ""count"": 2}, {""sku_id"": ""sku_1041"", ""count"": 1}]",0.18181818181818182,0.12396694214876033,1.0,1.0,1.1,0.18181818181818182,1.0,1.0,14.1,-0.47903790553321474,0.009615546685337019,-0.027472990529534343,0.07039749612692155,-0.20113570321977586,0.9989423690932312,0.003021802590768008,1.0139931701131581,-0.039980486037594715,1.4400451285900202,-0.9715575102572004,0.2699820279911165,-0.25189670335124187,0.22233331040068455,-0.11575751023572207,1.0253531250048964,-0.0724375000139897,ordinary,0.002719622331691207,0.002719622331691207
2026-01-25 08:00:00,2026-01-25 09:00:00,18,0.0,0.0,1636.7277777777779,18,18,15,15,"[{""sku_id"": ""sku_1001"", ""count"": 2}, {""sku_id"": ""sku_1007"", ""count"": 2}, {""sku_id"": ""sku_1020"", ""count"": 1}]",0.1111111111111111,0.06790123456790123,1.0,1.0,1.2,0.1111111111111111,1.0,1.0,20.9,-0.21373276475806027,0.009615546685337019,-0.027472990529534343,0.07039749612692155,-0.20113570321977586,0.9989423690932312,0.003021802590768008,1.0139931701131581,-0.039980486037594715,1.441434017478909,-0.689811478511169,0.2701924657015542,-0.45451815597269457,0.22254374811112232,-0.31837896285717493,1.0253531250048964,-0.0724375000139897,ordinary,0.002719622331691207,0.002719622331691207
2026-01-25 09:00:00,2026-01-25 10:00:00,21,0.0,0.14285714285714285,1652.7480952380952,21,21,13,20,"[{""sku_id"": ""sku_1003"", ""count"": 4}, {""sku_id"": ""sku_1006"", ""count"": 3}, {""sku_id"": ""sku_1001"", ""count"": 2}]",0.19047619047619047,0.09750566893424034,1.0,1.0,1.6153846153846154,0.09523809523809523,1.0,1.0,24.7,-0.31419428931504473,0.009615546685337019,-0.027472990529534343,0.06932912005854548,0.21008006513884964,0.9989423690932312,0.003021802590768008,1.0139931701131581,-0.039980486037594715,1.4416865427314345,0.496280207580517,0.26853054737296916,-0.2230124482765106,0.22195020585091338,-0.362034601750909,1.0253531250048964,-0.0724375000139897,ordinary,0.23380769398442583,0.23380769398442583
2026-01-25 10:00:00,2026-01-25 11:00:00,21,0.09523809523809523,0.09523809523809523,969.4866666666666,20,20,13,17,"[{""sku_id"": ""sku_1009"", ""count"": 4}, {""sku_id"": ""sku_1003"", ""count"": 3}, {""sku_id"": ""sku_1002"", ""count"": 2}]",0.19047619047619047,0.10204081632653059,1.0,1.05,1.6153846153846154,0.09523809523809523,1.0952380952380953,1.0952380952380953,28.0,-0.43788026951985703,0.008458139277929612,0.24794273131475894,0.07015583963526505,0.07166358743665768,0.9989423690932312,0.003021802590768008,1.0139931701131581,0.10287665681954827,1.4474557735006652,0.47979669109700057,0.26770382779624957,-0.22065039234302602,0.22095814235884986,-0.35920013463072753,1.0253531250048964,0.19967134352342558,ordinary,0.3441633001503034,0.3441633001503034
2026-01-25 11:00:00,2026-01-25 12:00:00,24,0.0,0.16666666666666666,1386.05875,23,23,19,22,"[{""sku_id"": ""sku_1034"", ""count"": 2}, {""sku_id"": ""sku_1008"", ""count"": 2}, {""sku_id"": ""sku_1004"", ""count"": 2}]",0.08333333333333333,0.05902777777777778,1.0,1.0434782608695652,1.263157894736842,0.08333333333333333,1.0416666666666667,1.0416666666666667,29.1,-0.3108305421010679,0.009780890600680934,-0.027945401716231243,0.06902761056585953,0.2789687317165918,0.9989423690932312,0.003021802590768008,1.0146876145576025,0.0822589894627506,1.4502157450106368,-0.5344510007822707,0.2662643631214909,-0.5226600851090216,0.22064690675349663,-0.3923244954861809,1.0266758763276478,0.04283082954005416,ordinary,0.4261088803147362,0.4261088803147362
2026-01-25 12:00:00,2026-01-25 13:00:00,42,0.0,0.07142857142857142,922.6880952380952,42,42,19,30,"[{""sku_id"": ""sku_1003"", ""count"": 5}, {""sku_id"": ""sku_1001"", ""count"": 5}, {""sku_id"": ""sku_1009"", ""count"": 3}]",0.11904761904761904,0.06349206349206349,1.0,1.0,2.210526315789474,0.09523809523809523,1.0,1.0,33.9,0.3927075597112441,0.009780890600680934,-0.027945401716231243,0.07134242538067433,0.00024613156542028066,0.9989423690932312,0.003021802590768008,1.015291479291902,-0.043689940834006034,1.449241086141241,2.175100656137808,0.26394954830667605,-0.4140055121687343,0.2197209808275707,-0.35566538739850134,1.0272545800313513,-0.07787022866100367,ordinary,0.14043801295258895,0.002990367053653516
2026-01-25 13:00:00,2026-01-25 14:00:00,37,0.0,0.02702702702702703,1279.5313513513513,34,35,18,25,"[{""sku_id"": ""sku_1039"", ""count"": 3}, {""sku_id"": ""sku_1011"", ""count"": 3}, {""sku_id"": ""sku_1002"", ""count"": 3}]",0.08108108108108109,0.05332359386413443,0.9714285714285714,1.0571428571428572,2.0555555555555554,0.10810810810810811,1.135135135135135,1.1081081081081081,30.2,0.3406820468238861,0.009780890600680934,-0.027945401716231243,0.07019773673598567,-0.123344884882739,0.9989423690932312,-0.07861085047045652,1.015291479291902,0.11957536528844301,1.459881112132144,1.7019269812097468,0.26239785925498693,-0.518047937639731,0.21890698001356987,-0.31656820544417646,1.0272545800313513,0.23101008021930525,ordinary,0.42362214585224733,0.3043834294638872
2026-01-25 14:00:00,2026-01-25 15:00:00,18,0.0,0.1111111111111111,1329.026111111111,18,18,10,11,"[{""sku_id"": ""sku_1001"", ""count"": 3}, {""sku_id"": ""sku_1005"", ""count"": 2}, {""sku_id"": ""sku_1003"", ""count"": 2}]",0.16666666666666666,0.08641975308641975,1.0,1.0,1.8,0.16666666666666666,1.0555555555555556,1.0555555555555556,32.6,-0.695992539898514,0.009301963397615801,-0.02657703827890229,0.06865740329910051,0.12129630803431599,0.9990244708994709,0.002787226001511759,1.016085130085553,-0.04595751453015115,1.4615786429963418,0.9669181628675951,0.2620872037719177,-0.272630106015003,0.21897169990587598,-0.14944295211202663,1.028756081532853,0.07656992577915046,ordinary,0.19719038286242854,0.19719038286242854
2026-01-25 15:00:00,2026-01-25 16:00:00,25,0.04,0.08,1872.9603999999997,25,25,14,22,"[{""sku_id"": ""sku_1001"", ""count"": 4}, {""sku_id"": ""sku_1003"", ""count"": 3}, {""sku_id"": ""sku_1002"", ""count"": 2}]",0.16,0.07520000000000002,1.0,1.0,1.7857142857142858,0.08,1.04,1.04,33.5,-0.7378143596467629,0.008787560105434732,0.08917839969875792,0.07020061317564373,0.027998248069589348,0.9990244708994709,0.002787226001511759,1.016085130085553,-0.04595751453015115,1.46451981946693,0.9169707916201232,0.2613155988336461,-0.2894731395247031,0.22025770813632867,-0.40073630896093904,1.0295276864711245,0.02992089579678733,ordinary,0.05724329291533874,0.05724329291533874
2026-01-25 16:00:00,2026-01-25 17:00:00,25,0.0,0.04,1464.5772,25,25,18,17,"[{""sku_id"": ""sku_1001"", ""count"": 5}, {""sku_id"": ""sku_1010"", ""count"": 3}, {""sku_id"": ""sku_1004"", ""count"": 2}]",0.2,0.09760000000000003,1.0,1.0,1.3888888888888888,0.2,1.04,1.04,29.5,-0.34373296333205705,0.009343115660990286,-0.02669461617425796,0.06984973598266128,-0.08528495995046081,0.9990244708994709,0.002787226001511759,1.016085130085553,-0.04595751453015115,1.470472200419311,-0.23172848793268247,0.2620758327517747,-0.17735952214792772,0.21990683094334618,-0.05687665983813191,1.03008324202668,0.02833359420948613,ordinary,0.02517537876894949,0.02517537876894949
2026-01-25 17:00:00,2026-01-25 18:00:00,29,0.0,0.10344827586206896,1421.3265517241377,29,29,21,21,"[{""sku_id"": ""sku_1001"", ""count"": 3}, {""sku_id"": ""sku_1006"", ""count"": 3}, {""sku_id"": ""sku_1010"", ""count"": 3}]",0.10344827586206896,0.06539833531510107,1.0,1.0,1.380952380952381,0.10344827586206896,1.0,1.0,31.4,-0.155337003985845,0.009343115660990284,-0.026694616174257956,0.0689171963001216,0.09866022731984964,0.9990244708994709,0.002787226001511759,1.0155707267933718,-0.04448779083820512,1.4619845460983232,-0.2315204718455493,0.26237345179939375,-0.45407193124949946,0.22119651348302877,-0.3364235360598852,1.0296467340901723,-0.08470495454334934,ordinary,0.11103475345319519,0.11103475345319519
2026-01-25 18:00:00,2026-01-25 19:00:00,37,0.0,0.0,1364.543783783784,36,36,18,25,"[{""sku_id"": ""sku_1001"", ""count"": 5}, {""sku_id"": ""sku_1003"", ""count"": 4}, {""sku_id"": ""sku_1010"", ""count"": 3}]",0.13513513513513514,0.06647187728268811,1.0,1.0277777777777777,2.0555555555555554,0.08108108108108109,1.0810810810810811,1.0810810810810811,39.9,-0.13915280737025296,0.008764411957286581,-0.025041177020818806,0.070353977909317,-0.20101136545519144,0.9990244708994709,0.002787226001511759,1.0155707267933718,0.03487728852687397,1.462645921759699,1.6940275251310184,0.2614954185937744,-0.3610293813103979,0.22089718398111305,-0.39947457971437705,1.0284893266827648,0.1502621554237609,ordinary,0.15759551626724327,0.15759551626724327
2026-01-25 19:00:00,2026-01-25 20:00:00,42,0.023809523809523808,0.14285714285714285,1189.6116666666667,41,41,20,25,"[{""sku_id"": ""sku_1003"", ""count"": 5}, {""sku_id"": ""sku_1001"", ""count"": 4}, {""sku_id"": ""sku_1039"", ""count"": 3}]",0.11904761904761904,0.058956916099773236,1.0,1.024390243902439,2.1,0.09523809523809523,1.0238095238095237,1.0238095238095237,42.8,-0.03809235896300431,0.008764411957286581,0.04298603386353494,0.06896508902042811,0.21112015381918497,0.9990244708994709,0.002787226001511759,1.0152255351104609,0.026184882262794775,1.4713540346344784,1.7799486284775143,0.26059451769287345,-0.4044197104150126,0.22063442121835028,-0.358275217086443,1.0289210083644464,-0.014604241585493482,ordinary,0.2609255548652588,0.2609255548652588
2026-01-25 20:00:00,2026-01-25 21:00:00,27,0.0,0.07407407407407407,1435.7222222222222,27,27,15,20,"[{""sku_id"": ""sku_1042"", ""count"": 3}, {""sku_id"": ""sku_1001"", ""count"": 3}, {""sku_id"": ""sku_1044"", ""count"": 2}]",0.1111111111111111,0.06172839506172839,1.0,1.0,1.8,0.07407407407407407,1.1481481481481481,1.1481481481481481,36.0,-0.48713928962874675,0.009095099787974412,-0.025985999394212606,0.07045318425852336,0.010345399473002037,0.9990244708994709,0.002787226001511759,1.0150498852058136,-0.04299967201661037,1.474594775375219,0.9092083661328053,0.2597677981161539,-0.4247333914429795,0.2199730455569746,-0.4168542042368587,1.0282596327030706,0.3425386155573643,ordinary,0.2879193352675543,0.2879193352675543
2026-01-25 21:00:00,2026-01-25 22:00:00,18,0.05555555555555555,0.1111111111111111,1311.6211111111113,18,18,12,14,"[{""sku_id"": ""sku_1010"", ""count"": 3}, {""sku_id"": ""sku_1002"", ""count"": 2}, {""sku_id"": ""sku_1001"", ""count"": 2}]",0.16666666666666666,0.09259259259259259,1.0,1.0,1.5,0.1111111111111111,1.0555555555555556,1.0555555555555556,27.5,-0.7187031245514823,0.009095099787974412,0.13274415933594613,0.07096758755070441,0.11469578160116199,0.9990244708994709,0.002787226001511759,1.0145156971716256,-0.04147342049035885,1.4775359518458073,0.06245007954662653,0.2592533948239728,-0.26453350902087475,0.21945864226479356,-0.309564374724807,1.0292884392874329,0.07504890362320779,ordinary,0.188712986061205,0.188712986061205
2026-01-25 22:00:00,2026-01-25 23:00:00,17,0.058823529411764705,0.058823529411764705,1874.155882352941,17,17,11,15,"[{""sku_id"": ""sku_1031"", ""count"": 2}, {""sku_id"": ""sku_1001"", ""count"": 2}, {""sku_id"": ""sku_1004"", ""count"": 2}]",0.11764705882352941,0.07958477508650517,1.0,1.0,1.5454545454545454,0.11764705882352941,1.0,1.0,16.8,0.02146144575845219,0.009866704726246019,0.13987664195862481,0.07251079742724763,-0.039106480044236926,0.9990244708994709,0.002787226001511759,1.0145156971716256,-0.04147342049035885,1.4746764747216243,0.1973247987895094,0.2586946464203968,-0.40299310741962113,0.21860721612601108,-0.2884575922928048,1.0291021898195742,-0.08314911377021213,ordinary,0.01002000941681885,0.0025085034013605833
2026-01-25 23:00:00,2026-01-26 00:00:00,6,0.0,0.16666666666666666,632.1483333333333,6,6,6,6,"[{""sku_id"": ""sku_1001"", ""count"": 3}, {""sku_id"": ""sku_1002"", ""count"": 1}, {""sku_id"": ""sku_1015"", ""count"": 1}]",0.5,0.33333333333333337,1.0,1.0,1.0,0.16666666666666666,1.0,1.0,9.0,-0.4569057743101285,0.010683698190298305,-0.030524851972280873,0.07332779089129991,0.2666825022153336,0.9990244708994709,0.002787226001511759,1.0145156971716256,-0.04147342049035885,1.4753077878529375,-1.324813496415351,0.257242213595415,0.6935936754416715,0.21869799317757244,-0.14866093288830223,1.0291021898195742,-0.08314911377021213,ordinary,0.9200935637357319,0.9200935637357319
