relative_hour_bucket,transaction_count,amount_usd,product_top,product_top_share,unique_product,unique_card1_proxy,card4_top,card4_top_share,addr2_top,addr2_top_share,identity_coverage,device_type_top,device_type_top_share,labelled_fraud_count,labelled_fraud_rate,labelled_fraud_amount_usd
24,228,44934.424,W,0.7280701754385965,5,165,visa,0.706140350877193,87.0,0.8728070175438597,0.2149122807017544,desktop,0.12280701754385964,1,0.0043859649122807015,445.0
25,201,28517.301,W,0.7213930348258707,5,138,visa,0.681592039800995,87.0,0.8706467661691543,0.25870646766169153,mobile,0.14427860696517414,6,0.029850746268656716,582.385
26,180,32830.242,W,0.6,5,115,visa,0.6722222222222223,87.0,0.8444444444444444,0.4,desktop,0.21666666666666667,0,0.0,
27,134,13159.385,W,0.6791044776119403,4,103,visa,0.664179104477612,87.0,0.7910447761194029,0.31343283582089554,desktop,0.23134328358208955,3,0.022388059701492536,236.67
28,92,14690.033,W,0.5760869565217391,5,80,visa,0.6630434782608695,87.0,0.7717391304347826,0.41304347826086957,desktop,0.20652173913043478,3,0.03260869565217391,30.0
29,64,8788.816,W,0.625,4,49,visa,0.640625,87.0,0.703125,0.34375,desktop,0.21875,1,0.015625,83.38
30,91,14883.018000000002,W,0.8021978021978022,4,40,mastercard,0.6263736263736264,87.0,0.8461538461538461,0.15384615384615385,desktop,0.07692307692307693,1,0.01098901098901099,774.0
31,66,10825.342,W,0.8939393939393939,4,25,mastercard,0.696969696969697,87.0,0.9545454545454546,0.10606060606060606,desktop,0.06060606060606061,0,0.0,
32,38,9179.862000000001,W,0.8421052631578947,3,19,mastercard,0.5263157894736842,87.0,0.8947368421052632,0.13157894736842105,mobile,0.10526315789473684,4,0.10526315789473684,2433.616
33,41,7377.82,W,1.0,1,20,mastercard,0.6097560975609756,87.0,1.0,0.0,,,1,0.024390243902439025,159.0
34,47,4979.780000000001,W,0.8936170212765957,3,35,visa,0.574468085106383,87.0,0.9787234042553191,0.10638297872340426,mobile,0.06382978723404255,2,0.0425531914893617,177.0
35,82,11615.02,W,0.8902439024390244,5,55,visa,0.524390243902439,87.0,0.975609756097561,0.10975609756097561,desktop,0.07317073170731707,5,0.06097560975609756,586.5
36,148,19055.889000000003,W,0.8783783783783784,5,91,visa,0.6013513513513513,87.0,0.9932432432432432,0.11486486486486487,desktop,0.08783783783783784,4,0.02702702702702703,658.0
37,222,33600.583,W,0.9144144144144144,5,130,visa,0.6081081081081081,87.0,0.990990990990991,0.08558558558558559,desktop,0.07207207207207207,1,0.0045045045045045045,80.0
38,258,32628.038,W,0.810077519379845,5,141,visa,0.6007751937984496,87.0,0.9767441860465116,0.18604651162790697,desktop,0.13178294573643412,7,0.027131782945736434,1481.99
39,328,47567.161,W,0.8292682926829268,5,199,visa,0.6554878048780488,87.0,0.9420731707317073,0.15548780487804878,desktop,0.12195121951219512,8,0.024390243902439025,2560.24
40,376,54005.076,W,0.824468085106383,5,222,visa,0.648936170212766,87.0,0.9601063829787234,0.15425531914893617,desktop,0.11702127659574468,7,0.018617021276595744,1673.73
41,382,54295.087,W,0.7958115183246073,5,230,visa,0.6099476439790575,87.0,0.9293193717277487,0.18848167539267016,desktop,0.14921465968586387,5,0.013089005235602094,865.029
42,378,54774.221000000005,W,0.8174603174603174,5,215,visa,0.5687830687830688,87.0,0.9391534391534392,0.164021164021164,desktop,0.11375661375661375,5,0.013227513227513227,826.357
43,377,57652.026,W,0.7957559681697612,5,221,visa,0.5729442970822282,87.0,0.9071618037135278,0.1724137931034483,desktop,0.1220159151193634,8,0.021220159151193633,362.30499999999995
44,343,50469.091,W,0.8046647230320699,5,205,visa,0.6064139941690962,87.0,0.9591836734693877,0.18950437317784258,desktop,0.14285714285714285,13,0.037900874635568516,1826.492
45,361,46938.015,W,0.775623268698061,5,232,visa,0.6011080332409973,87.0,0.9002770083102493,0.2077562326869806,desktop,0.16066481994459833,9,0.024930747922437674,1862.991
46,331,45366.77500000001,W,0.8429003021148036,5,210,visa,0.6163141993957704,87.0,0.9365558912386707,0.1268882175226586,desktop,0.09063444108761329,7,0.021148036253776436,1533.5
47,354,44053.926,W,0.7740112994350282,5,207,visa,0.6214689265536724,87.0,0.8898305084745762,0.2033898305084746,desktop,0.11016949152542373,11,0.031073446327683617,1098.9589999999998
48,320,43792.549,W,0.796875,5,181,visa,0.634375,87.0,0.884375,0.19375,desktop,0.13125,10,0.03125,1058.268
49,246,29000.955,W,0.7154471544715447,5,159,visa,0.6138211382113821,87.0,0.8252032520325203,0.26422764227642276,desktop,0.13821138211382114,11,0.044715447154471545,1240.3220000000001
50,164,17385.239999999998,W,0.6951219512195121,5,114,visa,0.6219512195121951,87.0,0.8536585365853658,0.29878048780487804,desktop,0.1524390243902439,10,0.06097560975609756,1148.7820000000002
51,124,12838.155,W,0.7741935483870968,5,87,visa,0.5645161290322581,87.0,0.8306451612903226,0.22580645161290322,desktop,0.12903225806451613,3,0.024193548387096774,159.24
52,102,11813.21,W,0.7058823529411765,5,76,visa,0.6862745098039216,87.0,0.8529411764705882,0.27450980392156865,desktop,0.14705882352941177,3,0.029411764705882353,74.574
53,73,8011.463,W,0.6712328767123288,4,54,visa,0.6712328767123288,87.0,0.7808219178082192,0.3013698630136986,mobile,0.273972602739726,3,0.0410958904109589,150.22199999999998
54,40,6462.998,W,0.6,5,32,visa,0.725,87.0,0.825,0.4,desktop,0.25,1,0.025,14.863
55,30,3575.0539999999996,W,0.7,4,23,visa,0.5666666666666667,87.0,0.8333333333333334,0.3,mobile,0.2,1,0.03333333333333333,40.663
56,16,1691.933,W,0.8125,3,12,visa,0.5,87.0,0.9375,0.1875,desktop,0.1875,0,0.0,
57,9,1444.9,W,0.8888888888888888,2,8,visa,0.8888888888888888,87.0,1.0,0.1111111111111111,desktop,0.1111111111111111,1,0.1111111111111111,117.0
58,18,6415.017,W,0.7777777777777778,4,13,mastercard,0.5,87.0,0.9444444444444444,0.2222222222222222,mobile,0.1111111111111111,0,0.0,
59,16,2386.099,W,0.8125,3,14,visa,0.625,87.0,0.9375,0.1875,mobile,0.125,2,0.125,426.0
60,43,5104.909,W,0.7209302325581395,5,33,visa,0.6046511627906976,87.0,0.9767441860465116,0.27906976744186046,desktop,0.16279069767441862,0,0.0,
61,90,12537.36,W,0.7444444444444445,4,68,visa,0.5666666666666667,87.0,0.9333333333333333,0.24444444444444444,desktop,0.13333333333333333,2,0.022222222222222223,260.0
62,163,21075.900999999998,W,0.8404907975460123,5,115,visa,0.6134969325153374,87.0,0.9754601226993865,0.15337423312883436,desktop,0.11042944785276074,3,0.018404907975460124,485.0
63,200,27183.103,W,0.785,5,128,visa,0.59,87.0,0.94,0.2,desktop,0.145,5,0.025,952.49
64,251,30901.611,W,0.7689243027888446,5,170,visa,0.649402390438247,87.0,0.9163346613545816,0.22310756972111553,desktop,0.15139442231075698,6,0.02390438247011952,501.95
65,291,32381.815000000002,W,0.7525773195876289,5,192,visa,0.6288659793814433,87.0,0.8556701030927835,0.2027491408934708,desktop,0.15120274914089346,4,0.013745704467353952,334.968
66,253,25989.718,W,0.758893280632411,5,165,visa,0.6640316205533597,87.0,0.924901185770751,0.20948616600790515,desktop,0.1422924901185771,5,0.019762845849802372,411.226
67,279,32904.74,W,0.7311827956989247,5,189,visa,0.6344086021505376,87.0,0.9498207885304659,0.2616487455197133,desktop,0.16487455197132617,3,0.010752688172043012,867.0
68,287,36965.405,W,0.7979094076655052,5,183,visa,0.6062717770034843,87.0,0.9372822299651568,0.18466898954703834,desktop,0.14285714285714285,13,0.04529616724738676,1673.8789999999997
69,228,26058.160000000003,W,0.793859649122807,5,149,visa,0.6359649122807017,87.0,0.956140350877193,0.20175438596491227,desktop,0.10526315789473684,10,0.043859649122807015,2352.9939999999997
70,260,31176.984,W,0.7653846153846153,5,182,visa,0.6423076923076924,87.0,0.9230769230769231,0.2,desktop,0.12307692307692308,14,0.05384615384615385,2418.9159999999997
71,227,26302.734,W,0.748898678414097,5,139,visa,0.6607929515418502,87.0,0.8546255506607929,0.2290748898678414,desktop,0.11894273127753303,13,0.05726872246696035,671.2499999999999
72,200,18356.037,W,0.795,5,134,visa,0.69,87.0,0.94,0.195,desktop,0.12,6,0.03,956.266
73,223,28442.116,W,0.7533632286995515,5,148,visa,0.6816143497757847,87.0,0.905829596412556,0.23766816143497757,mobile,0.14798206278026907,3,0.013452914798206279,1198.99
74,157,13891.178,W,0.7579617834394905,5,113,visa,0.5668789808917197,87.0,0.9044585987261147,0.2229299363057325,desktop,0.18471337579617833,1,0.006369426751592357,30.029
75,93,10669.342000000002,W,0.6129032258064516,5,72,visa,0.5913978494623656,87.0,0.8602150537634409,0.3763440860215054,desktop,0.23655913978494625,5,0.053763440860215055,542.067
76,70,7826.677,W,0.6285714285714286,4,57,visa,0.7714285714285715,87.0,0.8285714285714286,0.35714285714285715,mobile,0.18571428571428572,4,0.05714285714285714,394.914
77,58,4161.095,W,0.5862068965517241,3,42,visa,0.7586206896551724,87.0,0.7068965517241379,0.3793103448275862,mobile,0.20689655172413793,2,0.034482758620689655,247.991
78,41,4144.441,W,0.5853658536585366,4,35,visa,0.6097560975609756,87.0,0.8292682926829268,0.3902439024390244,mobile,0.2682926829268293,2,0.04878048780487805,286.299
79,20,2830.411,W,0.7,3,18,visa,0.75,87.0,0.75,0.3,mobile,0.2,1,0.05,87.0
80,14,1419.437,W,0.5,3,11,visa,0.6428571428571429,87.0,0.7857142857142857,0.5,desktop,0.2857142857142857,0,0.0,
81,13,1574.992,W,0.6153846153846154,4,11,visa,0.5384615384615384,87.0,0.7692307692307693,0.38461538461538464,desktop,0.23076923076923078,0,0.0,
82,13,1537.2800000000002,W,0.8461538461538461,3,12,mastercard,0.6923076923076923,87.0,0.9230769230769231,0.15384615384615385,desktop,0.15384615384615385,1,0.07692307692307693,171.0
83,26,3437.6899999999996,W,0.6538461538461539,4,21,visa,0.5769230769230769,87.0,0.8076923076923077,0.3076923076923077,desktop,0.2692307692307692,0,0.0,
84,40,3772.8630000000003,W,0.575,5,27,visa,0.625,87.0,0.8,0.4,mobile,0.25,4,0.1,42.536
85,68,6269.38,W,0.6911764705882353,4,60,visa,0.6323529411764706,87.0,0.9852941176470589,0.29411764705882354,desktop,0.16176470588235295,1,0.014705882352941176,50.0
86,116,11651.018,W,0.6637931034482759,5,84,visa,0.603448275862069,87.0,0.8793103448275862,0.31896551724137934,desktop,0.1896551724137931,0,0.0,
87,183,19620.562,W,0.7103825136612022,5,117,visa,0.644808743169399,87.0,0.9234972677595629,0.273224043715847,desktop,0.16939890710382513,4,0.02185792349726776,682.0
88,194,18286.489,W,0.6494845360824743,5,145,visa,0.6649484536082474,87.0,0.8917525773195877,0.31443298969072164,desktop,0.17525773195876287,11,0.05670103092783505,1295.6020000000003
89,205,23741.001000000004,W,0.6926829268292682,5,144,visa,0.7170731707317073,87.0,0.9219512195121952,0.2780487804878049,desktop,0.15121951219512195,3,0.014634146341463415,485.534
90,218,22416.275,W,0.7247706422018348,5,146,visa,0.6605504587155964,87.0,0.9357798165137615,0.26146788990825687,desktop,0.14220183486238533,6,0.027522935779816515,1616.75
91,261,32213.395,W,0.6704980842911877,5,173,visa,0.6245210727969349,87.0,0.9118773946360154,0.31800766283524906,desktop,0.18007662835249041,10,0.038314176245210725,784.813
92,218,27686.913999999997,W,0.7155963302752294,5,155,visa,0.6743119266055045,87.0,0.8944954128440367,0.25688073394495414,desktop,0.1743119266055046,7,0.03211009174311927,2066.44
93,242,21701.352000000003,W,0.6983471074380165,5,152,visa,0.6239669421487604,87.0,0.8966942148760331,0.2809917355371901,desktop,0.17355371900826447,6,0.024793388429752067,1507.95
94,307,32005.033,W,0.755700325732899,5,195,visa,0.7035830618892508,87.0,0.8990228013029316,0.2247557003257329,desktop,0.11726384364820847,10,0.03257328990228013,1452.1560000000002
95,261,30862.456000000002,W,0.789272030651341,5,174,visa,0.632183908045977,87.0,0.9425287356321839,0.19157088122605365,mobile,0.10344827586206896,5,0.019157088122605363,356.0
96,236,28488.028,W,0.6483050847457628,5,156,visa,0.7076271186440678,87.0,0.8898305084745762,0.3093220338983051,mobile,0.15677966101694915,6,0.025423728813559324,1125.0
97,211,16372.515000000001,W,0.6777251184834123,5,154,visa,0.6350710900473934,87.0,0.9004739336492891,0.3222748815165877,desktop,0.1943127962085308,8,0.037914691943127965,890.889
98,182,15212.323,W,0.6923076923076923,5,139,visa,0.6428571428571429,87.0,0.8571428571428571,0.29120879120879123,desktop,0.1978021978021978,2,0.01098901098901099,74.438
99,165,14718.038000000004,W,0.7212121212121212,4,114,visa,0.703030303030303,87.0,0.9151515151515152,0.2787878787878788,desktop,0.18181818181818182,11,0.06666666666666667,1385.145
100,129,13732.643,W,0.6744186046511628,4,101,visa,0.6589147286821705,87.0,0.8217054263565892,0.3023255813953488,desktop,0.15503875968992248,0,0.0,
101,82,6939.6990000000005,W,0.5975609756097561,5,61,visa,0.6707317073170732,87.0,0.7804878048780488,0.3780487804878049,desktop,0.24390243902439024,5,0.06097560975609756,871.0920000000001
102,55,5421.238999999999,W,0.6,4,45,visa,0.5636363636363636,87.0,0.7272727272727273,0.38181818181818183,mobile,0.21818181818181817,4,0.07272727272727272,299.923
103,24,2140.65,W,0.6666666666666666,3,21,visa,0.7083333333333334,87.0,0.7083333333333334,0.3333333333333333,desktop,0.25,2,0.08333333333333333,240.26
104,14,1255.627,W,0.5714285714285714,3,10,mastercard,0.5714285714285714,87.0,0.6428571428571429,0.42857142857142855,desktop,0.42857142857142855,1,0.07142857142857142,226.0
105,19,2060.892,W,0.6842105263157895,4,17,visa,0.7368421052631579,87.0,0.8947368421052632,0.3157894736842105,desktop,0.21052631578947367,1,0.05263157894736842,14.26
106,6,889.95,W,1.0,1,5,mastercard,0.8333333333333334,87.0,1.0,0.0,,,0,0.0,
107,31,2120.106,W,0.8387096774193549,4,27,visa,0.4838709677419355,87.0,0.967741935483871,0.0967741935483871,desktop,0.06451612903225806,1,0.03225806451612903,20.0
108,74,9075.461,W,0.7567567567567568,5,64,visa,0.6216216216216216,87.0,0.9864864864864865,0.21621621621621623,desktop,0.12162162162162163,2,0.02702702702702703,522.95
109,116,16391.802000000003,W,0.7672413793103449,5,91,visa,0.6637931034482759,87.0,0.9396551724137931,0.21551724137931033,desktop,0.13793103448275862,4,0.034482758620689655,786.0
110,177,24990.888,W,0.7457627118644068,5,142,visa,0.6271186440677966,87.0,0.96045197740113,0.24858757062146894,desktop,0.1807909604519774,2,0.011299435028248588,132.95
111,231,37146.831,W,0.6926406926406926,5,164,visa,0.5714285714285714,87.0,0.935064935064935,0.24675324675324675,desktop,0.22077922077922077,4,0.017316017316017316,936.4000000000001
112,283,38052.458,W,0.6678445229681979,5,185,visa,0.6395759717314488,87.0,0.8833922261484098,0.21908127208480566,desktop,0.1872791519434629,7,0.024734982332155476,541.5709999999999
113,285,35250.135,W,0.7578947368421053,5,172,visa,0.656140350877193,87.0,0.9333333333333333,0.17543859649122806,desktop,0.14736842105263157,6,0.021052631578947368,589.925
114,281,41218.293000000005,W,0.6654804270462633,5,180,visa,0.6263345195729537,87.0,0.8790035587188612,0.20284697508896798,desktop,0.14590747330960854,6,0.021352313167259787,677.58
115,301,48445.827,W,0.7375415282392026,5,194,visa,0.6179401993355482,87.0,0.9302325581395349,0.2159468438538206,desktop,0.16279069767441862,9,0.029900332225913623,667.023
116,279,38712.44900000001,W,0.7096774193548387,5,188,visa,0.6666666666666666,87.0,0.9139784946236559,0.26523297491039427,desktop,0.22939068100358423,7,0.025089605734767026,926.232
117,310,47085.086,W,0.7612903225806451,5,205,visa,0.6387096774193548,87.0,0.9290322580645162,0.22580645161290322,desktop,0.16774193548387098,9,0.02903225806451613,957.314
118,259,33384.25,W,0.7567567567567568,5,181,visa,0.6756756756756757,87.0,0.9266409266409267,0.21235521235521235,desktop,0.16216216216216217,6,0.023166023166023165,236.23199999999997
119,286,36863.807,W,0.7832167832167832,5,183,visa,0.6083916083916084,87.0,0.9125874125874126,0.1993006993006993,desktop,0.14335664335664336,12,0.04195804195804196,1999.2630000000001
120,284,35649.846000000005,W,0.721830985915493,5,200,visa,0.6866197183098591,87.0,0.8873239436619719,0.24647887323943662,desktop,0.18309859154929578,8,0.028169014084507043,440.348
121,246,26347.940000000002,W,0.7357723577235772,5,150,visa,0.6910569105691057,87.0,0.8943089430894309,0.26422764227642276,desktop,0.17479674796747968,9,0.036585365853658534,829.978
122,226,27244.5,W,0.6858407079646017,5,144,visa,0.6637168141592921,87.0,0.8761061946902655,0.3053097345132743,desktop,0.21238938053097345,6,0.02654867256637168,808.834
123,179,21761.961000000003,W,0.5977653631284916,5,120,visa,0.659217877094972,87.0,0.7932960893854749,0.4022346368715084,desktop,0.3128491620111732,3,0.01675977653631285,673.0
124,121,15882.895,W,0.6198347107438017,5,86,visa,0.6115702479338843,87.0,0.8264462809917356,0.35537190082644626,desktop,0.21487603305785125,0,0.0,
125,71,7772.217,W,0.6901408450704225,4,54,visa,0.6619718309859155,87.0,0.8169014084507042,0.30985915492957744,desktop,0.23943661971830985,1,0.014084507042253521,306.95
126,36,4237.378,W,0.7777777777777778,4,28,visa,0.7222222222222222,87.0,0.9444444444444444,0.2222222222222222,desktop,0.19444444444444445,2,0.05555555555555555,170.988
127,25,4627.4400000000005,W,0.84,2,22,visa,0.8,87.0,1.0,0.08,desktop,0.08,0,0.0,
128,10,702.8499999999999,W,0.9,2,8,visa,0.8,87.0,1.0,0.1,desktop,0.1,0,0.0,
129,9,599.85,W,0.8888888888888888,2,9,visa,0.6666666666666666,87.0,1.0,0.1111111111111111,mobile,0.1111111111111111,0,0.0,
130,15,4535.82,W,0.6666666666666666,4,14,visa,0.6,87.0,1.0,0.3333333333333333,desktop,0.26666666666666666,1,0.06666666666666667,200.0
131,30,2785.5599999999995,W,0.6,5,24,mastercard,0.5,87.0,0.9666666666666667,0.4,desktop,0.3333333333333333,0,0.0,
132,68,10018.2,W,0.6911764705882353,5,55,visa,0.7647058823529411,87.0,0.9705882352941176,0.2647058823529412,desktop,0.22058823529411764,6,0.08823529411764706,1356.95
133,113,16396.978000000003,W,0.7522123893805309,5,87,visa,0.6371681415929203,87.0,0.911504424778761,0.18584070796460178,desktop,0.11504424778761062,1,0.008849557522123894,44.0
134,215,27128.133,W,0.6511627906976745,5,145,visa,0.6372093023255814,87.0,0.9069767441860465,0.34418604651162793,desktop,0.2651162790697674,12,0.05581395348837209,458.15199999999993
135,206,33162.528,W,0.6893203883495146,5,149,visa,0.6310679611650486,87.0,0.941747572815534,0.2815533980582524,desktop,0.22815533980582525,1,0.0048543689320388345,20.0
136,245,33719.67600000001,W,0.7020408163265306,5,175,visa,0.689795918367347,87.0,0.9183673469387755,0.27346938775510204,desktop,0.1836734693877551,4,0.0163265306122449,743.438
137,265,36236.524,W,0.690566037735849,5,187,visa,0.6377358490566037,87.0,0.9358490566037736,0.3018867924528302,desktop,0.21509433962264152,10,0.03773584905660377,779.468
138,268,43747.445999999996,W,0.7201492537313433,5,179,visa,0.6529850746268657,87.0,0.8843283582089553,0.2537313432835821,desktop,0.20522388059701493,8,0.029850746268656716,1026.629
139,256,34020.077000000005,W,0.6484375,5,187,visa,0.63671875,87.0,0.9140625,0.33984375,desktop,0.26171875,5,0.01953125,548.533
140,275,42978.557,W,0.6727272727272727,5,180,visa,0.6472727272727272,87.0,0.8836363636363637,0.28363636363636363,desktop,0.20727272727272728,6,0.02181818181818182,1909.365
141,262,40534.765,W,0.6870229007633588,5,175,visa,0.6297709923664122,87.0,0.9083969465648855,0.29389312977099236,desktop,0.23282442748091603,14,0.05343511450381679,2216.95
142,256,38093.093,W,0.71484375,5,169,visa,0.67578125,87.0,0.94140625,0.26953125,desktop,0.2109375,17,0.06640625,2498.5690000000004
143,283,34956.40700000001,W,0.7137809187279152,5,187,visa,0.7102473498233216,87.0,0.8480565371024735,0.254416961130742,desktop,0.19434628975265017,13,0.045936395759717315,1660.569
144,279,35537.769,W,0.6523297491039427,5,182,visa,0.6200716845878136,87.0,0.8781362007168458,0.31899641577060933,desktop,0.20430107526881722,10,0.035842293906810034,1071.299
145,211,24282.225000000002,W,0.7061611374407583,5,155,visa,0.6729857819905213,87.0,0.943127962085308,0.2843601895734597,desktop,0.17061611374407584,6,0.02843601895734597,888.1560000000001
146,186,19627.485,W,0.6344086021505376,5,140,visa,0.6612903225806451,87.0,0.9408602150537635,0.34946236559139787,desktop,0.27956989247311825,9,0.04838709677419355,866.9169999999999
147,162,16065.349000000002,W,0.6481481481481481,5,116,visa,0.6419753086419753,87.0,0.8827160493827161,0.35185185185185186,desktop,0.20987654320987653,5,0.030864197530864196,509.18399999999997
148,134,13648.010000000002,W,0.6343283582089553,4,92,visa,0.7388059701492538,87.0,0.8283582089552238,0.3582089552238806,mobile,0.208955223880597,6,0.04477611940298507,325.555
149,75,6654.6230000000005,W,0.4666666666666667,5,49,visa,0.6,87.0,0.68,0.52,desktop,0.3466666666666667,0,0.0,
150,35,3444.4089999999997,W,0.7142857142857143,4,29,visa,0.6,87.0,0.9428571428571428,0.2571428571428571,mobile,0.22857142857142856,2,0.05714285714285714,773.0
151,13,1271.63,W,0.9230769230769231,2,13,visa,0.6153846153846154,87.0,1.0,0.07692307692307693,desktop,0.07692307692307693,0,0.0,
152,7,831.9000000000001,W,0.8571428571428571,2,6,mastercard,0.5714285714285714,87.0,1.0,0.14285714285714285,mobile,0.14285714285714285,1,0.14285714285714285,311.95
153,15,1225.25,W,0.8666666666666667,3,12,visa,0.6,87.0,1.0,0.13333333333333333,desktop,0.06666666666666667,0,0.0,
154,14,913.7510000000001,W,0.5714285714285714,5,12,visa,0.7142857142857143,87.0,0.8571428571428571,0.42857142857142855,desktop,0.35714285714285715,0,0.0,
155,33,6247.648,W,0.45454545454545453,5,22,visa,0.6363636363636364,87.0,0.9696969696969697,0.5454545454545454,desktop,0.3333333333333333,0,0.0,
156,85,8138.634000000001,W,0.611764705882353,5,63,visa,0.6588235294117647,87.0,0.9529411764705882,0.3411764705882353,desktop,0.25882352941176473,1,0.011764705882352941,100.0
157,100,13046.885,W,0.7,5,74,visa,0.65,87.0,0.99,0.29,desktop,0.21,1,0.01,300.0
158,153,20645.63,W,0.6862745098039216,5,114,visa,0.6143790849673203,87.0,0.9738562091503268,0.3137254901960784,desktop,0.2679738562091503,1,0.006535947712418301,55.0
159,198,25751.304000000004,W,0.6565656565656566,5,138,visa,0.6868686868686869,87.0,0.9040404040404041,0.30303030303030304,desktop,0.21212121212121213,4,0.020202020202020204,323.803
160,264,33491.208,W,0.5946969696969697,5,170,visa,0.6477272727272727,87.0,0.8977272727272727,0.3712121212121212,desktop,0.2689393939393939,8,0.030303030303030304,897.3879999999999
161,224,37699.096000000005,W,0.6785714285714286,5,163,visa,0.6607142857142857,87.0,0.9419642857142857,0.29464285714285715,desktop,0.21875,4,0.017857142857142856,925.0
162,265,33206.629,W,0.6641509433962264,5,174,visa,0.6188679245283019,87.0,0.9358490566037736,0.3169811320754717,desktop,0.2528301886792453,8,0.03018867924528302,794.0
163,232,31722.584,W,0.646551724137931,5,172,visa,0.6681034482758621,87.0,0.9094827586206896,0.30603448275862066,desktop,0.23706896551724138,8,0.034482758620689655,893.149
164,272,31736.587,W,0.6727941176470589,5,172,visa,0.6286764705882353,87.0,0.9191176470588235,0.3088235294117647,desktop,0.22794117647058823,4,0.014705882352941176,119.467
165,278,31801.369000000002,W,0.6798561151079137,5,195,visa,0.6330935251798561,87.0,0.8884892086330936,0.3057553956834532,desktop,0.21223021582733814,8,0.02877697841726619,857.1570000000002
166,231,45324.943999999996,W,0.6926406926406926,5,162,visa,0.6623376623376623,87.0,0.8917748917748918,0.2683982683982684,desktop,0.23376623376623376,8,0.03463203463203463,2488.822
167,251,34545.701,W,0.7250996015936255,5,176,visa,0.649402390438247,87.0,0.8924302788844621,0.27091633466135456,desktop,0.19123505976095617,5,0.0199203187250996,369.233
168,239,26846.722,W,0.6736401673640168,5,171,visa,0.5815899581589958,87.0,0.9121338912133892,0.3138075313807531,desktop,0.1799163179916318,8,0.03347280334728033,1508.0
169,231,37337.734,W,0.6363636363636364,5,151,visa,0.6926406926406926,87.0,0.8917748917748918,0.354978354978355,desktop,0.21212121212121213,9,0.03896103896103896,2213.5
170,170,29150.45,W,0.5882352941176471,5,116,visa,0.6470588235294118,87.0,0.8941176470588236,0.4117647058823529,desktop,0.2529411764705882,1,0.0058823529411764705,59.0
171,140,15411.449,W,0.6642857142857143,5,108,visa,0.6142857142857143,87.0,0.9,0.32857142857142857,desktop,0.17857142857142858,5,0.03571428571428571,241.551
172,88,15305.146,W,0.6477272727272727,5,65,visa,0.6590909090909091,87.0,0.8409090909090909,0.3522727272727273,desktop,0.2159090909090909,3,0.03409090909090909,1824.936
173,78,5405.8730000000005,W,0.41025641025641024,4,57,visa,0.6282051282051282,87.0,0.6153846153846154,0.5897435897435898,mobile,0.3717948717948718,12,0.15384615384615385,775.788
174,29,2728.2369999999996,W,0.6896551724137931,4,24,visa,0.7586206896551724,87.0,0.8620689655172413,0.3103448275862069,mobile,0.20689655172413793,3,0.10344827586206896,193.947
175,16,1256.73,W,0.625,3,14,visa,0.8125,87.0,1.0,0.375,desktop,0.3125,0,0.0,
176,17,712.88,W,0.5882352941176471,3,14,visa,0.5882352941176471,87.0,1.0,0.35294117647058826,desktop,0.29411764705882354,0,0.0,
177,9,732.19,W,0.6666666666666666,3,8,visa,0.7777777777777778,87.0,0.8888888888888888,0.3333333333333333,desktop,0.2222222222222222,0,0.0,
178,15,1423.75,W,0.6666666666666666,3,15,visa,0.7333333333333333,87.0,1.0,0.3333333333333333,mobile,0.2,0,0.0,
179,32,3432.79,W,0.65625,4,29,visa,0.65625,87.0,0.96875,0.34375,desktop,0.3125,0,0.0,
180,57,6722.785,W,0.631578947368421,5,45,visa,0.6491228070175439,87.0,0.9649122807017544,0.3684210526315789,desktop,0.2807017543859649,0,0.0,
181,121,14734.616000000002,W,0.7107438016528925,5,94,visa,0.6776859504132231,87.0,0.9504132231404959,0.2892561983471074,desktop,0.19834710743801653,1,0.008264462809917356,75.0
182,183,30655.726,W,0.6065573770491803,5,135,visa,0.6174863387978142,87.0,0.9562841530054644,0.3442622950819672,desktop,0.273224043715847,0,0.0,
183,193,25992.162000000004,W,0.6062176165803109,5,140,visa,0.6062176165803109,87.0,0.9585492227979274,0.37823834196891193,desktop,0.3005181347150259,3,0.015544041450777202,542.825
184,264,33193.526,W,0.5492424242424242,5,174,visa,0.6515151515151515,87.0,0.8522727272727273,0.42803030303030304,desktop,0.32954545454545453,12,0.045454545454545456,952.3140000000001
185,290,44137.551999999996,W,0.6379310344827587,5,185,visa,0.6344827586206897,87.0,0.9241379310344827,0.3482758620689655,desktop,0.2827586206896552,9,0.03103448275862069,1113.116
186,298,43271.928,W,0.5939597315436241,5,195,visa,0.6476510067114094,87.0,0.8859060402684564,0.37583892617449666,desktop,0.2751677852348993,18,0.06040268456375839,2172.829
187,291,45162.594,W,0.6426116838487973,5,196,visa,0.6288659793814433,87.0,0.8900343642611683,0.3333333333333333,desktop,0.2508591065292096,20,0.06872852233676977,4020.479
188,254,42328.604,W,0.5984251968503937,5,171,visa,0.562992125984252,87.0,0.9015748031496063,0.3700787401574803,desktop,0.2992125984251969,14,0.05511811023622047,4118.856
189,309,46968.8,W,0.656957928802589,5,203,visa,0.6051779935275081,87.0,0.9320388349514563,0.3106796116504854,desktop,0.24271844660194175,8,0.025889967637540454,1129.973
190,234,35294.291,W,0.6239316239316239,5,171,visa,0.688034188034188,87.0,0.8846153846153846,0.3547008547008547,desktop,0.27350427350427353,1,0.004273504273504274,20.0
191,228,26165.546000000002,W,0.6885964912280702,5,162,visa,0.6798245614035088,87.0,0.8859649122807017,0.27631578947368424,desktop,0.17105263157894737,9,0.039473684210526314,708.249
192,211,32896.675,W,0.7109004739336493,5,155,visa,0.6445497630331753,87.0,0.8957345971563981,0.27488151658767773,desktop,0.1943127962085308,7,0.03317535545023697,501.505
193,213,22011.045000000006,W,0.6056338028169014,5,145,visa,0.7089201877934272,87.0,0.8356807511737089,0.3615023474178404,desktop,0.19718309859154928,2,0.009389671361502348,132.0
194,166,17876.475000000002,W,0.5421686746987951,5,120,visa,0.5963855421686747,87.0,0.8795180722891566,0.4397590361445783,desktop,0.2891566265060241,6,0.03614457831325301,893.858
195,135,13555.996,W,0.42962962962962964,5,95,visa,0.762962962962963,87.0,0.8148148148148148,0.5703703703703704,desktop,0.34814814814814815,5,0.037037037037037035,207.91200000000003
196,85,9094.859999999999,W,0.6235294117647059,5,72,visa,0.7529411764705882,87.0,0.8823529411764706,0.36470588235294116,desktop,0.27058823529411763,2,0.023529411764705882,114.034
197,67,6317.474999999999,W,0.40298507462686567,5,47,visa,0.6567164179104478,87.0,0.7611940298507462,0.582089552238806,desktop,0.3283582089552239,5,0.07462686567164178,329.013
198,46,3145.426,W,0.43478260869565216,5,35,visa,0.6956521739130435,87.0,0.7391304347826086,0.5217391304347826,mobile,0.30434782608695654,4,0.08695652173913043,343.724
199,22,1870.3670000000002,W,0.4090909090909091,5,15,visa,0.5,87.0,0.6363636363636364,0.5909090909090909,mobile,0.45454545454545453,2,0.09090909090909091,160.0
200,20,3541.7329999999997,W,0.65,3,15,visa,0.7,87.0,0.7,0.35,desktop,0.25,2,0.1,740.0
201,14,1561.3,W,0.8571428571428571,3,13,visa,0.9285714285714286,87.0,1.0,0.14285714285714285,mobile,0.07142857142857142,0,0.0,
202,14,1666.749,W,0.7857142857142857,3,14,visa,0.7142857142857143,87.0,0.9285714285714286,0.21428571428571427,mobile,0.14285714285714285,0,0.0,
203,35,4249.779,W,0.7142857142857143,5,29,mastercard,0.5142857142857142,87.0,0.9714285714285714,0.2857142857142857,desktop,0.17142857142857143,1,0.02857142857142857,65.0
204,69,9365.732,W,0.8260869565217391,5,57,visa,0.6521739130434783,87.0,0.9855072463768116,0.17391304347826086,desktop,0.15942028985507245,1,0.014492753623188406,335.0
205,153,20369.231,W,0.6797385620915033,5,115,visa,0.6209150326797386,87.0,0.9607843137254902,0.29411764705882354,desktop,0.16993464052287582,2,0.013071895424836602,104.0
206,188,23392.974000000002,W,0.6329787234042553,5,129,visa,0.6702127659574468,87.0,0.9308510638297872,0.35638297872340424,desktop,0.28191489361702127,4,0.02127659574468085,126.312
207,236,38817.845,W,0.652542372881356,5,176,visa,0.5889830508474576,87.0,0.9533898305084746,0.3093220338983051,desktop,0.2330508474576271,2,0.00847457627118644,377.0
208,288,50013.934,W,0.6493055555555556,5,197,visa,0.7083333333333334,87.0,0.9236111111111112,0.3402777777777778,desktop,0.24305555555555555,1,0.003472222222222222,186.0
209,281,41817.875,W,0.6690391459074733,5,193,visa,0.6761565836298933,87.0,0.9145907473309609,0.30604982206405695,desktop,0.23843416370106763,3,0.010676156583629894,1204.0
210,296,42624.94500000001,W,0.6486486486486487,5,210,visa,0.625,87.0,0.8918918918918919,0.3277027027027027,desktop,0.25,8,0.02702702702702703,1603.914
211,295,36086.434,W,0.5932203389830508,5,189,visa,0.7254237288135593,87.0,0.9186440677966101,0.3728813559322034,desktop,0.27796610169491526,9,0.030508474576271188,1129.891
212,279,34719.275,W,0.6344086021505376,5,184,visa,0.6738351254480287,87.0,0.9175627240143369,0.32616487455197135,desktop,0.22939068100358423,4,0.014336917562724014,688.023
213,334,48832.864,W,0.6946107784431138,5,213,visa,0.6796407185628742,87.0,0.9281437125748503,0.2994011976047904,desktop,0.18562874251497005,12,0.03592814371257485,2498.25
214,295,47543.084,W,0.688135593220339,5,203,visa,0.711864406779661,87.0,0.8983050847457628,0.29491525423728815,desktop,0.20677966101694914,4,0.013559322033898305,516.5
215,257,35205.746,W,0.6809338521400778,5,165,visa,0.669260700389105,87.0,0.8832684824902723,0.29571984435797666,desktop,0.14785992217898833,7,0.027237354085603113,1252.2160000000001
216,281,36154.107,W,0.6298932384341637,5,183,visa,0.6441281138790036,87.0,0.8042704626334519,0.3202846975088968,desktop,0.17793594306049823,16,0.05693950177935943,757.8889999999999
217,212,22959.869000000002,W,0.6556603773584906,5,155,visa,0.6650943396226415,87.0,0.8679245283018868,0.3160377358490566,desktop,0.2028301886792453,3,0.014150943396226415,263.0
218,177,16576.966,W,0.6497175141242938,5,128,visa,0.6949152542372882,87.0,0.847457627118644,0.3389830508474576,desktop,0.24293785310734464,3,0.01694915254237288,335.299
219,156,14175.95,W,0.4935897435897436,5,108,visa,0.7051282051282052,87.0,0.717948717948718,0.48717948717948717,desktop,0.2692307692307692,3,0.019230769230769232,101.09100000000001
220,79,7140.383000000002,W,0.43037974683544306,4,64,visa,0.6962025316455697,87.0,0.759493670886076,0.569620253164557,mobile,0.31645569620253167,2,0.02531645569620253,267.0
221,69,5501.026000000001,W,0.6666666666666666,4,62,visa,0.6666666666666666,87.0,0.8115942028985508,0.3188405797101449,desktop,0.21739130434782608,3,0.043478260869565216,238.18900000000002
222,33,4287.576,W,0.5454545454545454,5,29,visa,0.7878787878787878,87.0,0.8787878787878788,0.45454545454545453,mobile,0.2727272727272727,0,0.0,
223,24,2421.465,W,0.4583333333333333,3,21,visa,0.7083333333333334,87.0,0.75,0.5,desktop,0.3333333333333333,1,0.041666666666666664,150.239
224,22,2958.7419999999997,W,0.8181818181818182,3,17,visa,0.6818181818181818,87.0,0.9090909090909091,0.18181818181818182,desktop,0.13636363636363635,2,0.09090909090909091,129.892
225,7,597.95,H,0.42857142857142855,3,7,visa,0.8571428571428571,87.0,1.0,0.7142857142857143,desktop,0.42857142857142855,0,0.0,
226,12,1491.95,W,0.5833333333333334,4,12,mastercard,0.5,87.0,1.0,0.4166666666666667,desktop,0.3333333333333333,0,0.0,
227,17,3703.2079999999996,W,0.7058823529411765,4,14,visa,0.8823529411764706,87.0,0.8823529411764706,0.29411764705882354,mobile,0.23529411764705882,0,0.0,
228,37,4174.637,W,0.5135135135135135,5,33,visa,0.6216216216216216,87.0,0.9459459459459459,0.4864864864864865,mobile,0.2972972972972973,1,0.02702702702702703,59.0
229,79,9396.173,W,0.5949367088607594,5,70,visa,0.6582278481012658,87.0,0.9620253164556962,0.4050632911392405,desktop,0.25316455696202533,2,0.02531645569620253,177.0
230,164,20489.413,W,0.5975609756097561,5,114,visa,0.6585365853658537,87.0,0.9573170731707317,0.39634146341463417,desktop,0.21341463414634146,1,0.006097560975609756,25.0
231,211,26027.456,W,0.5687203791469194,5,148,visa,0.6872037914691943,87.0,0.933649289099526,0.41232227488151657,desktop,0.24644549763033174,7,0.03317535545023697,639.452
232,259,36238.864,W,0.5096525096525096,5,176,visa,0.6911196911196911,87.0,0.8571428571428571,0.444015444015444,desktop,0.2972972972972973,6,0.023166023166023165,1057.402
233,298,37516.55,W,0.6006711409395973,5,186,visa,0.6711409395973155,87.0,0.8691275167785235,0.3523489932885906,desktop,0.26174496644295303,4,0.013422818791946308,538.753
234,298,37455.08500000001,W,0.5738255033557047,5,189,visa,0.6577181208053692,87.0,0.8926174496644296,0.38926174496644295,desktop,0.2751677852348993,15,0.050335570469798654,815.9160000000002
235,272,32073.835,W,0.6066176470588235,5,198,visa,0.6911764705882353,87.0,0.8786764705882353,0.3602941176470588,desktop,0.22058823529411764,10,0.03676470588235294,1073.592
236,282,35259.872,W,0.6028368794326241,5,188,visa,0.624113475177305,87.0,0.875886524822695,0.3723404255319149,desktop,0.2375886524822695,8,0.028368794326241134,1219.292
237,372,42743.176999999996,W,0.6478494623655914,5,227,visa,0.6586021505376344,87.0,0.9516129032258065,0.34408602150537637,desktop,0.21774193548387097,13,0.03494623655913978,2164.395
238,278,32779.676,W,0.6654676258992805,5,185,visa,0.6942446043165468,87.0,0.9496402877697842,0.32014388489208634,desktop,0.1906474820143885,15,0.0539568345323741,2660.058
239,268,24549.049,W,0.5932835820895522,5,192,visa,0.7126865671641791,87.0,0.8917910447761194,0.3694029850746269,desktop,0.2126865671641791,4,0.014925373134328358,434.139
240,258,28394.451,W,0.6124031007751938,5,171,visa,0.6782945736434108,87.0,0.8992248062015504,0.3682170542635659,desktop,0.2558139534883721,6,0.023255813953488372,622.5179999999999
241,200,21196.932,W,0.635,5,139,visa,0.635,87.0,0.865,0.335,desktop,0.175,7,0.035,531.402
242,142,12017.248,W,0.5422535211267606,5,116,visa,0.6619718309859155,87.0,0.823943661971831,0.4154929577464789,desktop,0.2605633802816901,0,0.0,
243,126,9820.521000000004,W,0.48412698412698413,5,98,visa,0.7063492063492064,87.0,0.753968253968254,0.5158730158730159,mobile,0.30158730158730157,14,0.1111111111111111,979.4120000000001
244,92,8950.392,W,0.6086956521739131,5,67,visa,0.6847826086956522,87.0,0.8913043478260869,0.391304347826087,desktop,0.2608695652173913,4,0.043478260869565216,406.0
245,64,5849.514,W,0.359375,5,51,visa,0.671875,87.0,0.703125,0.640625,desktop,0.40625,2,0.03125,91.064
246,28,2371.2379999999994,W,0.6428571428571429,4,26,visa,0.75,87.0,0.8214285714285714,0.35714285714285715,desktop,0.21428571428571427,0,0.0,
247,21,3347.6319999999996,W,0.47619047619047616,4,18,visa,0.7619047619047619,87.0,0.6190476190476191,0.5238095238095238,mobile,0.47619047619047616,0,0.0,
248,13,1736.464,H,0.46153846153846156,3,11,mastercard,0.5384615384615384,87.0,0.8461538461538461,0.6153846153846154,mobile,0.5384615384615384,0,0.0,
249,10,1195.75,W,0.8,2,10,visa,0.8,87.0,1.0,0.2,desktop,0.1,0,0.0,
250,4,412.94,W,0.75,2,4,visa,1.0,87.0,1.0,0.25,mobile,0.25,0,0.0,
251,12,4974.45,W,0.75,2,10,visa,0.5,87.0,1.0,0.25,desktop,0.16666666666666666,0,0.0,
252,34,4661.394,W,0.5588235294117647,5,31,visa,0.5882352941176471,87.0,0.9117647058823529,0.4411764705882353,mobile,0.2647058823529412,0,0.0,
253,78,8717.275000000001,W,0.6153846153846154,5,68,visa,0.6410256410256411,87.0,0.8974358974358975,0.3717948717948718,desktop,0.20512820512820512,0,0.0,
254,103,10934.082,W,0.5631067961165048,5,82,visa,0.6407766990291263,87.0,0.9320388349514563,0.42718446601941745,desktop,0.33980582524271846,1,0.009708737864077669,141.0
255,167,18021.722,W,0.5449101796407185,5,126,visa,0.6467065868263473,87.0,0.9281437125748503,0.4431137724550898,desktop,0.2634730538922156,4,0.023952095808383235,654.7
256,166,17391.805,W,0.6024096385542169,5,128,visa,0.6927710843373494,87.0,0.9156626506024096,0.39156626506024095,desktop,0.23493975903614459,2,0.012048192771084338,604.0
257,238,24864.551,W,0.5546218487394958,5,166,visa,0.6722689075630253,87.0,0.8739495798319328,0.42857142857142855,desktop,0.23109243697478993,6,0.025210084033613446,743.0
258,268,27676.758,W,0.5559701492537313,5,187,visa,0.6753731343283582,87.0,0.8843283582089553,0.40671641791044777,desktop,0.2462686567164179,21,0.07835820895522388,5444.312
259,281,29632.222,W,0.5658362989323843,5,188,visa,0.608540925266904,87.0,0.9145907473309609,0.39501779359430605,desktop,0.2206405693950178,2,0.0071174377224199285,309.0
260,299,31105.553,W,0.5317725752508361,5,193,visa,0.7090301003344481,87.0,0.9230769230769231,0.44816053511705684,desktop,0.27424749163879597,5,0.016722408026755852,354.95
261,275,25836.152000000002,W,0.5745454545454546,5,171,visa,0.68,87.0,0.9018181818181819,0.3927272727272727,desktop,0.23272727272727273,2,0.007272727272727273,209.0
262,291,28863.686,W,0.6254295532646048,5,181,visa,0.6769759450171822,87.0,0.9347079037800687,0.3436426116838488,desktop,0.24054982817869416,6,0.020618556701030927,484.932
263,275,27404.644999999997,W,0.6072727272727273,5,187,visa,0.7090909090909091,87.0,0.8981818181818182,0.3563636363636364,mobile,0.19272727272727272,8,0.02909090909090909,1134.431
264,233,22212.578,W,0.5879828326180258,5,158,visa,0.6609442060085837,87.0,0.8497854077253219,0.3648068669527897,desktop,0.22317596566523606,8,0.034334763948497854,1227.85
265,243,22037.141,W,0.6008230452674898,5,162,visa,0.7037037037037037,87.0,0.8518518518518519,0.37037037037037035,desktop,0.23868312757201646,6,0.024691358024691357,1094.772
266,220,20706.189000000002,W,0.5727272727272728,5,148,visa,0.6909090909090909,87.0,0.8863636363636364,0.4,desktop,0.21363636363636362,6,0.02727272727272727,1064.433
267,152,12824.29,W,0.39473684210526316,5,109,visa,0.6907894736842105,87.0,0.8223684210526315,0.5855263157894737,desktop,0.34210526315789475,0,0.0,
268,96,11066.568000000001,W,0.5625,5,80,visa,0.65625,87.0,0.8125,0.4375,desktop,0.3020833333333333,2,0.020833333333333332,1000.0
269,75,5772.2609999999995,W,0.49333333333333335,5,57,visa,0.76,87.0,0.76,0.5066666666666667,mobile,0.32,0,0.0,
270,39,3103.1199999999994,H,0.4358974358974359,4,32,visa,0.6410256410256411,87.0,0.8974358974358975,0.5897435897435898,desktop,0.3333333333333333,1,0.02564102564102564,286.95
271,29,2519.412,W,0.6896551724137931,5,26,visa,0.8275862068965517,87.0,0.9310344827586207,0.3103448275862069,desktop,0.1724137931034483,0,0.0,
272,15,2234.272,W,0.8,2,13,visa,0.8,87.0,0.8,0.2,mobile,0.2,2,0.13333333333333333,1388.0
273,11,3260.7899999999995,W,0.5454545454545454,3,10,visa,0.8181818181818182,87.0,0.9090909090909091,0.45454545454545453,mobile,0.2727272727272727,1,0.09090909090909091,2680.99
274,14,1411.067,W,0.42857142857142855,5,13,visa,0.7857142857142857,87.0,0.9285714285714286,0.5714285714285714,desktop,0.5,0,0.0,
275,25,1994.3549999999998,W,0.52,4,25,visa,0.6,87.0,0.88,0.48,desktop,0.24,0,0.0,
276,62,6343.084,W,0.7419354838709677,5,53,visa,0.7258064516129032,87.0,0.9354838709677419,0.25806451612903225,desktop,0.14516129032258066,3,0.04838709677419355,507.0
277,114,16390.672,W,0.6052631578947368,5,83,visa,0.7368421052631579,87.0,0.9736842105263158,0.39473684210526316,desktop,0.2982456140350877,4,0.03508771929824561,855.0
278,224,33047.217000000004,W,0.5491071428571429,5,148,visa,0.6651785714285714,87.0,0.9419642857142857,0.41517857142857145,desktop,0.2857142857142857,3,0.013392857142857142,690.0
279,262,31145.1,W,0.5648854961832062,5,188,visa,0.683206106870229,87.0,0.9541984732824428,0.4198473282442748,desktop,0.33587786259541985,4,0.015267175572519083,218.509
280,284,42392.992,W,0.573943661971831,5,198,visa,0.6302816901408451,87.0,0.9401408450704225,0.4119718309859155,desktop,0.3485915492957746,12,0.04225352112676056,965.767
281,304,41957.236000000004,W,0.5263157894736842,5,204,visa,0.6052631578947368,87.0,0.9046052631578947,0.45723684210526316,desktop,0.3618421052631579,13,0.04276315789473684,2268.23
282,312,48340.488,W,0.5096153846153846,5,213,visa,0.6794871794871795,87.0,0.8782051282051282,0.46794871794871795,desktop,0.375,15,0.04807692307692308,1765.8659999999995
283,342,53256.34700000001,W,0.5964912280701754,5,211,visa,0.6812865497076024,87.0,0.9327485380116959,0.37719298245614036,desktop,0.2953216374269006,13,0.038011695906432746,1874.7340000000002
284,319,54831.312000000005,W,0.5579937304075235,5,207,visa,0.6206896551724138,87.0,0.896551724137931,0.4012539184952978,desktop,0.3166144200626959,8,0.025078369905956112,637.165
285,319,52681.382,W,0.5611285266457681,5,207,visa,0.6269592476489029,87.0,0.9090909090909091,0.4169278996865204,desktop,0.29153605015673983,11,0.034482758620689655,770.257
286,317,44834.799,W,0.6529968454258676,5,208,visa,0.6656151419558359,87.0,0.917981072555205,0.3312302839116719,desktop,0.25236593059936907,3,0.00946372239747634,260.818
287,308,45383.853,W,0.6233766233766234,5,196,visa,0.6623376623376623,87.0,0.8993506493506493,0.36038961038961037,desktop,0.2564935064935065,8,0.025974025974025976,2169.1980000000003
288,292,35238.48,W,0.6404109589041096,5,201,visa,0.6883561643835616,87.0,0.8972602739726028,0.3184931506849315,desktop,0.2191780821917808,4,0.0136986301369863,800.027
289,261,27346.133,W,0.6283524904214559,5,191,visa,0.6590038314176245,87.0,0.9003831417624522,0.3448275862068966,desktop,0.19157088122605365,6,0.022988505747126436,1126.2060000000001
290,185,17842.487,W,0.5567567567567567,5,130,visa,0.6648648648648648,87.0,0.9351351351351351,0.43243243243243246,desktop,0.2864864864864865,6,0.032432432432432434,1248.535
291,184,16999.145,W,0.5,5,122,visa,0.7010869565217391,87.0,0.8478260869565217,0.5,desktop,0.3641304347826087,4,0.021739130434782608,253.704
292,118,11712.258999999998,W,0.5423728813559322,5,86,visa,0.6949152542372882,87.0,0.8389830508474576,0.4406779661016949,desktop,0.2711864406779661,5,0.0423728813559322,496.465
293,108,10642.801000000001,W,0.37037037037037035,5,72,visa,0.6759259259259259,87.0,0.7129629629629629,0.6203703703703703,desktop,0.37962962962962965,1,0.009259259259259259,286.95
294,41,4767.4929999999995,W,0.4634146341463415,4,30,visa,0.5609756097560976,87.0,0.7317073170731707,0.5365853658536586,desktop,0.34146341463414637,4,0.0975609756097561,1800.0
295,36,2995.0789999999997,W,0.6111111111111112,4,33,visa,0.75,87.0,0.8611111111111112,0.3888888888888889,desktop,0.2222222222222222,1,0.027777777777777776,49.0
296,15,3120.8099999999995,W,0.5333333333333333,4,15,visa,0.8,87.0,1.0,0.4666666666666667,mobile,0.3333333333333333,1,0.06666666666666667,90.0
297,29,4503.238,W,0.6551724137931034,4,20,visa,0.4827586206896552,87.0,0.896551724137931,0.3103448275862069,desktop,0.20689655172413793,2,0.06896551724137931,846.0
298,20,3370.171,W,0.55,4,19,visa,0.5,87.0,0.95,0.45,desktop,0.3,1,0.05,59.0
299,37,4500.7480000000005,W,0.7027027027027027,5,32,visa,0.6486486486486487,87.0,0.9459459459459459,0.2972972972972973,desktop,0.16216216216216217,3,0.08108108108108109,375.0
300,51,7088.979,W,0.6470588235294118,5,47,visa,0.7843137254901961,87.0,0.9803921568627451,0.3333333333333333,desktop,0.29411764705882354,1,0.0196078431372549,292.5
301,120,16971.786,W,0.6833333333333333,5,91,visa,0.6916666666666667,87.0,0.975,0.3,desktop,0.23333333333333334,3,0.025,990.0
302,196,29605.655000000006,W,0.576530612244898,5,157,visa,0.6224489795918368,87.0,0.9489795918367347,0.413265306122449,desktop,0.336734693877551,2,0.01020408163265306,227.585
303,229,32028.996,W,0.5458515283842795,5,163,visa,0.6462882096069869,87.0,0.9126637554585153,0.43231441048034935,desktop,0.2838427947598253,4,0.017467248908296942,684.778
304,296,36618.3,W,0.5033783783783784,5,200,visa,0.6081081081081081,87.0,0.9256756756756757,0.47635135135135137,desktop,0.40540540540540543,3,0.010135135135135136,505.95
305,276,31998.721000000005,W,0.5652173913043478,5,186,visa,0.6594202898550725,87.0,0.8985507246376812,0.41304347826086957,desktop,0.3079710144927536,4,0.014492753623188406,473.693
306,292,41629.886000000006,W,0.5753424657534246,5,195,visa,0.636986301369863,87.0,0.9246575342465754,0.4041095890410959,desktop,0.3184931506849315,4,0.0136986301369863,723.366
307,334,52060.826,W,0.5059880239520959,5,215,visa,0.6407185628742516,87.0,0.8982035928143712,0.4820359281437126,desktop,0.4041916167664671,7,0.020958083832335328,977.585
308,252,31155.984,W,0.5396825396825397,5,168,visa,0.6626984126984127,87.0,0.8968253968253969,0.44047619047619047,desktop,0.3492063492063492,0,0.0,
309,274,40760.542,W,0.5620437956204379,5,182,visa,0.6861313868613139,87.0,0.9124087591240876,0.4233576642335766,desktop,0.32116788321167883,0,0.0,
310,244,25114.629,W,0.6434426229508197,5,166,visa,0.6352459016393442,87.0,0.8524590163934426,0.32786885245901637,desktop,0.22540983606557377,7,0.028688524590163935,523.717
311,274,30664.574,W,0.6824817518248175,5,189,visa,0.6277372262773723,87.0,0.8978102189781022,0.2846715328467153,desktop,0.20802919708029197,11,0.040145985401459854,1880.497
312,233,33074.074,W,0.592274678111588,5,167,visa,0.6609442060085837,87.0,0.9055793991416309,0.3605150214592275,desktop,0.26609442060085836,1,0.004291845493562232,32.065
313,240,27512.617,W,0.5666666666666667,5,168,visa,0.6791666666666667,87.0,0.8916666666666667,0.4,desktop,0.275,5,0.020833333333333332,497.95
314,221,24766.146,W,0.502262443438914,5,148,visa,0.6923076923076923,87.0,0.8506787330316742,0.45701357466063347,desktop,0.24434389140271492,6,0.027149321266968326,775.085
315,138,17390.136000000002,W,0.5869565217391305,5,104,visa,0.6811594202898551,87.0,0.8985507246376812,0.38405797101449274,desktop,0.2391304347826087,0,0.0,
316,120,10757.888000000003,W,0.5583333333333333,5,90,visa,0.7333333333333333,87.0,0.8,0.44166666666666665,desktop,0.275,3,0.025,372.668
317,72,4689.664,W,0.375,5,57,visa,0.6527777777777778,87.0,0.6527777777777778,0.5972222222222222,desktop,0.3194444444444444,2,0.027777777777777776,14.342
318,56,6540.094,W,0.5714285714285714,4,41,visa,0.6607142857142857,87.0,0.7857142857142857,0.42857142857142855,desktop,0.23214285714285715,0,0.0,
319,24,2126.181,W,0.7083333333333334,3,20,visa,0.5833333333333334,87.0,0.7916666666666666,0.2916666666666667,desktop,0.20833333333333334,0,0.0,
320,10,393.37,W,0.5,3,7,visa,0.8,87.0,1.0,0.5,desktop,0.5,0,0.0,
321,17,2219.308,W,0.35294117647058826,4,12,mastercard,0.5882352941176471,87.0,0.6470588235294118,0.5294117647058824,desktop,0.35294117647058826,3,0.17647058823529413,1000.0
322,20,2197.45,W,0.75,4,18,visa,0.55,87.0,1.0,0.25,mobile,0.15,1,0.05,150.0
323,31,3979.585,W,0.6129032258064516,5,23,visa,0.8064516129032258,87.0,0.967741935483871,0.3870967741935484,desktop,0.1935483870967742,1,0.03225806451612903,26.585
324,77,10018.688000000002,W,0.6753246753246753,5,67,visa,0.6753246753246753,87.0,0.974025974025974,0.3116883116883117,desktop,0.22077922077922077,0,0.0,
325,113,13111.503,W,0.6371681415929203,5,88,visa,0.6814159292035398,87.0,0.9734513274336283,0.35398230088495575,desktop,0.25663716814159293,0,0.0,
326,182,26492.140000000003,W,0.5714285714285714,5,131,visa,0.6593406593406593,87.0,0.9395604395604396,0.41208791208791207,desktop,0.34065934065934067,5,0.027472527472527472,287.786
327,243,32438.174999999996,W,0.5102880658436214,5,155,visa,0.7037037037037037,87.0,0.9094650205761317,0.4567901234567901,desktop,0.35390946502057613,8,0.03292181069958848,2685.603
328,330,54089.62300000001,W,0.5727272727272728,5,214,visa,0.6545454545454545,87.0,0.9333333333333333,0.3939393939393939,desktop,0.29393939393939394,4,0.012121212121212121,194.0
329,330,48182.053,W,0.47878787878787876,5,197,visa,0.6151515151515151,87.0,0.8757575757575757,0.47878787878787876,desktop,0.39090909090909093,5,0.015151515151515152,742.079
330,315,43571.78,W,0.5523809523809524,5,202,visa,0.6190476190476191,87.0,0.9301587301587302,0.4380952380952381,desktop,0.3523809523809524,1,0.0031746031746031746,34.339
331,297,37973.547999999995,W,0.5454545454545454,5,190,visa,0.6296296296296297,87.0,0.9023569023569024,0.41414141414141414,desktop,0.30976430976430974,6,0.020202020202020204,852.638
332,286,37583.255000000005,W,0.5524475524475524,5,186,visa,0.6433566433566433,87.0,0.8706293706293706,0.42657342657342656,desktop,0.3321678321678322,10,0.03496503496503497,946.762
333,251,39436.221000000005,W,0.6254980079681275,5,167,visa,0.6693227091633466,87.0,0.9083665338645418,0.3466135458167331,desktop,0.2549800796812749,1,0.00398406374501992,2.449
334,292,36048.104999999996,W,0.6027397260273972,5,192,visa,0.660958904109589,87.0,0.8972602739726028,0.3732876712328767,desktop,0.23972602739726026,6,0.02054794520547945,778.5350000000001
335,285,44604.582,W,0.6350877192982456,5,185,visa,0.6350877192982456,87.0,0.887719298245614,0.3263157894736842,desktop,0.21403508771929824,14,0.04912280701754386,1582.4940000000001
336,277,33354.304000000004,W,0.6389891696750902,5,186,visa,0.6389891696750902,87.0,0.9133574007220217,0.3249097472924188,desktop,0.21660649819494585,6,0.021660649819494584,1498.0
337,218,25566.209000000003,W,0.6100917431192661,5,159,visa,0.6467889908256881,87.0,0.8944954128440367,0.3623853211009174,desktop,0.18807339449541285,6,0.027522935779816515,867.205
338,235,20008.058000000005,W,0.5234042553191489,5,175,visa,0.6936170212765957,87.0,0.8468085106382979,0.4553191489361702,desktop,0.2978723404255319,2,0.00851063829787234,163.09
339,154,14320.033,W,0.5,5,112,visa,0.6948051948051948,87.0,0.8701298701298701,0.4935064935064935,mobile,0.2662337662337662,2,0.012987012987012988,520.0
340,151,14412.413999999999,W,0.4304635761589404,5,107,visa,0.6490066225165563,87.0,0.7549668874172185,0.5695364238410596,desktop,0.33774834437086093,8,0.052980132450331126,880.217
341,84,9247.004,W,0.4166666666666667,5,60,visa,0.6904761904761905,87.0,0.7738095238095238,0.5595238095238095,desktop,0.30952380952380953,5,0.05952380952380952,599.204
342,47,3848.503999999999,W,0.5106382978723404,4,39,visa,0.7446808510638298,87.0,0.7659574468085106,0.48936170212765956,mobile,0.3404255319148936,4,0.0851063829787234,322.43
343,23,2791.8549999999996,W,0.6521739130434783,3,18,mastercard,0.4782608695652174,87.0,0.782608695652174,0.2608695652173913,mobile,0.17391304347826086,2,0.08695652173913043,169.631
344,21,2147.4210000000003,W,0.47619047619047616,4,18,visa,0.8571428571428571,87.0,0.8095238095238095,0.42857142857142855,mobile,0.2857142857142857,0,0.0,
345,18,1423.3890000000001,W,0.5555555555555556,5,15,visa,0.7777777777777778,87.0,0.9444444444444444,0.4444444444444444,desktop,0.2777777777777778,0,0.0,
346,20,2585.67,W,0.75,3,19,visa,0.75,87.0,1.0,0.2,desktop,0.1,0,0.0,
347,32,3983.804,W,0.53125,5,26,visa,0.75,87.0,0.875,0.4375,desktop,0.28125,0,0.0,
348,78,8454.99,W,0.7307692307692307,4,63,visa,0.7692307692307693,87.0,1.0,0.2564102564102564,desktop,0.14102564102564102,2,0.02564102564102564,421.0
349,133,16491.868000000002,W,0.6541353383458647,5,105,visa,0.6240601503759399,87.0,0.9849624060150376,0.3308270676691729,desktop,0.24060150375939848,3,0.022556390977443608,703.0
350,196,35765.569,W,0.6173469387755102,5,151,visa,0.5918367346938775,87.0,0.9693877551020408,0.3826530612244898,desktop,0.29081632653061223,7,0.03571428571428571,550.585
351,288,40741.341,W,0.5277777777777778,5,187,visa,0.7222222222222222,87.0,0.9131944444444444,0.4340277777777778,desktop,0.3298611111111111,6,0.020833333333333332,574.358
352,321,44462.471999999994,W,0.48909657320872274,5,199,visa,0.6542056074766355,87.0,0.9314641744548287,0.48909657320872274,desktop,0.3644859813084112,7,0.021806853582554516,999.681
353,303,60489.15,W,0.5643564356435643,5,202,visa,0.6435643564356436,87.0,0.9273927392739274,0.4158415841584158,desktop,0.3102310231023102,7,0.0231023102310231,744.8689999999999
354,323,47129.697,W,0.5572755417956656,5,204,visa,0.6873065015479877,87.0,0.891640866873065,0.4241486068111455,desktop,0.30340557275541796,19,0.058823529411764705,1522.068
355,318,49341.114,W,0.5377358490566038,5,205,visa,0.6855345911949685,87.0,0.9119496855345912,0.44025157232704404,desktop,0.36163522012578614,5,0.015723270440251572,354.95
356,316,46722.466,W,0.5632911392405063,5,207,visa,0.6265822784810127,87.0,0.9430379746835443,0.41139240506329117,desktop,0.33860759493670883,5,0.015822784810126583,2072.95
357,297,44855.468,W,0.569023569023569,5,184,visa,0.6734006734006734,87.0,0.8888888888888888,0.3838383838383838,desktop,0.265993265993266,14,0.04713804713804714,1911.81
358,296,37130.66100000001,W,0.6452702702702703,5,196,visa,0.6824324324324325,87.0,0.9087837837837838,0.33783783783783783,desktop,0.23648648648648649,10,0.033783783783783786,743.48
359,297,40468.193,W,0.5959595959595959,5,195,visa,0.6363636363636364,87.0,0.8518518518518519,0.3771043771043771,desktop,0.26262626262626265,6,0.020202020202020204,163.881
360,273,34491.07,W,0.5604395604395604,5,185,visa,0.6666666666666666,87.0,0.8424908424908425,0.4139194139194139,desktop,0.24175824175824176,7,0.02564102564102564,358.14599999999996
361,266,28037.644,W,0.5488721804511278,5,181,visa,0.6578947368421053,87.0,0.8458646616541353,0.424812030075188,desktop,0.24812030075187969,12,0.045112781954887216,3192.0119999999997
362,233,23235.79,W,0.4892703862660944,5,149,visa,0.6609442060085837,87.0,0.8154506437768241,0.4721030042918455,desktop,0.31759656652360513,2,0.008583690987124463,88.0
363,157,21905.895,W,0.43312101910828027,5,116,visa,0.6751592356687898,87.0,0.8407643312101911,0.5414012738853503,desktop,0.29936305732484075,4,0.025477707006369428,359.0
364,136,13592.913,W,0.375,5,85,visa,0.6838235294117647,87.0,0.625,0.6102941176470589,desktop,0.3897058823529412,22,0.16176470588235295,1343.0559999999996
365,111,9509.517000000003,C,0.3333333333333333,5,79,visa,0.6666666666666666,87.0,0.6576576576576577,0.6936936936936937,desktop,0.43243243243243246,11,0.0990990990990991,922.632
366,43,3679.392,W,0.4883720930232558,5,34,visa,0.8372093023255814,87.0,0.8837209302325582,0.5116279069767442,desktop,0.27906976744186046,2,0.046511627906976744,194.0
367,36,3691.11,W,0.3888888888888889,4,29,visa,0.6944444444444444,87.0,0.8333333333333334,0.5833333333333334,desktop,0.4166666666666667,3,0.08333333333333333,224.296
368,18,1772.6190000000001,W,0.5555555555555556,3,18,visa,0.6666666666666666,87.0,0.9444444444444444,0.4444444444444444,mobile,0.2222222222222222,0,0.0,
369,13,1217.144,W,0.46153846153846156,4,10,visa,0.8461538461538461,87.0,0.8461538461538461,0.5384615384615384,desktop,0.46153846153846156,0,0.0,
370,28,4977.856,W,0.5357142857142857,5,23,visa,0.6071428571428571,87.0,0.8214285714285714,0.4642857142857143,mobile,0.2857142857142857,0,0.0,
371,44,6895.410000000001,W,0.7272727272727273,4,39,visa,0.7272727272727273,87.0,1.0,0.2727272727272727,mobile,0.1590909090909091,1,0.022727272727272728,141.0
372,107,12089.799000000003,W,0.5607476635514018,5,82,visa,0.6822429906542056,87.0,0.9532710280373832,0.411214953271028,desktop,0.24299065420560748,2,0.018691588785046728,491.95
373,173,23300.480000000003,W,0.5838150289017341,5,132,visa,0.6936416184971098,87.0,0.9653179190751445,0.4046242774566474,desktop,0.26011560693641617,2,0.011560693641618497,314.71299999999997
374,271,44749.644,W,0.5498154981549815,5,185,visa,0.6457564575645757,87.0,0.933579335793358,0.45018450184501846,desktop,0.3284132841328413,9,0.033210332103321034,1138.0269999999998
375,330,47715.115,W,0.5333333333333333,5,215,visa,0.6666666666666666,87.0,0.9,0.4303030303030303,desktop,0.3151515151515151,5,0.015151515151515152,444.579
376,384,54540.579,W,0.5078125,5,249,visa,0.6510416666666666,87.0,0.8958333333333334,0.4765625,desktop,0.3854166666666667,16,0.041666666666666664,1450.9809999999998
377,353,58711.516,W,0.5495750708215298,5,232,visa,0.6572237960339944,87.0,0.8640226628895185,0.40226628895184136,desktop,0.34277620396600567,10,0.028328611898016998,981.3760000000001
378,330,53130.33700000001,W,0.6,5,233,visa,0.6909090909090909,87.0,0.906060606060606,0.36666666666666664,desktop,0.30606060606060603,6,0.01818181818181818,600.496
379,348,52783.221,W,0.5431034482758621,5,230,visa,0.6982758620689655,87.0,0.9051724137931034,0.4281609195402299,desktop,0.33620689655172414,2,0.005747126436781609,267.636
380,369,53370.262,W,0.5474254742547425,5,244,visa,0.6504065040650406,87.0,0.8563685636856369,0.4092140921409214,desktop,0.26287262872628725,9,0.024390243902439025,1287.587
381,341,54640.490000000005,W,0.5659824046920822,5,216,visa,0.6480938416422287,87.0,0.9237536656891495,0.4046920821114369,desktop,0.2991202346041056,3,0.008797653958944282,496.99
382,365,49717.553,W,0.5780821917808219,5,215,visa,0.6986301369863014,87.0,0.8657534246575342,0.40273972602739727,desktop,0.23835616438356164,10,0.0273972602739726,1343.2040000000002
383,305,40129.259000000005,W,0.639344262295082,5,198,visa,0.659016393442623,87.0,0.8786885245901639,0.3344262295081967,desktop,0.20655737704918034,5,0.01639344262295082,799.0
384,288,35528.699,W,0.6527777777777778,5,197,visa,0.6770833333333334,87.0,0.8923611111111112,0.3263888888888889,desktop,0.19791666666666666,5,0.017361111111111112,564.104
385,251,30895.927,W,0.5139442231075697,5,171,visa,0.6573705179282868,87.0,0.8087649402390438,0.44223107569721115,desktop,0.2589641434262948,0,0.0,
386,221,22096.243000000002,W,0.48868778280542985,5,146,visa,0.6153846153846154,87.0,0.8235294117647058,0.49321266968325794,desktop,0.3167420814479638,1,0.004524886877828055,49.0
387,162,20083.575999999997,W,0.4876543209876543,5,117,visa,0.6358024691358025,87.0,0.8271604938271605,0.5,desktop,0.3333333333333333,1,0.006172839506172839,18.481
388,116,10377.959,W,0.46551724137931033,5,88,visa,0.7327586206896551,87.0,0.7413793103448276,0.5086206896551724,desktop,0.3017241379310345,0,0.0,
389,70,8428.482,W,0.4142857142857143,5,50,visa,0.7428571428571429,87.0,0.7285714285714285,0.5714285714285714,desktop,0.3142857142857143,4,0.05714285714285714,816.6859999999999
390,47,5557.38,W,0.46808510638297873,5,40,visa,0.7021276595744681,87.0,0.851063829787234,0.5106382978723404,desktop,0.3191489361702128,0,0.0,
391,33,3707.487,W,0.5151515151515151,4,30,visa,0.6363636363636364,87.0,0.8484848484848485,0.45454545454545453,mobile,0.24242424242424243,0,0.0,
392,26,1893.515,W,0.5769230769230769,5,22,visa,0.7307692307692307,87.0,0.7307692307692307,0.4230769230769231,desktop,0.34615384615384615,0,0.0,
393,11,895.948,W,0.5454545454545454,4,11,visa,0.7272727272727273,87.0,0.8181818181818182,0.45454545454545453,mobile,0.2727272727272727,1,0.09090909090909091,52.645
394,8,581.95,H,0.5,2,8,visa,0.5,87.0,1.0,0.5,mobile,0.25,1,0.125,150.0
395,24,2928.6800000000003,W,0.4583333333333333,4,19,visa,0.625,87.0,0.8333333333333334,0.5416666666666666,desktop,0.2916666666666667,0,0.0,
396,52,4697.692999999999,W,0.5,5,43,visa,0.7307692307692307,87.0,0.8653846153846154,0.5,desktop,0.34615384615384615,6,0.11538461538461539,397.24
397,111,13498.398000000001,W,0.4864864864864865,5,82,visa,0.6846846846846847,87.0,0.9009009009009009,0.5045045045045045,desktop,0.3063063063063063,0,0.0,
398,182,20533.242000000002,W,0.5164835164835165,5,138,visa,0.6538461538461539,87.0,0.9285714285714286,0.4835164835164835,desktop,0.29120879120879123,1,0.005494505494505495,171.0
399,252,32676.395,W,0.503968253968254,5,163,visa,0.6865079365079365,87.0,0.9285714285714286,0.49206349206349204,desktop,0.30952380952380953,1,0.003968253968253968,125.0
400,309,42837.456,W,0.49838187702265374,5,200,visa,0.6472491909385113,87.0,0.9320388349514563,0.48220064724919093,desktop,0.313915857605178,5,0.016181229773462782,525.0
401,317,42642.2,W,0.4889589905362776,5,206,visa,0.6529968454258676,87.0,0.8958990536277602,0.48580441640378547,desktop,0.2996845425867508,6,0.01892744479495268,1234.95
402,329,42420.813,W,0.5957446808510638,5,226,visa,0.6960486322188449,87.0,0.9118541033434651,0.39209726443769,desktop,0.2674772036474164,8,0.0243161094224924,465.72
403,357,35631.234,W,0.47619047619047616,5,225,visa,0.6862745098039216,87.0,0.8711484593837535,0.5070028011204482,desktop,0.3081232492997199,4,0.011204481792717087,190.31400000000002
404,343,35412.838,W,0.5306122448979592,5,223,visa,0.6355685131195336,87.0,0.8571428571428571,0.44314868804664725,desktop,0.2857142857142857,12,0.03498542274052478,1056.591
405,279,31687.513999999996,W,0.5125448028673835,5,185,visa,0.6666666666666666,87.0,0.8637992831541219,0.4731182795698925,desktop,0.30824372759856633,7,0.025089605734767026,231.314
406,265,28585.401,W,0.5622641509433962,5,184,visa,0.6754716981132075,87.0,0.8981132075471698,0.41132075471698115,desktop,0.26037735849056604,4,0.01509433962264151,572.5
407,272,30303.964,W,0.5441176470588235,5,180,visa,0.6176470588235294,87.0,0.8933823529411765,0.4411764705882353,desktop,0.2757352941176471,3,0.011029411764705883,658.99
408,274,28414.657000000003,W,0.5802919708029197,5,191,visa,0.6313868613138686,87.0,0.8576642335766423,0.3722627737226277,desktop,0.22992700729927007,7,0.025547445255474453,639.632
409,211,20369.654000000002,W,0.5071090047393365,5,145,visa,0.6966824644549763,87.0,0.8293838862559242,0.46919431279620855,mobile,0.24170616113744076,0,0.0,
410,187,20368.871,W,0.42780748663101603,5,124,visa,0.7005347593582888,87.0,0.786096256684492,0.5561497326203209,desktop,0.3048128342245989,6,0.03208556149732621,979.05
411,127,11324.448000000002,W,0.36220472440944884,4,86,visa,0.7007874015748031,87.0,0.7716535433070866,0.6062992125984252,desktop,0.3543307086614173,10,0.07874015748031496,1118.06
412,91,6476.3460000000005,W,0.43956043956043955,4,64,visa,0.6263736263736264,87.0,0.7252747252747253,0.4725274725274725,desktop,0.24175824175824176,7,0.07692307692307693,393.04099999999994
413,52,4805.348,W,0.4230769230769231,5,43,visa,0.6538461538461539,87.0,0.8461538461538461,0.5769230769230769,desktop,0.38461538461538464,3,0.057692307692307696,551.0
414,56,5669.557000000001,W,0.2857142857142857,4,42,visa,0.7142857142857143,87.0,0.75,0.7142857142857143,desktop,0.39285714285714285,8,0.14285714285714285,336.446
415,23,2235.2309999999998,W,0.34782608695652173,5,16,visa,0.6086956521739131,87.0,0.6956521739130435,0.6521739130434783,mobile,0.4782608695652174,0,0.0,
416,19,2230.293,W,0.5263157894736842,4,16,visa,0.7368421052631579,87.0,0.6842105263157895,0.47368421052631576,mobile,0.2631578947368421,3,0.15789473684210525,370.798
417,13,815.673,H,0.3076923076923077,4,10,visa,0.7692307692307693,87.0,0.7692307692307693,0.6923076923076923,mobile,0.5384615384615384,0,0.0,
418,18,3598.3,W,0.7222222222222222,3,15,visa,0.7222222222222222,87.0,1.0,0.2777777777777778,desktop,0.2222222222222222,2,0.1111111111111111,30.0
419,14,1806.239,W,0.5714285714285714,3,14,visa,0.5714285714285714,87.0,0.9285714285714286,0.42857142857142855,desktop,0.35714285714285715,0,0.0,
420,33,3987.7960000000003,R,0.3333333333333333,5,29,visa,0.5151515151515151,87.0,0.8484848484848485,0.7272727272727273,desktop,0.3939393939393939,5,0.15151515151515152,1100.0
421,79,9208.502000000002,W,0.4936708860759494,5,61,visa,0.7215189873417721,87.0,0.8860759493670886,0.4936708860759494,desktop,0.3291139240506329,0,0.0,
422,121,15292.247000000001,W,0.4628099173553719,5,96,visa,0.7024793388429752,87.0,0.9421487603305785,0.5371900826446281,desktop,0.35537190082644626,4,0.03305785123966942,174.042
423,161,16794.696,W,0.4968944099378882,5,121,visa,0.6894409937888198,87.0,0.8633540372670807,0.45962732919254656,desktop,0.2857142857142857,1,0.006211180124223602,108.205
424,262,27022.795,W,0.5267175572519084,5,178,visa,0.6603053435114504,87.0,0.8282442748091603,0.42366412213740456,desktop,0.22137404580152673,2,0.007633587786259542,227.41
425,277,30682.455,W,0.4404332129963899,5,172,visa,0.6462093862815884,87.0,0.8447653429602888,0.5126353790613718,desktop,0.296028880866426,10,0.036101083032490974,756.165
426,283,28738.402000000002,W,0.4840989399293286,5,172,visa,0.6749116607773852,87.0,0.8621908127208481,0.47703180212014135,desktop,0.2791519434628975,5,0.0176678445229682,675.0360000000001
427,294,33056.556,W,0.5340136054421769,5,196,visa,0.6836734693877551,87.0,0.8537414965986394,0.4013605442176871,desktop,0.25510204081632654,13,0.04421768707482993,495.47100000000006
428,302,30335.589,W,0.48013245033112584,5,191,visa,0.6456953642384106,87.0,0.8675496688741722,0.46688741721854304,desktop,0.271523178807947,5,0.016556291390728478,872.105
429,319,32724.853000000003,W,0.47962382445141066,5,208,visa,0.6551724137931034,87.0,0.8589341692789969,0.47335423197492166,desktop,0.32601880877742945,17,0.05329153605015674,1583.561
430,306,33464.727,W,0.5359477124183006,5,206,visa,0.6666666666666666,87.0,0.8627450980392157,0.42483660130718953,desktop,0.2679738562091503,7,0.02287581699346405,2235.246
431,283,32617.805000000004,W,0.568904593639576,5,187,visa,0.6537102473498233,87.0,0.8904593639575972,0.3992932862190813,desktop,0.303886925795053,11,0.038869257950530034,1693.0520000000001
432,295,30421.292,W,0.535593220338983,5,196,visa,0.6610169491525424,87.0,0.8576271186440678,0.423728813559322,desktop,0.2576271186440678,6,0.020338983050847456,2091.79
433,315,30625.841,W,0.526984126984127,5,199,visa,0.6666666666666666,87.0,0.8603174603174604,0.4444444444444444,desktop,0.26031746031746034,12,0.0380952380952381,1961.0
434,266,26096.96,W,0.5112781954887218,5,175,visa,0.6804511278195489,87.0,0.8796992481203008,0.4473684210526316,desktop,0.2556390977443609,1,0.0037593984962406013,13.992
435,210,18629.632,W,0.41904761904761906,5,140,visa,0.7095238095238096,87.0,0.8476190476190476,0.5714285714285714,desktop,0.3047619047619048,3,0.014285714285714285,104.124
436,182,14901.617999999999,W,0.4340659340659341,5,115,visa,0.7087912087912088,87.0,0.8021978021978022,0.5604395604395604,desktop,0.33516483516483514,12,0.06593406593406594,1242.316
437,133,11136.488,W,0.5263157894736842,4,93,visa,0.7293233082706767,87.0,0.8045112781954887,0.42105263157894735,desktop,0.21804511278195488,5,0.03759398496240601,591.95
438,70,6971.276,W,0.45714285714285713,5,54,visa,0.7857142857142857,87.0,0.8571428571428571,0.5428571428571428,mobile,0.34285714285714286,0,0.0,
439,36,3006.8409999999994,W,0.5555555555555556,5,35,visa,0.6666666666666666,87.0,0.75,0.3888888888888889,mobile,0.25,5,0.1388888888888889,379.884
440,14,1546.6540000000002,W,0.8571428571428571,3,13,visa,0.8571428571428571,87.0,0.8571428571428571,0.14285714285714285,mobile,0.07142857142857142,0,0.0,
441,13,959.5500000000002,W,0.6923076923076923,4,13,visa,0.6923076923076923,87.0,1.0,0.23076923076923078,mobile,0.15384615384615385,0,0.0,
442,27,2407.4659999999994,W,0.8148148148148148,3,26,visa,0.8148148148148148,87.0,0.9629629629629629,0.18518518518518517,mobile,0.14814814814814814,0,0.0,
443,40,3936.357,W,0.6,5,32,visa,0.825,87.0,0.95,0.4,desktop,0.3,0,0.0,
444,75,8900.359,W,0.6133333333333333,5,66,visa,0.5733333333333334,87.0,0.9466666666666667,0.3466666666666667,desktop,0.24,0,0.0,
445,175,23801.927000000003,W,0.6114285714285714,5,122,visa,0.6,87.0,0.9657142857142857,0.37142857142857144,desktop,0.2742857142857143,1,0.005714285714285714,450.0
446,260,32264.264000000003,W,0.47692307692307695,5,170,visa,0.6961538461538461,87.0,0.9346153846153846,0.5115384615384615,desktop,0.4153846153846154,10,0.038461538461538464,609.626
447,328,51911.387,W,0.3932926829268293,5,212,visa,0.6646341463414634,87.0,0.8689024390243902,0.5670731707317073,desktop,0.45426829268292684,5,0.01524390243902439,1930.07
448,404,61129.268,W,0.42574257425742573,5,243,visa,0.6014851485148515,87.0,0.8564356435643564,0.5445544554455446,desktop,0.4034653465346535,13,0.03217821782178218,2801.583
449,408,57703.294,W,0.3946078431372549,5,263,visa,0.6519607843137255,87.0,0.8333333333333334,0.5514705882352942,desktop,0.40441176470588236,14,0.03431372549019608,1174.935
450,388,61140.187,W,0.45103092783505155,5,250,visa,0.6855670103092784,87.0,0.8505154639175257,0.5309278350515464,desktop,0.422680412371134,9,0.023195876288659795,859.593
451,423,62541.068,W,0.45390070921985815,5,272,visa,0.6170212765957447,87.0,0.851063829787234,0.524822695035461,desktop,0.42789598108747046,8,0.018912529550827423,833.6899999999999
452,374,53088.109,W,0.5213903743315508,5,234,visa,0.660427807486631,87.0,0.8636363636363636,0.44919786096256686,desktop,0.3315508021390374,9,0.02406417112299465,987.552
453,406,68912.515,W,0.4802955665024631,5,253,visa,0.6650246305418719,87.0,0.8325123152709359,0.49507389162561577,desktop,0.3842364532019704,25,0.06157635467980296,1279.962
454,387,66344.274,W,0.5219638242894057,5,244,visa,0.6408268733850129,87.0,0.9069767441860465,0.4392764857881137,desktop,0.3178294573643411,13,0.03359173126614987,1175.0669999999998
455,356,50973.008,W,0.5449438202247191,5,213,visa,0.6853932584269663,87.0,0.8932584269662921,0.42134831460674155,desktop,0.2893258426966292,10,0.028089887640449437,1258.74
456,373,41697.804000000004,W,0.5281501340482574,5,226,visa,0.6890080428954424,87.0,0.8873994638069705,0.43699731903485256,desktop,0.3378016085790885,7,0.01876675603217158,540.0
457,355,40809.164,W,0.5098591549295775,5,210,visa,0.6732394366197183,87.0,0.8591549295774648,0.4507042253521127,desktop,0.28732394366197184,3,0.008450704225352112,85.0
458,279,32231.902000000002,W,0.44086021505376344,5,173,visa,0.6810035842293907,87.0,0.8100358422939068,0.5161290322580645,desktop,0.3655913978494624,2,0.007168458781362007,100.27600000000001
459,250,21854.403,W,0.436,5,162,visa,0.656,87.0,0.844,0.552,desktop,0.308,6,0.024,1050.94
460,174,16255.083,W,0.3563218390804598,5,120,visa,0.6896551724137931,87.0,0.7586206896551724,0.632183908045977,desktop,0.3563218390804598,6,0.034482758620689655,712.3699999999999
461,105,8685.199999999999,W,0.3619047619047619,5,79,visa,0.7238095238095238,87.0,0.6571428571428571,0.638095238095238,desktop,0.3523809523809524,6,0.05714285714285714,266.759
462,68,5434.922,W,0.4411764705882353,5,49,visa,0.75,87.0,0.75,0.5441176470588235,desktop,0.3382352941176471,2,0.029411764705882353,163.00900000000001
463,35,2679.8409999999994,W,0.4857142857142857,5,30,visa,0.8571428571428571,87.0,0.7428571428571429,0.5142857142857142,desktop,0.34285714285714286,0,0.0,
464,21,2332.407,W,0.5238095238095238,4,18,visa,0.5714285714285714,87.0,0.7619047619047619,0.47619047619047616,mobile,0.2857142857142857,0,0.0,
465,14,1397.15,W,0.7142857142857143,3,13,visa,0.5714285714285714,87.0,0.9285714285714286,0.2857142857142857,desktop,0.14285714285714285,0,0.0,
466,32,4549.261,W,0.5625,4,24,visa,0.6875,87.0,0.90625,0.4375,mobile,0.25,2,0.0625,37.078
467,41,5992.985,W,0.6829268292682927,5,34,visa,0.8292682926829268,87.0,0.926829268292683,0.3170731707317073,mobile,0.21951219512195122,3,0.07317073170731707,170.58499999999998
468,90,10721.188000000002,W,0.5888888888888889,5,78,visa,0.6666666666666666,87.0,0.9666666666666667,0.3888888888888889,desktop,0.3333333333333333,1,0.011111111111111112,76.023
469,163,20225.463,W,0.4785276073619632,5,111,visa,0.6380368098159509,87.0,0.901840490797546,0.49693251533742333,desktop,0.3558282208588957,3,0.018404907975460124,251.95
470,238,34428.735,W,0.4957983193277311,5,170,visa,0.6554621848739496,87.0,0.9201680672268907,0.49159663865546216,desktop,0.3739495798319328,4,0.01680672268907563,187.312
471,275,47081.356,W,0.4254545454545455,5,183,visa,0.64,87.0,0.9272727272727272,0.5309090909090909,desktop,0.39636363636363636,3,0.01090909090909091,1494.0
472,367,53382.069,W,0.4659400544959128,5,230,visa,0.6430517711171662,87.0,0.9100817438692098,0.5095367847411444,desktop,0.4114441416893733,8,0.021798365122615803,693.152
473,400,56920.786,W,0.44,5,258,visa,0.64,87.0,0.88,0.52,desktop,0.3875,5,0.0125,1382.95
474,379,67503.53899999999,W,0.42744063324538256,5,209,visa,0.6675461741424802,87.0,0.9182058047493403,0.5408970976253298,desktop,0.40633245382585753,10,0.026385224274406333,914.9259999999999
475,392,59106.128000000004,W,0.42857142857142855,5,244,visa,0.6326530612244898,87.0,0.8724489795918368,0.548469387755102,desktop,0.4489795918367347,9,0.02295918367346939,1021.9639999999999
476,352,67988.522,W,0.4630681818181818,5,218,visa,0.6448863636363636,87.0,0.90625,0.5028409090909091,desktop,0.3835227272727273,3,0.008522727272727272,288.0
477,383,53724.376000000004,W,0.5221932114882507,5,238,visa,0.6997389033942559,87.0,0.8825065274151436,0.4360313315926893,desktop,0.31592689295039167,11,0.028720626631853787,744.4099999999999
478,358,55187.31,W,0.41899441340782123,5,212,visa,0.6284916201117319,87.0,0.88268156424581,0.547486033519553,desktop,0.3743016759776536,8,0.0223463687150838,1051.743
479,382,65207.783,W,0.5026178010471204,5,229,visa,0.6832460732984293,87.0,0.8612565445026178,0.468586387434555,desktop,0.33507853403141363,16,0.041884816753926704,2415.4139999999998
480,315,42133.377,W,0.526984126984127,5,196,visa,0.7174603174603175,87.0,0.873015873015873,0.4253968253968254,desktop,0.30793650793650795,11,0.03492063492063492,1214.522
481,308,37612.563,W,0.5032467532467533,5,200,visa,0.6331168831168831,87.0,0.8701298701298701,0.474025974025974,desktop,0.30194805194805197,8,0.025974025974025976,1000.0
482,297,43446.166,W,0.44107744107744107,5,200,visa,0.6026936026936027,87.0,0.7676767676767676,0.5151515151515151,desktop,0.3063973063973064,18,0.06060606060606061,2059.464
483,218,29583.614999999998,W,0.44495412844036697,5,136,visa,0.6330275229357798,87.0,0.7981651376146789,0.5412844036697247,desktop,0.28440366972477066,11,0.05045871559633028,2010.694
484,187,17841.758,C,0.37433155080213903,5,113,visa,0.6951871657754011,87.0,0.6256684491978609,0.6898395721925134,desktop,0.4919786096256685,5,0.026737967914438502,120.82400000000001
485,117,11002.881,W,0.39316239316239315,4,89,visa,0.7435897435897436,87.0,0.6581196581196581,0.6068376068376068,desktop,0.3418803418803419,4,0.03418803418803419,414.81399999999996
486,71,6487.821,W,0.3380281690140845,5,55,visa,0.5915492957746479,87.0,0.7323943661971831,0.647887323943662,desktop,0.352112676056338,1,0.014084507042253521,59.0
487,35,4602.325999999999,W,0.42857142857142855,5,28,mastercard,0.5428571428571428,87.0,0.7142857142857143,0.5714285714285714,mobile,0.3142857142857143,0,0.0,
488,22,4956.989,W,0.7727272727272727,4,20,visa,0.6363636363636364,87.0,0.9090909090909091,0.22727272727272727,mobile,0.13636363636363635,2,0.09090909090909091,134.454
489,17,1834.2,W,0.5882352941176471,3,13,visa,0.6470588235294118,87.0,1.0,0.35294117647058826,mobile,0.23529411764705882,1,0.058823529411764705,141.0
490,29,2463.2099999999996,W,0.6551724137931034,4,26,visa,0.6206896551724138,87.0,0.8275862068965517,0.3448275862068966,mobile,0.2413793103448276,0,0.0,
491,64,10366.447,W,0.5,5,48,visa,0.703125,87.0,0.96875,0.4375,desktop,0.25,0,0.0,
492,94,11783.020999999999,W,0.5957446808510638,4,78,visa,0.6382978723404256,87.0,0.8829787234042553,0.3191489361702128,desktop,0.22340425531914893,1,0.010638297872340425,450.0
493,172,24634.369,W,0.47674418604651164,5,126,visa,0.6337209302325582,87.0,0.9127906976744186,0.5058139534883721,desktop,0.3953488372093023,5,0.029069767441860465,1189.0
494,283,45983.727,W,0.44876325088339225,5,181,visa,0.6466431095406361,87.0,0.9611307420494699,0.5300353356890459,desktop,0.4381625441696113,9,0.03180212014134275,342.78
495,335,43251.443,W,0.408955223880597,5,235,visa,0.6238805970149254,87.0,0.8746268656716418,0.5761194029850746,desktop,0.4835820895522388,8,0.023880597014925373,928.0
496,406,55803.611000000004,W,0.43596059113300495,5,253,visa,0.6403940886699507,87.0,0.8891625615763546,0.5197044334975369,desktop,0.4064039408866995,2,0.0049261083743842365,765.0
497,435,57910.332,W,0.42528735632183906,5,260,visa,0.6551724137931034,87.0,0.864367816091954,0.5379310344827586,desktop,0.4,8,0.01839080459770115,1640.914
498,451,73127.304,W,0.38802660753880264,5,260,visa,0.6208425720620843,87.0,0.8758314855875832,0.5631929046563193,desktop,0.43237250554323725,6,0.013303769401330377,1194.308
499,392,52820.848,W,0.3852040816326531,5,240,visa,0.6505102040816326,87.0,0.9081632653061225,0.5841836734693877,desktop,0.4719387755102041,13,0.03316326530612245,1692.6470000000002
500,379,50148.73,W,0.38258575197889183,5,236,visa,0.6200527704485488,87.0,0.8548812664907651,0.5646437994722955,desktop,0.45118733509234826,4,0.010554089709762533,487.71299999999997
501,375,57442.414000000004,W,0.456,5,233,visa,0.632,87.0,0.888,0.48533333333333334,desktop,0.39466666666666667,4,0.010666666666666666,508.0
502,360,52652.144,W,0.5,5,238,visa,0.6555555555555556,87.0,0.8694444444444445,0.4444444444444444,desktop,0.3194444444444444,7,0.019444444444444445,1743.746
503,387,57755.344000000005,W,0.45478036175710596,5,234,visa,0.6744186046511628,87.0,0.8087855297157622,0.5012919896640827,desktop,0.3462532299741602,7,0.01808785529715762,2780.7219999999998
504,311,40065.398,W,0.4983922829581994,5,199,visa,0.6495176848874598,87.0,0.8456591639871383,0.43086816720257237,desktop,0.33440514469453375,5,0.01607717041800643,761.808
505,272,36891.697,W,0.41911764705882354,5,175,visa,0.6286764705882353,87.0,0.8382352941176471,0.35294117647058826,desktop,0.21691176470588236,8,0.029411764705882353,1368.0
506,292,37150.314999999995,W,0.410958904109589,5,179,visa,0.702054794520548,87.0,0.791095890410959,0.4897260273972603,desktop,0.2876712328767123,7,0.023972602739726026,738.329
507,208,22551.607,W,0.4182692307692308,5,137,visa,0.7067307692307693,87.0,0.7548076923076923,0.5528846153846154,desktop,0.41346153846153844,3,0.014423076923076924,263.71299999999997
508,166,14268.847000000002,W,0.4036144578313253,5,93,visa,0.6686746987951807,87.0,0.7590361445783133,0.5783132530120482,desktop,0.3674698795180723,2,0.012048192771084338,95.52600000000001
509,114,9129.568000000001,W,0.3508771929824561,5,76,visa,0.6140350877192983,87.0,0.6754385964912281,0.6228070175438597,mobile,0.32456140350877194,7,0.06140350877192982,416.757
510,74,6596.966,W,0.44594594594594594,5,52,visa,0.7027027027027027,87.0,0.6486486486486487,0.5540540540540541,desktop,0.32432432432432434,10,0.13513513513513514,364.37500000000006
511,35,6247.115,W,0.4,4,32,visa,0.6,87.0,0.7428571428571429,0.5714285714285714,desktop,0.3142857142857143,2,0.05714285714285714,15.858
512,16,2179.839,W,0.5,4,13,visa,0.5625,87.0,0.875,0.5,desktop,0.3125,0,0.0,
513,26,3864.1620000000003,W,0.46153846153846156,5,23,visa,0.6923076923076923,87.0,0.8846153846153846,0.5384615384615384,desktop,0.4230769230769231,5,0.19230769230769232,750.0
514,15,1101.35,W,0.4,4,11,visa,0.9333333333333333,87.0,1.0,0.6,mobile,0.4666666666666667,0,0.0,
515,41,6199.83,W,0.5365853658536586,5,35,visa,0.6341463414634146,87.0,0.9512195121951219,0.4634146341463415,desktop,0.3170731707317073,2,0.04878048780487805,98.76
516,93,11677.023000000001,W,0.5376344086021505,5,80,visa,0.6021505376344086,87.0,0.9354838709677419,0.40860215053763443,desktop,0.27956989247311825,1,0.010752688172043012,82.95
517,201,37119.255000000005,R,0.40298507462686567,5,151,visa,0.5522388059701493,87.0,0.9552238805970149,0.5522388059701493,desktop,0.4228855721393035,0,0.0,
518,309,41693.149,W,0.3786407766990291,5,216,visa,0.598705501618123,87.0,0.9288025889967637,0.6051779935275081,desktop,0.4854368932038835,4,0.012944983818770227,161.257
519,337,44855.106,W,0.3857566765578635,5,229,visa,0.6112759643916914,87.0,0.8694362017804155,0.4629080118694362,desktop,0.3620178041543027,0,0.0,
520,398,61918.856,W,0.44974874371859297,5,250,visa,0.6507537688442211,87.0,0.9045226130653267,0.5025125628140703,desktop,0.38190954773869346,7,0.017587939698492462,1125.432
521,393,64489.185,W,0.3842239185750636,5,229,visa,0.6717557251908397,87.0,0.8244274809160306,0.5343511450381679,desktop,0.4529262086513995,10,0.02544529262086514,711.0070000000001
522,457,77812.61499999999,W,0.3916849015317287,5,253,visa,0.6980306345733042,87.0,0.8599562363238512,0.5601750547045952,desktop,0.4485776805251641,5,0.010940919037199124,394.521
523,414,68512.12,W,0.37681159420289856,5,248,visa,0.6884057971014492,87.0,0.8309178743961353,0.5555555555555556,desktop,0.42028985507246375,7,0.016908212560386472,384.04200000000003
524,449,63725.274999999994,W,0.38530066815144765,5,256,visa,0.643652561247216,87.0,0.8374164810690423,0.5701559020044543,desktop,0.43875278396436523,4,0.008908685968819599,189.059
525,370,50799.142,W,0.43783783783783786,5,234,visa,0.654054054054054,87.0,0.8621621621621621,0.5162162162162162,desktop,0.3972972972972973,8,0.021621621621621623,1200.728
526,358,46325.713,W,0.45251396648044695,5,226,visa,0.6759776536312849,87.0,0.8715083798882681,0.5111731843575419,desktop,0.39385474860335196,12,0.0335195530726257,1381.448
527,328,46538.695999999996,W,0.551829268292683,5,218,visa,0.6189024390243902,87.0,0.8628048780487805,0.3231707317073171,desktop,0.1951219512195122,7,0.021341463414634148,544.4159999999999
528,356,41540.527,W,0.43820224719101125,5,214,visa,0.6825842696629213,87.0,0.8230337078651685,0.48314606741573035,desktop,0.3061797752808989,8,0.02247191011235955,830.82
529,273,35252.656,W,0.3626373626373626,5,164,visa,0.63003663003663,87.0,0.8168498168498168,0.6007326007326007,desktop,0.4175824175824176,8,0.029304029304029304,936.366
530,286,41392.982,W,0.3916083916083916,5,185,visa,0.6048951048951049,87.0,0.8076923076923077,0.5734265734265734,desktop,0.36713286713286714,8,0.027972027972027972,801.14
531,215,20612.897,W,0.42790697674418604,5,142,visa,0.641860465116279,87.0,0.7581395348837209,0.5581395348837209,desktop,0.3395348837209302,7,0.03255813953488372,729.2529999999999
532,171,16323.435,W,0.391812865497076,5,118,visa,0.6549707602339181,87.0,0.6900584795321637,0.6081871345029239,desktop,0.38596491228070173,7,0.04093567251461988,1898.5800000000002
533,131,15242.396,W,0.37404580152671757,5,81,visa,0.6030534351145038,87.0,0.6717557251908397,0.6259541984732825,mobile,0.3511450381679389,6,0.04580152671755725,683.2049999999999
534,73,8579.728000000001,W,0.4246575342465753,5,51,visa,0.7123287671232876,87.0,0.7534246575342466,0.5753424657534246,mobile,0.3013698630136986,0,0.0,
535,41,4273.698,W,0.3902439024390244,4,35,visa,0.7317073170731707,87.0,0.7804878048780488,0.5609756097560976,desktop,0.3902439024390244,1,0.024390243902439025,54.0
536,30,2164.665,C,0.36666666666666664,5,24,visa,0.7666666666666667,87.0,0.6333333333333333,0.7,desktop,0.5,3,0.1,135.434
537,15,1912.4750000000001,W,0.3333333333333333,4,13,visa,0.6666666666666666,87.0,0.8,0.6666666666666666,desktop,0.4666666666666667,2,0.13333333333333333,595.5
538,28,4899.8589999999995,W,0.42857142857142855,5,26,visa,0.6785714285714286,87.0,0.9642857142857143,0.5714285714285714,desktop,0.42857142857142855,2,0.07142857142857142,64.0
539,66,7803.8910000000005,W,0.42424242424242425,5,51,visa,0.6818181818181818,87.0,0.9545454545454546,0.5606060606060606,mobile,0.2878787878787879,2,0.030303030303030304,129.0
540,121,14469.757000000001,W,0.4132231404958678,5,97,visa,0.6115702479338843,87.0,0.9256198347107438,0.5702479338842975,desktop,0.39669421487603307,2,0.01652892561983471,307.95
541,243,33859.23700000001,W,0.4156378600823045,5,176,visa,0.6296296296296297,87.0,0.9382716049382716,0.5637860082304527,desktop,0.3868312757201646,2,0.00823045267489712,239.0
542,378,71662.707,R,0.41534391534391535,5,238,visa,0.6455026455026455,87.0,0.9629629629629629,0.6031746031746031,desktop,0.41798941798941797,1,0.0026455026455026454,39.0
543,442,79055.026,W,0.40271493212669685,5,274,visa,0.6244343891402715,87.0,0.9140271493212669,0.5678733031674208,desktop,0.46153846153846156,11,0.024886877828054297,1341.804
544,535,85400.343,W,0.4261682242990654,5,300,visa,0.6766355140186916,87.0,0.9196261682242991,0.5514018691588785,desktop,0.4130841121495327,4,0.007476635514018692,374.39
545,568,86384.079,W,0.4454225352112676,5,301,visa,0.6566901408450704,87.0,0.9172535211267606,0.5334507042253521,desktop,0.4137323943661972,11,0.01936619718309859,1335.954
546,546,75750.977,W,0.4194139194139194,5,306,visa,0.6483516483516484,87.0,0.8571428571428571,0.5421245421245421,desktop,0.4139194139194139,14,0.02564102564102564,1781.6930000000002
547,524,71974.884,W,0.4083969465648855,5,322,visa,0.666030534351145,87.0,0.8625954198473282,0.5591603053435115,desktop,0.43702290076335876,9,0.01717557251908397,2062.768
548,435,61116.492,W,0.45517241379310347,5,273,visa,0.6551724137931034,87.0,0.864367816091954,0.5103448275862069,desktop,0.3954022988505747,6,0.013793103448275862,964.398
549,479,69950.48700000001,W,0.5052192066805845,5,296,visa,0.6701461377870563,87.0,0.9248434237995825,0.4780793319415449,desktop,0.33611691022964507,6,0.012526096033402923,306.976
550,447,62318.712,W,0.49440715883668906,5,279,visa,0.6733780760626398,87.0,0.8814317673378076,0.46308724832214765,desktop,0.3221476510067114,10,0.02237136465324385,879.1769999999999
551,449,55945.549,W,0.45879732739420936,5,262,visa,0.6458797327394209,87.0,0.8485523385300668,0.49665924276169265,desktop,0.35634743875278396,17,0.0378619153674833,2187.5750000000003
552,392,42252.701,W,0.4846938775510204,5,231,visa,0.6964285714285714,87.0,0.8673469387755102,0.4770408163265306,desktop,0.26785714285714285,4,0.01020408163265306,696.5219999999999
553,330,34301.948000000004,W,0.45151515151515154,5,204,visa,0.706060606060606,87.0,0.8181818181818182,0.4909090909090909,desktop,0.2727272727272727,13,0.03939393939393939,1108.5230000000001
554,230,26457.804000000004,W,0.4391304347826087,5,156,visa,0.6695652173913044,87.0,0.782608695652174,0.5130434782608696,mobile,0.27391304347826084,2,0.008695652173913044,233.603
555,208,20745.179,W,0.4182692307692308,5,148,visa,0.6875,87.0,0.8028846153846154,0.5576923076923077,desktop,0.34615384615384615,3,0.014423076923076924,245.95
556,192,16977.775,W,0.4010416666666667,5,128,visa,0.734375,87.0,0.7135416666666666,0.5833333333333334,desktop,0.3385416666666667,2,0.010416666666666666,400.0
557,131,12589.447,W,0.3816793893129771,5,77,visa,0.6717557251908397,87.0,0.6412213740458015,0.6183206106870229,desktop,0.31297709923664124,2,0.015267175572519083,206.434
558,72,8376.723999999998,W,0.3055555555555556,5,50,visa,0.6388888888888888,87.0,0.6944444444444444,0.6944444444444444,desktop,0.4027777777777778,0,0.0,
559,31,2673.633,H,0.41935483870967744,5,25,mastercard,0.5161290322580645,87.0,0.7741935483870968,0.7096774193548387,desktop,0.4838709677419355,1,0.03225806451612903,200.0
560,43,8378.508,W,0.4186046511627907,4,35,visa,0.8604651162790697,87.0,0.8604651162790697,0.5813953488372093,desktop,0.32558139534883723,2,0.046511627906976744,262.43399999999997
561,15,3677.2999999999993,W,0.6666666666666666,4,13,visa,0.8666666666666667,87.0,1.0,0.3333333333333333,mobile,0.2,2,0.13333333333333333,606.0
562,13,4460.994,W,0.6923076923076923,4,13,visa,0.6923076923076923,87.0,0.9230769230769231,0.3076923076923077,desktop,0.15384615384615385,0,0.0,
563,23,1966.85,W,0.5652173913043478,4,21,visa,0.8695652173913043,87.0,0.9565217391304348,0.391304347826087,mobile,0.2608695652173913,0,0.0,
564,53,5482.519,W,0.4716981132075472,5,50,visa,0.6981132075471698,87.0,0.9056603773584906,0.49056603773584906,mobile,0.2641509433962264,1,0.018867924528301886,109.0
565,152,17713.953999999998,W,0.39473684210526316,5,110,visa,0.6578947368421053,87.0,0.9013157894736842,0.6052631578947368,mobile,0.34210526315789475,3,0.019736842105263157,398.991
566,262,33451.674,W,0.3702290076335878,5,157,visa,0.6297709923664122,87.0,0.8893129770992366,0.6297709923664122,desktop,0.36259541984732824,4,0.015267175572519083,739.3430000000001
567,337,38152.848,W,0.4094955489614243,5,214,visa,0.6172106824925816,87.0,0.884272997032641,0.56973293768546,desktop,0.3590504451038576,5,0.01483679525222552,559.8679999999999
568,393,48909.537,W,0.44783715012722647,4,231,visa,0.6590330788804071,87.0,0.9134860050890585,0.5343511450381679,desktop,0.2951653944020356,4,0.010178117048346057,823.595
569,439,60742.259000000005,W,0.35079726651480636,5,240,visa,0.7084282460136674,87.0,0.8838268792710706,0.6013667425968109,desktop,0.38724373576309795,11,0.025056947608200455,1842.9460000000001
570,454,50072.592000000004,W,0.41409691629955947,5,266,visa,0.6740088105726872,87.0,0.8920704845814978,0.539647577092511,desktop,0.32599118942731276,7,0.015418502202643172,659.047
571,440,56267.698000000004,W,0.42727272727272725,5,262,visa,0.6795454545454546,87.0,0.8954545454545455,0.5545454545454546,desktop,0.3340909090909091,3,0.006818181818181818,247.0
572,456,50319.574,W,0.4692982456140351,5,262,visa,0.6732456140350878,87.0,0.8991228070175439,0.48026315789473684,desktop,0.31798245614035087,7,0.015350877192982455,719.331
573,395,45411.98,W,0.4,5,243,visa,0.640506329113924,87.0,0.850632911392405,0.569620253164557,desktop,0.30886075949367087,9,0.02278481012658228,2226.248
574,413,45734.060000000005,W,0.44794188861985473,5,255,visa,0.6852300242130751,87.0,0.9128329297820823,0.5351089588377724,desktop,0.29782082324455206,9,0.021791767554479417,936.936
575,398,40796.277,W,0.4547738693467337,5,242,visa,0.6834170854271356,87.0,0.8417085427135679,0.5326633165829145,desktop,0.2914572864321608,12,0.03015075376884422,1969.2530000000002
576,362,36809.319,W,0.4558011049723757,5,231,visa,0.6574585635359116,87.0,0.8591160220994475,0.4696132596685083,desktop,0.26243093922651933,6,0.016574585635359115,491.03400000000005
577,319,32876.172000000006,W,0.438871473354232,5,208,visa,0.6990595611285266,87.0,0.9310344827586207,0.5391849529780565,desktop,0.2727272727272727,0,0.0,
578,269,29301.713000000003,W,0.4052044609665427,5,190,visa,0.6505576208178439,87.0,0.8921933085501859,0.5613382899628253,desktop,0.31226765799256506,4,0.01486988847583643,482.631
579,218,23940.553,W,0.3944954128440367,5,145,visa,0.6880733944954128,87.0,0.8532110091743119,0.5871559633027523,desktop,0.3623853211009174,1,0.0045871559633027525,59.0
580,156,12953.802,W,0.3525641025641026,5,120,visa,0.6602564102564102,87.0,0.8205128205128205,0.6153846153846154,mobile,0.3333333333333333,2,0.01282051282051282,230.136
581,137,13665.986,R,0.26277372262773724,4,90,visa,0.6496350364963503,87.0,0.7518248175182481,0.708029197080292,mobile,0.36496350364963503,9,0.06569343065693431,612.952
582,69,5444.311,R,0.30434782608695654,5,55,visa,0.6811594202898551,87.0,0.7681159420289855,0.7971014492753623,mobile,0.43478260869565216,0,0.0,
583,43,4117.825,W,0.3488372093023256,5,36,visa,0.7209302325581395,87.0,0.8837209302325582,0.6511627906976745,mobile,0.3488372093023256,3,0.06976744186046512,190.73199999999997
584,27,2220.578,W,0.37037037037037035,4,22,visa,0.8518518518518519,87.0,0.8888888888888888,0.6296296296296297,desktop,0.37037037037037035,0,0.0,
585,18,1557.026,W,0.3888888888888889,4,15,visa,0.6666666666666666,87.0,0.7222222222222222,0.5555555555555556,mobile,0.2777777777777778,0,0.0,
586,21,3196.0009999999997,H,0.3333333333333333,4,19,visa,0.6190476190476191,87.0,0.9047619047619048,0.6190476190476191,mobile,0.3333333333333333,2,0.09523809523809523,76.051
587,37,5031.505,R,0.43243243243243246,5,32,visa,0.5945945945945946,87.0,0.918918918918919,0.6756756756756757,desktop,0.4594594594594595,5,0.13513513513513514,1971.0
588,64,5244.823,W,0.421875,5,49,visa,0.71875,87.0,0.921875,0.578125,desktop,0.375,0,0.0,
589,134,14737.815,W,0.3582089552238806,5,102,visa,0.6716417910447762,87.0,0.9253731343283582,0.6268656716417911,desktop,0.41044776119402987,3,0.022388059701492536,729.0
590,250,29427.091,W,0.392,5,159,visa,0.684,87.0,0.912,0.6,desktop,0.348,1,0.004,335.0
591,317,32474.562,R,0.38485804416403785,5,193,visa,0.5930599369085173,87.0,0.8958990536277602,0.6056782334384858,desktop,0.35646687697160884,3,0.00946372239747634,514.082
592,403,38877.479999999996,R,0.3573200992555831,5,233,visa,0.6575682382133995,87.0,0.8486352357320099,0.6947890818858561,desktop,0.40694789081885857,4,0.009925558312655087,419.746
593,451,51811.94500000001,R,0.31929046563192903,5,274,visa,0.6629711751662971,87.0,0.9024390243902439,0.6319290465631929,desktop,0.3614190687361419,1,0.0022172949002217295,250.0
594,472,50812.574,W,0.3707627118644068,5,289,visa,0.6546610169491526,87.0,0.9152542372881356,0.5953389830508474,desktop,0.3834745762711864,3,0.006355932203389831,833.681
595,487,55171.124,W,0.37782340862423,5,277,visa,0.6632443531827515,87.0,0.9240246406570842,0.5913757700205339,desktop,0.3470225872689938,5,0.01026694045174538,214.47
596,493,54283.378,R,0.3103448275862069,5,254,visa,0.6572008113590264,87.0,0.8864097363083164,0.6835699797160243,desktop,0.3935091277890467,8,0.016227180527383367,2065.56
597,480,47905.046,W,0.3416666666666667,5,281,visa,0.70625,87.0,0.8958333333333334,0.6270833333333333,desktop,0.3458333333333333,2,0.004166666666666667,551.0
598,404,44536.171,W,0.3712871287128713,5,240,visa,0.7128712871287128,87.0,0.9108910891089109,0.5915841584158416,desktop,0.35148514851485146,3,0.007425742574257425,811.304
599,434,40316.971999999994,W,0.33410138248847926,5,255,visa,0.684331797235023,87.0,0.8709677419354839,0.6336405529953917,desktop,0.35253456221198154,11,0.02534562211981567,1064.7089999999998
600,360,34756.092000000004,W,0.4111111111111111,5,234,visa,0.6305555555555555,87.0,0.9055555555555556,0.5777777777777777,mobile,0.28888888888888886,3,0.008333333333333333,792.44
601,300,26823.153000000002,W,0.4166666666666667,5,198,visa,0.67,87.0,0.93,0.5766666666666667,mobile,0.32666666666666666,0,0.0,
602,302,25569.998,H,0.32450331125827814,5,190,visa,0.7119205298013245,87.0,0.9403973509933775,0.6688741721854304,desktop,0.34105960264900664,2,0.006622516556291391,80.0
603,276,26334.048000000003,R,0.3442028985507246,5,174,visa,0.717391304347826,87.0,0.9637681159420289,0.7282608695652174,desktop,0.36594202898550726,2,0.007246376811594203,432.95
604,264,27243.050000000003,H,0.3977272727272727,5,153,visa,0.6401515151515151,87.0,0.9204545454545454,0.7840909090909091,desktop,0.4431818181818182,4,0.015151515151515152,394.11199999999997
605,212,20434.876,H,0.46226415094339623,5,141,visa,0.7547169811320755,87.0,0.9575471698113207,0.8018867924528302,mobile,0.41509433962264153,2,0.009433962264150943,76.95
606,165,14197.317000000001,H,0.46060606060606063,5,100,visa,0.7515151515151515,87.0,0.9575757575757575,0.806060606060606,desktop,0.4484848484848485,1,0.006060606060606061,250.0
607,100,9578.218,H,0.5,4,62,visa,0.68,87.0,0.91,0.9,mobile,0.48,1,0.01,40.0
608,65,4963.5,H,0.4153846153846154,5,52,visa,0.6615384615384615,87.0,0.8615384615384616,0.8769230769230769,desktop,0.47692307692307695,0,0.0,
609,28,2188.461,H,0.5,5,25,visa,0.75,87.0,0.8928571428571429,0.8928571428571429,desktop,0.5357142857142857,0,0.0,
610,24,2030.1,H,0.3333333333333333,5,21,visa,0.7083333333333334,87.0,0.875,0.7083333333333334,mobile,0.375,0,0.0,
611,44,4151.22,R,0.38636363636363635,4,40,visa,0.75,87.0,1.0,0.75,mobile,0.4090909090909091,0,0.0,
612,94,7489.3099999999995,R,0.39361702127659576,5,66,visa,0.7553191489361702,87.0,0.9574468085106383,0.8617021276595744,mobile,0.5,1,0.010638297872340425,50.0
613,214,18144.340000000004,H,0.46261682242990654,5,137,visa,0.6822429906542056,87.0,0.9672897196261683,0.8364485981308412,mobile,0.48598130841121495,0,0.0,
614,346,31586.291000000005,H,0.3930635838150289,5,225,visa,0.684971098265896,87.0,0.9710982658959537,0.8121387283236994,mobile,0.4479768786127168,1,0.002890173410404624,171.0
615,357,34177.061,R,0.39775910364145656,5,207,visa,0.6946778711484594,87.0,0.957983193277311,0.7983193277310925,mobile,0.42016806722689076,2,0.0056022408963585435,25.418
616,381,34983.231,R,0.3910761154855643,5,226,visa,0.7060367454068242,87.0,0.9396325459317585,0.7559055118110236,mobile,0.42782152230971127,4,0.010498687664041995,357.95
617,449,44231.454000000005,R,0.34075723830734966,5,247,visa,0.6391982182628062,87.0,0.8685968819599109,0.7015590200445434,mobile,0.37639198218262804,2,0.004454342984409799,111.326
618,347,34713.542,R,0.38328530259365995,5,202,visa,0.5878962536023055,87.0,0.8876080691642652,0.6801152737752162,mobile,0.37752161383285304,4,0.011527377521613832,479.733
619,333,29339.449,R,0.29429429429429427,5,189,visa,0.6726726726726727,87.0,0.8318318318318318,0.6996996996996997,mobile,0.3963963963963964,4,0.012012012012012012,326.689
620,302,26621.97,W,0.31125827814569534,5,170,visa,0.695364238410596,87.0,0.8708609271523179,0.6788079470198676,mobile,0.3841059602649007,2,0.006622516556291391,215.9
621,297,24554.443,W,0.3771043771043771,4,193,visa,0.7104377104377104,87.0,0.8417508417508418,0.5959595959595959,mobile,0.3602693602693603,9,0.030303030303030304,546.7
622,255,20936.851,W,0.35294117647058826,4,159,visa,0.6941176470588235,87.0,0.8117647058823529,0.615686274509804,mobile,0.3411764705882353,4,0.01568627450980392,872.51
623,227,21669.200000000004,W,0.3303964757709251,5,125,visa,0.7312775330396476,87.0,0.775330396475771,0.6079295154185022,mobile,0.3656387665198238,15,0.06607929515418502,741.82
624,204,18403.307,W,0.3627450980392157,5,130,visa,0.7107843137254902,87.0,0.7401960784313726,0.5784313725490197,desktop,0.3382352941176471,6,0.029411764705882353,1133.0210000000002
625,154,15228.451000000001,W,0.3961038961038961,5,112,visa,0.6818181818181818,87.0,0.7922077922077922,0.5584415584415584,mobile,0.2987012987012987,5,0.032467532467532464,714.5640000000001
626,146,12527.983,W,0.4589041095890411,5,98,visa,0.7671232876712328,87.0,0.815068493150685,0.5273972602739726,desktop,0.2671232876712329,3,0.02054794520547945,200.836
627,113,9964.381,W,0.39823008849557523,5,81,visa,0.6460176991150443,87.0,0.7168141592920354,0.5929203539823009,desktop,0.3274336283185841,2,0.017699115044247787,441.0
628,108,8158.679,C,0.4074074074074074,5,73,visa,0.6944444444444444,87.0,0.5833333333333334,0.6481481481481481,mobile,0.4074074074074074,5,0.046296296296296294,269.06899999999996
629,80,5119.822,W,0.3625,5,49,visa,0.775,87.0,0.625,0.6375,mobile,0.4125,3,0.0375,82.32
630,43,3651.6319999999996,W,0.5116279069767442,4,34,visa,0.7209302325581395,87.0,0.8372093023255814,0.4883720930232558,mobile,0.27906976744186046,1,0.023255813953488372,49.0
631,26,1616.976,C,0.4230769230769231,4,22,visa,0.5,87.0,0.5769230769230769,0.5769230769230769,desktop,0.34615384615384615,0,0.0,
632,15,1490.265,W,0.6,3,13,visa,0.6,87.0,0.6666666666666666,0.4,desktop,0.26666666666666666,1,0.06666666666666667,117.0
633,15,1188.207,C,0.4,4,14,visa,0.5333333333333333,87.0,0.6,0.7333333333333333,mobile,0.6,5,0.3333333333333333,517.704
634,12,1689.9,W,0.8333333333333334,3,11,visa,0.8333333333333334,87.0,1.0,0.16666666666666666,desktop,0.08333333333333333,0,0.0,
635,23,1984.8310000000001,W,0.5217391304347826,5,19,mastercard,0.4782608695652174,87.0,0.9565217391304348,0.43478260869565216,mobile,0.2608695652173913,0,0.0,
636,41,5529.9169999999995,W,0.6097560975609756,5,34,visa,0.5853658536585366,87.0,0.9024390243902439,0.3902439024390244,mobile,0.2682926829268293,0,0.0,
637,70,11874.593,W,0.5571428571428572,4,52,visa,0.5571428571428572,87.0,0.8142857142857143,0.44285714285714284,desktop,0.2857142857142857,2,0.02857142857142857,489.5
638,143,16167.494,W,0.6433566433566433,5,115,visa,0.6573426573426573,87.0,0.8951048951048951,0.35664335664335667,mobile,0.1888111888111888,5,0.03496503496503497,1077.0
639,197,22840.777,W,0.5583756345177665,5,148,visa,0.649746192893401,87.0,0.8324873096446701,0.40609137055837563,desktop,0.233502538071066,3,0.015228426395939087,226.90300000000002
640,249,37937.523,W,0.5220883534136547,5,177,visa,0.6144578313253012,87.0,0.8273092369477911,0.43373493975903615,desktop,0.24497991967871485,2,0.008032128514056224,1453.0
641,245,29112.365,W,0.5673469387755102,5,173,visa,0.6530612244897959,87.0,0.7755102040816326,0.3877551020408163,desktop,0.22040816326530613,2,0.00816326530612245,205.0
642,273,40092.987,W,0.5860805860805861,5,170,visa,0.6813186813186813,87.0,0.7948717948717948,0.3772893772893773,desktop,0.23809523809523808,4,0.014652014652014652,187.84300000000002
643,307,44193.415,W,0.5504885993485342,5,185,visa,0.6970684039087948,87.0,0.7687296416938111,0.41042345276872966,desktop,0.2182410423452769,5,0.016286644951140065,922.349
644,244,38451.41499999999,W,0.6147540983606558,5,162,visa,0.6352459016393442,87.0,0.8073770491803278,0.3442622950819672,desktop,0.22950819672131148,12,0.04918032786885246,1841.4710000000002
645,271,32657.622,W,0.6531365313653137,5,172,visa,0.6826568265682657,87.0,0.8339483394833949,0.33579335793357934,mobile,0.19557195571955718,3,0.01107011070110701,174.539
646,225,33398.674,W,0.5955555555555555,5,147,visa,0.7155555555555555,87.0,0.7911111111111111,0.36444444444444446,desktop,0.21333333333333335,4,0.017777777777777778,894.371
647,254,34370.2,W,0.6062992125984252,5,190,visa,0.6181102362204725,87.0,0.8228346456692913,0.35039370078740156,desktop,0.18110236220472442,9,0.03543307086614173,1612.6750000000002
648,209,19752.999000000003,W,0.6220095693779905,5,142,visa,0.645933014354067,87.0,0.784688995215311,0.35406698564593303,mobile,0.22009569377990432,4,0.019138755980861243,94.95
649,195,24459.736000000004,W,0.5846153846153846,5,132,visa,0.5948717948717949,87.0,0.7435897435897436,0.38974358974358975,desktop,0.2512820512820513,2,0.010256410256410256,169.5
650,189,17322.586000000003,W,0.5343915343915344,5,130,visa,0.6931216931216931,87.0,0.6984126984126984,0.4603174603174603,desktop,0.25925925925925924,3,0.015873015873015872,677.0
651,132,12487.808,W,0.5075757575757576,5,98,visa,0.6439393939393939,87.0,0.6893939393939394,0.4696969696969697,mobile,0.25,5,0.03787878787878788,530.895
652,98,8542.006000000003,W,0.45918367346938777,4,75,visa,0.6530612244897959,87.0,0.6632653061224489,0.5102040816326531,desktop,0.2857142857142857,0,0.0,
653,73,6623.6140000000005,W,0.4794520547945205,5,42,visa,0.7945205479452054,87.0,0.589041095890411,0.4383561643835616,mobile,0.2602739726027397,8,0.1095890410958904,1122.3899999999999
654,54,5660.495999999999,C,0.42592592592592593,4,38,visa,0.46296296296296297,87.0,0.5740740740740741,0.5555555555555556,desktop,0.3148148148148148,1,0.018518518518518517,300.0
655,42,5220.191,C,0.5714285714285714,3,23,visa,0.6190476190476191,87.0,0.42857142857142855,0.6666666666666666,mobile,0.4523809523809524,3,0.07142857142857142,548.1
656,27,2721.2999999999993,C,0.5555555555555556,3,17,visa,0.7407407407407407,87.0,0.4444444444444444,0.5925925925925926,desktop,0.5555555555555556,0,0.0,
657,14,1184.681,W,0.6428571428571429,3,13,visa,0.7857142857142857,87.0,0.7857142857142857,0.35714285714285715,mobile,0.2857142857142857,0,0.0,
658,17,2390.1499999999996,W,0.7647058823529411,2,13,visa,0.7058823529411765,87.0,1.0,0.23529411764705882,desktop,0.23529411764705882,0,0.0,
659,32,1863.216,W,0.78125,5,28,visa,0.65625,87.0,0.90625,0.21875,mobile,0.125,1,0.03125,113.0
660,55,6853.197,W,0.7454545454545455,5,51,visa,0.6363636363636364,87.0,0.9090909090909091,0.2545454545454545,mobile,0.16363636363636364,0,0.0,
661,91,11244.955000000002,W,0.6703296703296703,5,74,visa,0.6923076923076923,87.0,0.9120879120879121,0.2857142857142857,desktop,0.17582417582417584,1,0.01098901098901099,59.0
662,134,21209.82,W,0.6567164179104478,5,110,visa,0.6492537313432836,87.0,0.8507462686567164,0.34328358208955223,desktop,0.208955223880597,2,0.014925373134328358,326.73299999999995
663,205,24289.716,W,0.6829268292682927,5,141,visa,0.6731707317073171,87.0,0.8536585365853658,0.2780487804878049,desktop,0.21951219512195122,5,0.024390243902439025,1054.281
664,224,28219.061,W,0.6517857142857143,5,172,visa,0.6383928571428571,87.0,0.7946428571428571,0.3080357142857143,desktop,0.20089285714285715,6,0.026785714285714284,843.489
665,283,46274.071,W,0.5865724381625441,5,197,visa,0.6607773851590106,87.0,0.8127208480565371,0.38162544169611307,desktop,0.2332155477031802,9,0.03180212014134275,1257.775
666,268,33647.933,W,0.582089552238806,4,157,visa,0.667910447761194,87.0,0.7388059701492538,0.3843283582089552,desktop,0.20149253731343283,16,0.05970149253731343,2582.8860000000004
667,289,34380.151,W,0.6020761245674741,5,177,visa,0.6470588235294118,87.0,0.754325259515571,0.328719723183391,desktop,0.22837370242214533,16,0.05536332179930796,2598.478
668,269,44570.985,W,0.6059479553903345,5,181,visa,0.6988847583643123,87.0,0.7657992565055762,0.34572490706319703,desktop,0.21561338289962825,1,0.0037174721189591076,171.0
669,235,40369.626000000004,W,0.6595744680851063,5,161,visa,0.6723404255319149,87.0,0.825531914893617,0.28936170212765955,desktop,0.19574468085106383,5,0.02127659574468085,721.255
670,231,37633.936,W,0.670995670995671,5,141,visa,0.6363636363636364,87.0,0.8095238095238095,0.2987012987012987,desktop,0.22943722943722944,8,0.03463203463203463,1195.476
671,219,22783.370000000003,W,0.6575342465753424,5,155,visa,0.639269406392694,87.0,0.7579908675799086,0.3150684931506849,desktop,0.1917808219178082,4,0.0182648401826484,358.836
672,203,29466.199,W,0.6403940886699507,5,140,visa,0.6798029556650246,87.0,0.729064039408867,0.31527093596059114,mobile,0.1625615763546798,13,0.06403940886699508,580.664
673,179,25566.631999999998,W,0.6145251396648045,5,130,visa,0.6927374301675978,87.0,0.7821229050279329,0.37988826815642457,desktop,0.22346368715083798,14,0.0782122905027933,1124.6689999999999
674,156,22063.968999999997,W,0.6217948717948718,5,123,visa,0.6410256410256411,87.0,0.8333333333333334,0.3525641025641026,desktop,0.1858974358974359,3,0.019230769230769232,350.0
675,139,12898.244999999999,W,0.6402877697841727,5,108,visa,0.60431654676259,87.0,0.8273381294964028,0.35251798561151076,mobile,0.20863309352517986,2,0.014388489208633094,200.0
676,91,8939.438999999998,W,0.4725274725274725,4,68,visa,0.6373626373626373,87.0,0.6813186813186813,0.5274725274725275,desktop,0.31868131868131866,9,0.0989010989010989,1018.699
677,87,11144.292999999998,W,0.5172413793103449,5,60,visa,0.6091954022988506,87.0,0.6551724137931034,0.4827586206896552,mobile,0.28735632183908044,13,0.14942528735632185,831.864
678,40,3114.386,W,0.5,4,31,visa,0.6,87.0,0.6,0.5,mobile,0.25,1,0.025,150.0
679,21,2131.645,C,0.5714285714285714,3,15,visa,0.6666666666666666,87.0,0.42857142857142855,0.6666666666666666,desktop,0.3333333333333333,5,0.23809523809523808,1003.3979999999999
680,15,2125.3,W,0.8,3,14,visa,0.6,87.0,1.0,0.2,mobile,0.13333333333333333,2,0.13333333333333333,645.0
681,9,918.3499999999999,W,1.0,1,8,visa,0.5555555555555556,87.0,1.0,0.0,,,2,0.2222222222222222,186.45
682,10,1618.85,W,0.8,3,9,mastercard,0.6,87.0,1.0,0.2,desktop,0.2,1,0.1,445.0
683,22,2111.777,W,0.7272727272727273,4,18,visa,0.8181818181818182,87.0,0.8636363636363636,0.2727272727272727,mobile,0.13636363636363635,0,0.0,
684,44,4114.5019999999995,W,0.6136363636363636,5,35,visa,0.75,87.0,0.9318181818181818,0.38636363636363635,mobile,0.25,0,0.0,
685,103,15379.199000000002,W,0.7572815533980582,5,74,visa,0.7087378640776699,87.0,0.8932038834951457,0.22330097087378642,desktop,0.1553398058252427,6,0.05825242718446602,1539.5659999999998
686,130,17319.708,W,0.676923076923077,5,91,visa,0.6692307692307692,87.0,0.8923076923076924,0.3230769230769231,desktop,0.23846153846153847,2,0.015384615384615385,500.0
687,161,22392.387000000002,W,0.6273291925465838,5,122,visa,0.5962732919254659,87.0,0.8944099378881988,0.34782608695652173,desktop,0.2422360248447205,2,0.012422360248447204,64.946
688,204,32624.396000000004,W,0.7205882352941176,5,131,visa,0.6176470588235294,87.0,0.8431372549019608,0.25,desktop,0.18137254901960784,13,0.06372549019607843,2234.308
689,253,46953.013999999996,W,0.6403162055335968,5,165,visa,0.6600790513833992,87.0,0.7905138339920948,0.2924901185770751,desktop,0.22529644268774704,12,0.04743083003952569,1540.362
690,266,39511.847,W,0.6353383458646616,5,173,visa,0.5902255639097744,87.0,0.8157894736842105,0.31954887218045114,desktop,0.21428571428571427,12,0.045112781954887216,1778.3380000000002
691,247,36734.214,W,0.6194331983805668,5,151,visa,0.5668016194331984,87.0,0.8016194331983806,0.3441295546558704,desktop,0.27530364372469635,5,0.020242914979757085,282.34499999999997
692,250,35490.895000000004,W,0.616,5,157,visa,0.676,87.0,0.78,0.352,desktop,0.248,14,0.056,2388.0
693,274,43087.93600000001,W,0.5912408759124088,5,166,visa,0.635036496350365,87.0,0.791970802919708,0.3686131386861314,desktop,0.2664233576642336,8,0.029197080291970802,1530.387
694,200,23264.193,W,0.655,4,132,visa,0.71,87.0,0.805,0.31,desktop,0.22,4,0.02,2468.0
695,228,31168.879999999997,W,0.6535087719298246,5,158,visa,0.7017543859649122,87.0,0.7894736842105263,0.2982456140350877,desktop,0.21052631578947367,7,0.03070175438596491,1505.334
696,192,31040.541999999998,W,0.671875,4,136,visa,0.6510416666666666,87.0,0.8020833333333334,0.2864583333333333,desktop,0.15104166666666666,4,0.020833333333333332,1621.67
697,183,19008.863,W,0.6830601092896175,4,127,visa,0.639344262295082,87.0,0.7868852459016393,0.29508196721311475,desktop,0.17486338797814208,10,0.0546448087431694,2353.9
698,130,15386.6,W,0.5769230769230769,5,103,visa,0.6076923076923076,87.0,0.8153846153846154,0.4230769230769231,desktop,0.2692307692307692,7,0.05384615384615385,1398.2199999999998
699,144,13322.466,W,0.5486111111111112,4,91,visa,0.6736111111111112,87.0,0.6805555555555556,0.4444444444444444,desktop,0.2777777777777778,4,0.027777777777777776,279.973
700,93,8000.998,W,0.3978494623655914,5,63,visa,0.6344086021505376,87.0,0.7096774193548387,0.6021505376344086,desktop,0.3655913978494624,5,0.053763440860215055,267.0
701,96,11556.445,W,0.46875,4,68,visa,0.7395833333333334,87.0,0.65625,0.53125,desktop,0.2916666666666667,5,0.052083333333333336,205.449
702,69,10839.706000000002,W,0.6956521739130435,4,40,visa,0.5362318840579711,87.0,0.7971014492753623,0.2898550724637681,desktop,0.14492753623188406,4,0.057971014492753624,296.80600000000004
703,49,4121.124,W,0.5714285714285714,4,29,mastercard,0.6122448979591837,87.0,0.6938775510204082,0.40816326530612246,mobile,0.30612244897959184,0,0.0,
704,32,2155.265,C,0.5,3,16,visa,0.5,87.0,0.5,0.5625,desktop,0.28125,3,0.09375,517.97
705,23,3104.4119999999994,W,0.6521739130434783,5,15,visa,0.5217391304347826,87.0,0.782608695652174,0.34782608695652173,mobile,0.21739130434782608,1,0.043478260869565216,171.0
706,36,4583.549999999999,W,0.8888888888888888,4,30,visa,0.7222222222222222,87.0,0.9444444444444444,0.1111111111111111,mobile,0.08333333333333333,1,0.027777777777777776,445.0
707,61,7381.902000000001,W,0.819672131147541,4,34,visa,0.6721311475409836,87.0,0.8688524590163934,0.18032786885245902,desktop,0.13114754098360656,2,0.03278688524590164,79.754
708,124,19751.397,W,0.9112903225806451,4,70,visa,0.6612903225806451,87.0,0.9919354838709677,0.08064516129032258,mobile,0.056451612903225805,3,0.024193548387096774,853.95
709,123,18318.945,W,0.8536585365853658,5,87,visa,0.6341463414634146,87.0,0.959349593495935,0.14634146341463414,mobile,0.08943089430894309,2,0.016260162601626018,98.0
710,220,33105.541000000005,W,0.7818181818181819,5,139,visa,0.6181818181818182,87.0,0.9454545454545454,0.21818181818181817,desktop,0.13636363636363635,1,0.004545454545454545,23.95
711,250,41313.365,W,0.716,5,170,visa,0.696,87.0,0.876,0.26,desktop,0.172,5,0.02,717.0
712,327,58727.068,W,0.709480122324159,5,195,visa,0.6391437308868502,87.0,0.8654434250764526,0.2599388379204893,desktop,0.1651376146788991,5,0.01529051987767584,270.499
713,307,44332.367999999995,W,0.749185667752443,5,189,visa,0.6188925081433225,87.0,0.8697068403908795,0.2247557003257329,desktop,0.15960912052117263,6,0.019543973941368076,378.0
714,305,48551.75,W,0.7180327868852459,5,189,visa,0.6327868852459017,87.0,0.8524590163934426,0.2459016393442623,desktop,0.16721311475409836,10,0.03278688524590164,1060.976
715,321,49067.682,W,0.7383177570093458,5,201,visa,0.6635514018691588,87.0,0.8504672897196262,0.23052959501557632,desktop,0.14953271028037382,13,0.040498442367601244,534.3040000000001
716,316,53117.656,W,0.7151898734177216,5,196,visa,0.5854430379746836,87.0,0.8386075949367089,0.26582278481012656,desktop,0.1930379746835443,5,0.015822784810126583,706.864
717,335,50143.155000000006,W,0.7014925373134329,5,201,visa,0.6298507462686567,87.0,0.8417910447761194,0.2746268656716418,desktop,0.16119402985074627,9,0.026865671641791045,1674.796
718,305,49185.135,W,0.7311475409836066,5,187,visa,0.6721311475409836,87.0,0.8590163934426229,0.23278688524590163,desktop,0.1377049180327869,13,0.04262295081967213,2362.462
719,261,33586.038,W,0.6934865900383141,5,166,visa,0.6590038314176245,87.0,0.7931034482758621,0.2681992337164751,desktop,0.15708812260536398,11,0.0421455938697318,636.2959999999999
720,266,50590.819,W,0.6616541353383458,5,167,visa,0.6917293233082706,87.0,0.8383458646616542,0.3157894736842105,desktop,0.16917293233082706,17,0.06390977443609022,2086.032
721,224,33779.662,W,0.7633928571428571,5,144,visa,0.625,87.0,0.875,0.23214285714285715,mobile,0.12053571428571429,11,0.049107142857142856,2534.2969999999996
722,164,21336.342,W,0.6341463414634146,5,114,visa,0.5792682926829268,87.0,0.8048780487804879,0.3597560975609756,mobile,0.2073170731707317,18,0.10975609756097561,1453.4180000000001
723,120,16159.399000000001,W,0.675,5,86,visa,0.75,87.0,0.7583333333333333,0.325,mobile,0.16666666666666666,8,0.06666666666666667,947.2560000000001
724,96,12703.104,W,0.6041666666666666,5,58,visa,0.6354166666666666,87.0,0.6875,0.3958333333333333,mobile,0.28125,19,0.19791666666666666,1547.9599999999998
725,80,7619.39,W,0.45,5,55,visa,0.55,87.0,0.65,0.5375,mobile,0.275,8,0.1,986.93
726,56,5285.005999999999,W,0.5357142857142857,5,38,visa,0.6785714285714286,87.0,0.6071428571428571,0.4642857142857143,mobile,0.30357142857142855,8,0.14285714285714285,1813.392
727,18,1070.91,W,0.3888888888888889,3,14,visa,0.6111111111111112,87.0,0.6666666666666666,0.6111111111111112,mobile,0.5555555555555556,3,0.16666666666666666,44.076
728,15,1275.37,W,0.8,3,11,visa,0.8,87.0,1.0,0.2,desktop,0.13333333333333333,2,0.13333333333333333,417.0
729,16,1783.6580000000001,W,0.5,5,14,visa,0.6875,87.0,0.8125,0.5,desktop,0.3125,4,0.25,649.4380000000001
730,10,881.672,W,0.7,3,9,mastercard,0.6,87.0,0.9,0.3,desktop,0.2,1,0.1,159.95
731,10,1263.9959999999999,W,0.9,2,9,visa,0.6,87.0,0.9,0.1,mobile,0.1,0,0.0,
732,21,3352.902,W,0.5714285714285714,5,19,visa,0.8095238095238095,87.0,0.9047619047619048,0.42857142857142855,mobile,0.3333333333333333,1,0.047619047619047616,25.0
733,76,17213.536,W,0.7763157894736842,5,61,visa,0.7105263157894737,87.0,0.9342105263157895,0.2236842105263158,desktop,0.11842105263157894,0,0.0,
734,115,17747.854000000003,W,0.808695652173913,5,97,visa,0.7565217391304347,87.0,0.9217391304347826,0.19130434782608696,desktop,0.12173913043478261,7,0.06086956521739131,1376.0
735,178,28005.614999999998,W,0.7640449438202247,5,133,visa,0.6292134831460674,87.0,0.8820224719101124,0.2247191011235955,mobile,0.1348314606741573,11,0.06179775280898876,2395.244
736,203,23336.403000000002,W,0.6699507389162561,5,151,visa,0.6305418719211823,87.0,0.8423645320197044,0.30049261083743845,mobile,0.18226600985221675,2,0.009852216748768473,518.656
737,239,37495.494999999995,W,0.6903765690376569,5,171,visa,0.6652719665271967,87.0,0.895397489539749,0.2803347280334728,desktop,0.15481171548117154,3,0.012552301255230125,347.95
738,244,31896.169,W,0.7295081967213115,5,174,visa,0.6311475409836066,87.0,0.8934426229508197,0.25,desktop,0.12704918032786885,3,0.012295081967213115,360.5
739,290,44234.199,W,0.7448275862068966,5,178,visa,0.6517241379310345,87.0,0.8931034482758621,0.2413793103448276,mobile,0.13448275862068965,2,0.006896551724137931,335.95
740,243,39534.431,W,0.7366255144032922,5,162,visa,0.6460905349794238,87.0,0.8641975308641975,0.24279835390946503,mobile,0.13580246913580246,9,0.037037037037037035,2466.0119999999997
741,252,33693.029,W,0.8015873015873016,4,162,visa,0.6388888888888888,87.0,0.9206349206349206,0.1865079365079365,mobile,0.12301587301587301,3,0.011904761904761904,242.95
742,213,23354.188000000002,W,0.704225352112676,4,146,visa,0.6619718309859155,87.0,0.8450704225352113,0.27230046948356806,desktop,0.14084507042253522,10,0.046948356807511735,649.003
743,222,22493.704,W,0.7432432432432432,5,147,visa,0.5990990990990991,87.0,0.8243243243243243,0.21621621621621623,mobile,0.14414414414414414,8,0.036036036036036036,750.906
744,208,18268.557999999997,W,0.7067307692307693,5,128,visa,0.6826923076923077,87.0,0.7932692307692307,0.24519230769230768,desktop,0.12980769230769232,10,0.04807692307692308,655.773
745,186,21293.151,W,0.7526881720430108,5,123,visa,0.6505376344086021,87.0,0.8333333333333334,0.24731182795698925,mobile,0.13978494623655913,10,0.053763440860215055,1970.834
746,134,12409.758999999998,W,0.7164179104477612,5,101,visa,0.6194029850746269,87.0,0.835820895522388,0.27611940298507465,mobile,0.1417910447761194,4,0.029850746268656716,173.5
747,125,15149.352,W,0.6,5,77,visa,0.744,87.0,0.808,0.376,mobile,0.232,15,0.12,3583.039
748,86,8935.548000000003,W,0.5697674418604651,5,64,visa,0.6395348837209303,87.0,0.7441860465116279,0.43023255813953487,desktop,0.23255813953488372,12,0.13953488372093023,1377.6760000000002
749,69,6255.134,W,0.4927536231884058,4,51,visa,0.7391304347826086,87.0,0.6811594202898551,0.5072463768115942,desktop,0.2898550724637681,3,0.043478260869565216,78.704
750,44,6643.302,C,0.4318181818181818,4,37,visa,0.5909090909090909,87.0,0.5681818181818182,0.6136363636363636,desktop,0.3181818181818182,13,0.29545454545454547,296.05
751,31,2163.922,W,0.4838709677419355,5,22,visa,0.6774193548387096,87.0,0.7419354838709677,0.5161290322580645,desktop,0.2903225806451613,4,0.12903225806451613,177.93599999999998
752,17,1638.696,W,0.47058823529411764,4,17,visa,0.6470588235294118,87.0,0.7647058823529411,0.5294117647058824,mobile,0.4117647058823529,3,0.17647058823529413,23.787
753,21,3572.604,W,0.6190476190476191,4,18,visa,0.7619047619047619,87.0,0.7142857142857143,0.38095238095238093,desktop,0.3333333333333333,7,0.3333333333333333,2328.904
754,15,1092.9150000000002,W,0.7333333333333333,3,14,visa,0.7333333333333333,87.0,0.8666666666666667,0.26666666666666666,desktop,0.2,1,0.06666666666666667,44.0
755,19,1515.266,W,0.47368421052631576,5,17,visa,0.5263157894736842,87.0,0.7368421052631579,0.5263157894736842,desktop,0.2631578947368421,2,0.10526315789473684,73.611
756,22,4272.885,W,0.9090909090909091,2,21,visa,0.6363636363636364,87.0,0.9090909090909091,0.09090909090909091,desktop,0.045454545454545456,3,0.13636363636363635,291.95
757,47,5734.305,W,0.7659574468085106,4,41,visa,0.574468085106383,87.0,0.851063829787234,0.23404255319148937,desktop,0.14893617021276595,0,0.0,
758,80,8298.882,W,0.8125,5,56,visa,0.6875,87.0,0.9,0.1875,mobile,0.15,1,0.0125,159.95
759,129,15207.338,W,0.6976744186046512,5,94,visa,0.6666666666666666,87.0,0.8294573643410853,0.29457364341085274,mobile,0.1937984496124031,3,0.023255813953488372,1079.356
760,169,16292.697,W,0.7041420118343196,5,120,visa,0.6094674556213018,87.0,0.8520710059171598,0.23076923076923078,desktop,0.13609467455621302,5,0.029585798816568046,229.47400000000002
761,195,22145.321999999996,W,0.7128205128205128,5,141,visa,0.6615384615384615,87.0,0.8205128205128205,0.27692307692307694,mobile,0.14358974358974358,10,0.05128205128205128,791.5809999999999
762,228,22920.458,W,0.7543859649122807,5,161,visa,0.6535087719298246,87.0,0.8728070175438597,0.2412280701754386,desktop,0.13596491228070176,4,0.017543859649122806,237.95
763,249,29573.671000000002,W,0.7228915662650602,5,153,visa,0.6546184738955824,87.0,0.8795180722891566,0.2570281124497992,desktop,0.13654618473895583,4,0.01606425702811245,509.0
764,217,26564.558000000005,W,0.7465437788018433,5,157,visa,0.6175115207373272,87.0,0.8894009216589862,0.2350230414746544,mobile,0.11981566820276497,3,0.013824884792626729,833.938
765,229,34257.485,W,0.7860262008733624,5,155,visa,0.6681222707423581,87.0,0.9213973799126638,0.18340611353711792,mobile,0.10043668122270742,14,0.0611353711790393,1755.489
766,260,29548.297000000002,W,0.8153846153846154,5,180,visa,0.6884615384615385,87.0,0.8846153846153846,0.17692307692307693,mobile,0.11538461538461539,17,0.06538461538461539,2001.438
767,202,26158.969000000005,W,0.7673267326732673,4,129,visa,0.7227722772277227,87.0,0.8910891089108911,0.21287128712871287,desktop,0.11386138613861387,1,0.0049504950495049506,150.0
768,156,18163.017,W,0.7564102564102564,5,106,visa,0.6217948717948718,87.0,0.9102564102564102,0.24358974358974358,mobile,0.16025641025641027,0,0.0,
769,149,13081.216,W,0.738255033557047,5,109,visa,0.7516778523489933,87.0,0.8859060402684564,0.2348993288590604,mobile,0.14093959731543623,3,0.020134228187919462,153.387
770,105,9873.626,W,0.7238095238095238,5,77,visa,0.6666666666666666,87.0,0.8857142857142857,0.2761904761904762,mobile,0.1619047619047619,5,0.047619047619047616,256.128
771,78,12715.283000000003,W,0.7564102564102564,4,66,visa,0.5512820512820513,87.0,0.8846153846153846,0.23076923076923078,mobile,0.1282051282051282,1,0.01282051282051282,44.0
772,62,6455.6089999999995,W,0.6612903225806451,5,53,visa,0.7258064516129032,87.0,0.8870967741935484,0.3387096774193548,mobile,0.24193548387096775,0,0.0,
773,37,6938.191,W,0.5405405405405406,4,31,visa,0.7027027027027027,87.0,0.8648648648648649,0.43243243243243246,mobile,0.2702702702702703,0,0.0,
774,31,5402.812000000001,W,0.5483870967741935,4,26,visa,0.8064516129032258,87.0,0.9032258064516129,0.45161290322580644,mobile,0.22580645161290322,3,0.0967741935483871,708.95
775,19,3332.3020000000006,W,0.7368421052631579,3,15,visa,0.9473684210526315,87.0,0.7894736842105263,0.2631578947368421,mobile,0.21052631578947367,7,0.3684210526315789,791.8340000000001
776,15,1380.2970000000003,W,0.6666666666666666,3,13,visa,0.6,87.0,0.7333333333333333,0.3333333333333333,mobile,0.26666666666666666,2,0.13333333333333333,336.0
777,13,972.372,W,0.6153846153846154,2,10,visa,0.6923076923076923,87.0,0.6153846153846154,0.38461538461538464,mobile,0.3076923076923077,0,0.0,
778,9,675.287,W,0.5555555555555556,3,7,mastercard,0.6666666666666666,87.0,0.6666666666666666,0.4444444444444444,desktop,0.3333333333333333,0,0.0,
779,20,2111.514,W,0.75,3,18,visa,0.7,87.0,0.85,0.25,mobile,0.15,1,0.05,171.0
780,18,2029.324,W,0.9444444444444444,2,16,visa,0.6111111111111112,87.0,0.9444444444444444,0.05555555555555555,desktop,0.05555555555555555,0,0.0,
781,38,4313.2480000000005,W,0.868421052631579,3,28,mastercard,0.5526315789473685,87.0,0.9210526315789473,0.13157894736842105,mobile,0.07894736842105263,0,0.0,
782,62,6821.843,W,0.8225806451612904,5,47,mastercard,0.4838709677419355,87.0,0.9354838709677419,0.16129032258064516,mobile,0.0967741935483871,0,0.0,
783,97,8891.834,W,0.8144329896907216,3,82,visa,0.6907216494845361,87.0,0.8247422680412371,0.17525773195876287,mobile,0.13402061855670103,0,0.0,
784,126,16500.117000000002,W,0.7063492063492064,4,97,visa,0.6904761904761905,87.0,0.8412698412698413,0.25396825396825395,desktop,0.12698412698412698,5,0.03968253968253968,562.0
785,176,17816.069000000003,W,0.7954545454545454,5,120,visa,0.5681818181818182,87.0,0.8920454545454546,0.18181818181818182,mobile,0.10795454545454546,3,0.017045454545454544,758.95
786,199,21000.747000000003,W,0.8090452261306532,5,142,visa,0.6633165829145728,87.0,0.8542713567839196,0.1658291457286432,mobile,0.12060301507537688,6,0.03015075376884422,415.10699999999997
787,176,17662.721,W,0.6647727272727273,5,120,visa,0.7045454545454546,87.0,0.7556818181818182,0.29545454545454547,mobile,0.17613636363636365,4,0.022727272727272728,703.284
788,204,19640.568000000003,W,0.7450980392156863,5,130,visa,0.6862745098039216,87.0,0.8725490196078431,0.24509803921568626,desktop,0.12745098039215685,7,0.03431372549019608,1159.95
789,228,26320.33,W,0.7631578947368421,5,142,visa,0.7280701754385965,87.0,0.881578947368421,0.22807017543859648,desktop,0.11403508771929824,4,0.017543859649122806,416.84000000000003
790,175,17544.287000000004,W,0.7942857142857143,5,121,visa,0.6171428571428571,87.0,0.8742857142857143,0.18857142857142858,desktop,0.09714285714285714,0,0.0,
791,194,17922.139000000003,W,0.7731958762886598,5,138,visa,0.6701030927835051,87.0,0.8711340206185567,0.20103092783505155,desktop,0.10824742268041238,0,0.0,
792,169,17560.684,W,0.7988165680473372,5,123,visa,0.6686390532544378,87.0,0.9053254437869822,0.1893491124260355,mobile,0.11242603550295859,9,0.05325443786982249,1027.0
793,175,14485.741999999998,W,0.7428571428571429,4,127,visa,0.6971428571428572,87.0,0.84,0.25142857142857145,mobile,0.14857142857142858,6,0.03428571428571429,872.759
794,151,12332.536,W,0.6887417218543046,5,107,visa,0.7152317880794702,87.0,0.8211920529801324,0.2980132450331126,mobile,0.16556291390728478,10,0.06622516556291391,567.126
795,112,13129.030999999999,W,0.6785714285714286,4,84,visa,0.7053571428571429,87.0,0.7767857142857143,0.32142857142857145,mobile,0.22321428571428573,6,0.05357142857142857,1337.865
796,110,10517.593,W,0.5636363636363636,4,88,visa,0.6181818181818182,87.0,0.6818181818181818,0.43636363636363634,desktop,0.2636363636363636,17,0.15454545454545454,1907.231
797,52,3980.6999999999994,W,0.6346153846153846,3,48,visa,0.5769230769230769,87.0,0.7692307692307693,0.36538461538461536,mobile,0.28846153846153844,2,0.038461538461538464,300.0
798,33,2300.602,W,0.6060606060606061,4,29,visa,0.6666666666666666,87.0,0.7272727272727273,0.3939393939393939,desktop,0.24242424242424243,2,0.06060606060606061,100.0
799,24,1551.607,W,0.7083333333333334,3,23,visa,0.7083333333333334,87.0,0.7916666666666666,0.2916666666666667,mobile,0.16666666666666666,0,0.0,
800,16,1848.278,W,0.8125,3,14,visa,0.875,87.0,0.875,0.1875,mobile,0.125,0,0.0,
801,10,688.8530000000001,H,0.6,3,6,visa,1.0,87.0,0.9,0.7,desktop,0.5,5,0.5,200.0
802,5,1598.9,W,1.0,1,5,visa,0.8,87.0,1.0,0.0,,,0,0.0,
803,21,2676.8899999999994,W,0.9523809523809523,2,21,visa,0.6666666666666666,87.0,1.0,0.047619047619047616,mobile,0.047619047619047616,0,0.0,
804,53,6819.171,W,0.8113207547169812,5,48,visa,0.6226415094339622,87.0,0.9433962264150944,0.18867924528301888,mobile,0.09433962264150944,0,0.0,
805,116,13703.984000000004,W,0.8620689655172413,5,92,visa,0.6896551724137931,87.0,0.9741379310344828,0.13793103448275862,desktop,0.07758620689655173,2,0.017241379310344827,572.539
806,133,18084.403,W,0.8045112781954887,5,96,visa,0.6390977443609023,87.0,0.9172932330827067,0.18796992481203006,desktop,0.11278195488721804,3,0.022556390977443608,74.0
807,174,25640.081000000002,W,0.7701149425287356,5,131,visa,0.6839080459770115,87.0,0.9080459770114943,0.22413793103448276,desktop,0.15517241379310345,6,0.034482758620689655,360.456
808,236,39807.061,W,0.8432203389830508,5,162,visa,0.652542372881356,87.0,0.9152542372881356,0.13135593220338984,desktop,0.09322033898305085,7,0.029661016949152543,610.37
809,241,29162.035000000003,W,0.7883817427385892,5,174,visa,0.6348547717842323,87.0,0.8672199170124482,0.15767634854771784,desktop,0.08713692946058091,5,0.02074688796680498,1529.0
810,243,30151.748,W,0.8024691358024691,5,168,visa,0.6831275720164609,87.0,0.8806584362139918,0.1646090534979424,desktop,0.102880658436214,2,0.00823045267489712,114.95
811,281,41977.90699999999,W,0.7224199288256228,5,183,visa,0.6476868327402135,87.0,0.8291814946619217,0.2491103202846975,desktop,0.14590747330960854,9,0.03202846975088968,3108.142
812,285,54628.58700000001,W,0.7894736842105263,5,197,visa,0.6736842105263158,87.0,0.8596491228070176,0.19298245614035087,desktop,0.10526315789473684,9,0.031578947368421054,1984.005
813,281,38512.645,W,0.7259786476868327,5,191,visa,0.6548042704626335,87.0,0.8078291814946619,0.2597864768683274,desktop,0.1423487544483986,6,0.021352313167259787,591.655
814,234,39680.107,W,0.7777777777777778,5,156,visa,0.6410256410256411,87.0,0.8547008547008547,0.2094017094017094,desktop,0.15384615384615385,6,0.02564102564102564,1279.088
815,248,32535.38,W,0.75,5,170,visa,0.6129032258064516,87.0,0.8185483870967742,0.22983870967741934,desktop,0.11693548387096774,11,0.04435483870967742,2087.049
816,231,29035.744000000002,W,0.8354978354978355,5,171,visa,0.6623376623376623,87.0,0.9004329004329005,0.15151515151515152,mobile,0.08225108225108226,6,0.025974025974025976,1472.088
817,215,28777.137,W,0.7906976744186046,5,137,visa,0.627906976744186,87.0,0.8744186046511628,0.19069767441860466,desktop,0.09767441860465116,4,0.018604651162790697,1452.012
818,184,22346.019,W,0.7771739130434783,5,130,visa,0.717391304347826,87.0,0.8315217391304348,0.21739130434782608,mobile,0.125,8,0.043478260869565216,822.768
819,128,14953.856,W,0.7890625,5,90,visa,0.640625,87.0,0.890625,0.203125,mobile,0.125,2,0.015625,900.0
820,111,10882.601999999999,W,0.6306306306306306,5,80,visa,0.8018018018018018,87.0,0.7027027027027027,0.36936936936936937,mobile,0.25225225225225223,13,0.11711711711711711,334.0400000000001
821,67,6935.754999999999,W,0.6119402985074627,4,49,visa,0.6865671641791045,87.0,0.6417910447761194,0.3880597014925373,desktop,0.2537313432835821,6,0.08955223880597014,236.92999999999998
822,84,6599.398999999999,W,0.6666666666666666,4,37,mastercard,0.5238095238095238,87.0,0.7380952380952381,0.3333333333333333,mobile,0.27380952380952384,15,0.17857142857142858,561.3360000000001
823,67,8189.968,W,0.6417910447761194,2,35,visa,0.5373134328358209,87.0,0.6417910447761194,0.3582089552238806,mobile,0.208955223880597,10,0.14925373134328357,378.17499999999995
824,25,2647.315,W,0.8,2,20,visa,0.64,87.0,0.8,0.2,desktop,0.12,1,0.04,32.356
825,34,4585.276,W,0.8823529411764706,3,17,mastercard,0.6470588235294118,87.0,0.9117647058823529,0.11764705882352941,mobile,0.08823529411764706,4,0.11764705882352941,667.006
826,43,7665.677999999999,W,0.9534883720930233,3,31,visa,0.6511627906976745,87.0,0.9767441860465116,0.046511627906976744,desktop,0.023255813953488372,2,0.046511627906976744,604.0
827,45,4542.069999999999,W,0.9777777777777777,2,34,mastercard,0.5555555555555556,87.0,1.0,0.022222222222222223,mobile,0.022222222222222223,0,0.0,
828,90,10024.102,W,0.9666666666666667,3,55,visa,0.5333333333333333,87.0,0.9777777777777777,0.03333333333333333,desktop,0.03333333333333333,2,0.022222222222222223,608.5
829,156,21375.802000000003,W,0.9166666666666666,4,100,visa,0.5192307692307693,87.0,0.9551282051282052,0.08333333333333333,desktop,0.04487179487179487,5,0.03205128205128205,1376.112
830,207,25715.540000000008,W,0.9178743961352657,5,124,visa,0.5120772946859904,87.0,0.9565217391304348,0.07729468599033816,desktop,0.04830917874396135,3,0.014492753623188406,795.0
831,285,42075.533,W,0.8631578947368421,5,175,visa,0.5859649122807018,87.0,0.9263157894736842,0.11578947368421053,desktop,0.08070175438596491,6,0.021052631578947368,1692.0
832,266,35840.490000000005,W,0.849624060150376,5,165,visa,0.650375939849624,87.0,0.8984962406015038,0.13533834586466165,desktop,0.09398496240601503,10,0.03759398496240601,381.072
833,289,44036.227,W,0.8200692041522492,5,183,visa,0.6851211072664359,87.0,0.8823529411764706,0.1384083044982699,desktop,0.08996539792387544,7,0.02422145328719723,1241.44
834,300,49616.77900000001,W,0.85,5,188,visa,0.6166666666666667,87.0,0.91,0.14666666666666667,mobile,0.07666666666666666,10,0.03333333333333333,2151.1
835,290,39876.585999999996,W,0.8275862068965517,5,181,visa,0.6068965517241379,87.0,0.8931034482758621,0.12413793103448276,desktop,0.08275862068965517,6,0.020689655172413793,886.7370000000001
836,288,37605.757,W,0.78125,5,192,visa,0.6180555555555556,87.0,0.8819444444444444,0.19791666666666666,desktop,0.1388888888888889,16,0.05555555555555555,1354.733
837,303,49153.05500000001,W,0.8481848184818482,5,193,visa,0.6105610561056105,87.0,0.9174917491749175,0.12871287128712872,desktop,0.07260726072607261,7,0.0231023102310231,2357.99
838,285,47275.784,W,0.8491228070175438,5,184,visa,0.6035087719298246,87.0,0.9052631578947369,0.12631578947368421,desktop,0.06315789473684211,7,0.02456140350877193,1159.0
839,271,35687.76000000001,W,0.8302583025830258,5,179,visa,0.5940959409594095,87.0,0.9114391143911439,0.16236162361623616,desktop,0.08118081180811808,9,0.033210332103321034,1300.805
840,302,40501.600000000006,W,0.8079470198675497,5,182,visa,0.6456953642384106,87.0,0.8642384105960265,0.18543046357615894,desktop,0.10596026490066225,12,0.039735099337748346,2351.588
841,275,34752.994,W,0.7745454545454545,5,179,visa,0.5890909090909091,87.0,0.8690909090909091,0.21818181818181817,desktop,0.12363636363636364,12,0.04363636363636364,2291.101
842,192,18202.203,W,0.8177083333333334,5,116,visa,0.59375,87.0,0.8697916666666666,0.18229166666666666,desktop,0.14583333333333334,2,0.010416666666666666,575.0
843,138,15076.382,W,0.7971014492753623,5,96,visa,0.6884057971014492,87.0,0.8695652173913043,0.2028985507246377,desktop,0.13043478260869565,4,0.028985507246376812,344.02700000000004
844,90,6798.519000000001,W,0.6333333333333333,4,68,visa,0.6222222222222222,87.0,0.7222222222222222,0.36666666666666664,desktop,0.2111111111111111,14,0.15555555555555556,619.238
845,73,6288.737,W,0.5342465753424658,4,51,visa,0.6712328767123288,87.0,0.5616438356164384,0.4383561643835616,desktop,0.2602739726027397,8,0.1095890410958904,225.212
846,30,3636.9179999999997,W,0.8333333333333334,2,27,visa,0.8,87.0,0.8333333333333334,0.16666666666666666,desktop,0.1,1,0.03333333333333333,59.0
847,21,1666.3150000000003,W,0.8571428571428571,2,18,visa,0.6666666666666666,87.0,0.8571428571428571,0.14285714285714285,desktop,0.09523809523809523,1,0.047619047619047616,68.211
848,18,1873.8020000000001,W,0.5555555555555556,3,14,visa,0.6111111111111112,87.0,0.6111111111111112,0.3888888888888889,mobile,0.3333333333333333,1,0.05555555555555555,13.992
849,14,1476.46,W,1.0,1,11,visa,0.7142857142857143,87.0,1.0,0.0,,,0,0.0,
850,14,1089.157,W,0.9285714285714286,2,13,visa,0.6428571428571429,87.0,0.9285714285714286,0.07142857142857142,desktop,0.07142857142857142,0,0.0,
851,29,3269.5370000000003,W,0.6896551724137931,3,23,visa,0.5172413793103449,87.0,0.9655172413793104,0.3103448275862069,desktop,0.27586206896551724,0,0.0,
852,64,11784.390000000001,W,0.8125,4,53,visa,0.640625,87.0,1.0,0.1875,mobile,0.109375,6,0.09375,1934.0
853,122,16527.194,W,0.8934426229508197,5,92,visa,0.639344262295082,87.0,0.9590163934426229,0.10655737704918032,desktop,0.05737704918032787,1,0.00819672131147541,50.0
854,163,17038.393,W,0.7914110429447853,5,122,visa,0.6073619631901841,87.0,0.8588957055214724,0.2085889570552147,desktop,0.1165644171779141,1,0.006134969325153374,16.674
855,191,29810.709000000003,W,0.8324607329842932,4,135,visa,0.6544502617801047,87.0,0.9057591623036649,0.1518324607329843,desktop,0.09947643979057591,1,0.005235602094240838,151.0
856,257,38013.266,W,0.8015564202334631,5,172,visa,0.6381322957198443,87.0,0.8832684824902723,0.19066147859922178,desktop,0.10505836575875487,5,0.019455252918287938,107.97
857,280,45525.926999999996,W,0.7785714285714286,5,173,visa,0.6285714285714286,87.0,0.8857142857142857,0.18571428571428572,desktop,0.11071428571428571,5,0.017857142857142856,2049.0
858,267,43776.822,W,0.8614232209737828,5,172,visa,0.6292134831460674,87.0,0.9176029962546817,0.11235955056179775,mobile,0.06741573033707865,8,0.0299625468164794,286.674
859,261,35750.386999999995,W,0.7816091954022989,5,179,visa,0.6130268199233716,87.0,0.8467432950191571,0.20306513409961685,desktop,0.13409961685823754,8,0.03065134099616858,728.1800000000001
860,244,29244.381,W,0.7049180327868853,5,155,visa,0.6680327868852459,87.0,0.7868852459016393,0.2459016393442623,desktop,0.1598360655737705,4,0.01639344262295082,216.995
861,288,39591.562000000005,W,0.8055555555555556,5,189,visa,0.6284722222222222,87.0,0.875,0.1423611111111111,desktop,0.09722222222222222,7,0.024305555555555556,1269.019
862,255,33591.07399999999,W,0.807843137254902,5,160,visa,0.6078431372549019,87.0,0.8588235294117647,0.19215686274509805,mobile,0.09803921568627451,3,0.011764705882352941,619.0
863,242,29144.545,W,0.7355371900826446,5,162,visa,0.6652892561983471,87.0,0.859504132231405,0.24793388429752067,desktop,0.16115702479338842,16,0.06611570247933884,1836.992
864,215,26223.891000000003,W,0.7488372093023256,4,152,visa,0.6372093023255814,87.0,0.8046511627906977,0.2186046511627907,desktop,0.12558139534883722,11,0.05116279069767442,1111.292
865,151,17467.244,W,0.7814569536423841,5,108,visa,0.6291390728476821,87.0,0.847682119205298,0.2119205298013245,desktop,0.152317880794702,1,0.006622516556291391,221.99
866,150,18523.877,W,0.7333333333333333,5,105,visa,0.6733333333333333,87.0,0.7933333333333333,0.26666666666666666,mobile,0.18666666666666668,5,0.03333333333333333,957.642
867,105,8415.286,W,0.6571428571428571,5,79,visa,0.6857142857142857,87.0,0.8,0.34285714285714286,desktop,0.18095238095238095,7,0.06666666666666667,625.858
868,85,7699.455,W,0.5529411764705883,5,60,visa,0.5882352941176471,87.0,0.6235294117647059,0.4470588235294118,mobile,0.25882352941176473,3,0.03529411764705882,416.812
869,50,6125.527,W,0.64,5,42,visa,0.66,87.0,0.72,0.36,desktop,0.26,2,0.04,151.0
870,32,2724.634,W,0.65625,4,27,visa,0.6875,87.0,0.75,0.3125,mobile,0.21875,4,0.125,750.818
871,24,2740.1800000000003,W,0.5416666666666666,4,19,visa,0.5416666666666666,87.0,0.7916666666666666,0.4583333333333333,mobile,0.25,4,0.16666666666666666,90.483
872,23,1982.1320000000003,W,0.6086956521739131,2,16,mastercard,0.5217391304347826,87.0,0.6086956521739131,0.391304347826087,mobile,0.391304347826087,8,0.34782608695652173,500.552
873,17,2102.474,W,0.8823529411764706,2,15,visa,0.6470588235294118,87.0,0.8823529411764706,0.11764705882352941,mobile,0.11764705882352941,3,0.17647058823529413,247.92399999999998
874,24,4070.575,W,0.7083333333333334,4,20,visa,0.5416666666666666,87.0,0.8333333333333334,0.2916666666666667,desktop,0.25,4,0.16666666666666666,1291.462
875,36,6062.026,W,0.6666666666666666,4,27,mastercard,0.5555555555555556,87.0,0.7222222222222222,0.3333333333333333,desktop,0.2777777777777778,0,0.0,
876,56,8423.207,W,0.875,5,47,visa,0.6428571428571429,87.0,0.9285714285714286,0.125,mobile,0.07142857142857142,2,0.03571428571428571,125.462
877,94,10882.309000000001,W,0.8723404255319149,5,77,visa,0.5638297872340425,87.0,0.9574468085106383,0.11702127659574468,desktop,0.0851063829787234,1,0.010638297872340425,107.95
878,152,24279.188000000002,W,0.7960526315789473,5,116,visa,0.6973684210526315,87.0,0.9144736842105263,0.19736842105263158,desktop,0.1118421052631579,7,0.046052631578947366,1379.312
879,205,30813.419,W,0.8146341463414634,5,147,visa,0.6585365853658537,87.0,0.9073170731707317,0.17560975609756097,desktop,0.1024390243902439,6,0.02926829268292683,761.419
880,227,27599.652000000002,W,0.7973568281938326,5,156,visa,0.6651982378854625,87.0,0.9074889867841409,0.18061674008810572,desktop,0.11894273127753303,7,0.030837004405286344,741.0
881,294,44753.15000000001,W,0.7687074829931972,5,179,visa,0.6496598639455783,87.0,0.8435374149659864,0.19727891156462585,desktop,0.12585034013605442,10,0.034013605442176874,3705.768
882,271,41534.361000000004,W,0.7269372693726938,5,189,visa,0.7011070110701108,87.0,0.8523985239852399,0.26199261992619927,desktop,0.18450184501845018,10,0.03690036900369004,524.294
883,290,44310.136,W,0.7689655172413793,5,199,visa,0.6620689655172414,87.0,0.8793103448275862,0.2,desktop,0.11724137931034483,8,0.027586206896551724,1938.845
884,278,42627.725000000006,W,0.7446043165467626,5,180,visa,0.6510791366906474,87.0,0.8812949640287769,0.22661870503597123,desktop,0.12589928057553956,14,0.050359712230215826,2668.696
885,283,45199.11,W,0.7773851590106007,5,181,visa,0.6466431095406361,87.0,0.8833922261484098,0.19081272084805653,desktop,0.13074204946996468,3,0.01060070671378092,219.95
886,259,39648.018,W,0.8108108108108109,5,172,visa,0.6602316602316602,87.0,0.8957528957528957,0.18146718146718147,desktop,0.09652509652509653,7,0.02702702702702703,786.9
887,250,34100.486,W,0.836,5,166,visa,0.66,87.0,0.932,0.152,desktop,0.084,8,0.032,1634.0
888,216,28837.791999999998,W,0.8518518518518519,5,146,visa,0.6203703703703703,87.0,0.9212962962962963,0.13425925925925927,mobile,0.10185185185185185,5,0.023148148148148147,828.0
889,210,25763.007000000005,W,0.7761904761904762,5,139,visa,0.6523809523809524,87.0,0.8333333333333334,0.21904761904761905,mobile,0.11904761904761904,6,0.02857142857142857,941.5009999999999
890,156,19269.401,W,0.7307692307692307,5,110,visa,0.7435897435897436,87.0,0.8205128205128205,0.2564102564102564,desktop,0.1282051282051282,15,0.09615384615384616,2298.2660000000005
891,130,10432.335,W,0.5461538461538461,5,86,visa,0.6615384615384615,87.0,0.6307692307692307,0.4307692307692308,mobile,0.23076923076923078,8,0.06153846153846154,691.2570000000001
892,83,9644.676,W,0.6144578313253012,3,60,visa,0.6746987951807228,87.0,0.6626506024096386,0.3493975903614458,desktop,0.1927710843373494,4,0.04819277108433735,1633.628
893,62,7013.654,W,0.7580645161290323,3,52,visa,0.8064516129032258,87.0,0.8225806451612904,0.24193548387096775,desktop,0.12903225806451613,4,0.06451612903225806,1670.0
894,28,2728.8979999999997,W,0.5714285714285714,2,18,visa,0.5,87.0,0.5714285714285714,0.42857142857142855,mobile,0.2857142857142857,2,0.07142857142857142,1374.0
895,31,2375.628,C,0.45161290322580644,3,23,visa,0.5806451612903226,87.0,0.5483870967741935,0.6129032258064516,mobile,0.3548387096774194,1,0.03225806451612903,18.031
896,22,2977.4979999999996,W,0.7727272727272727,2,19,visa,0.7272727272727273,87.0,0.7727272727272727,0.18181818181818182,mobile,0.09090909090909091,0,0.0,
897,9,1276.7500000000002,W,1.0,1,8,visa,0.8888888888888888,87.0,1.0,0.0,,,0,0.0,
898,9,440.493,W,0.5555555555555556,4,9,visa,0.6666666666666666,87.0,0.7777777777777778,0.4444444444444444,desktop,0.3333333333333333,0,0.0,
899,8,884.291,W,0.875,2,7,visa,0.625,87.0,0.875,0.125,mobile,0.125,0,0.0,
900,28,2423.8259999999996,W,0.8571428571428571,3,23,visa,0.6071428571428571,87.0,0.9285714285714286,0.14285714285714285,mobile,0.10714285714285714,0,0.0,
901,62,7211.2119999999995,W,0.9032258064516129,5,52,visa,0.5161290322580645,87.0,0.9516129032258065,0.0967741935483871,mobile,0.06451612903225806,1,0.016129032258064516,117.0
902,97,13830.929,W,0.7938144329896907,5,77,visa,0.6494845360824743,87.0,0.8969072164948454,0.20618556701030927,mobile,0.1134020618556701,2,0.020618556701030927,270.0
903,148,21171.582000000002,W,0.8445945945945946,4,118,visa,0.6959459459459459,87.0,0.9324324324324325,0.14864864864864866,desktop,0.10810810810810811,7,0.0472972972972973,1941.0
904,192,27125.697,W,0.8541666666666666,5,126,visa,0.6510416666666666,87.0,0.9375,0.140625,desktop,0.07291666666666667,7,0.036458333333333336,1004.798
905,222,30475.211000000003,W,0.8018018018018018,5,154,visa,0.6891891891891891,87.0,0.9144144144144144,0.18018018018018017,mobile,0.0945945945945946,7,0.03153153153153153,438.95
906,207,23228.981,W,0.7536231884057971,5,144,visa,0.6183574879227053,87.0,0.8357487922705314,0.2028985507246377,mobile,0.11594202898550725,5,0.024154589371980676,1697.95
907,237,29287.111000000004,W,0.8185654008438819,5,145,visa,0.6413502109704642,87.0,0.8945147679324894,0.1729957805907173,mobile,0.08860759493670886,13,0.05485232067510549,3646.766
908,250,34002.33499999999,W,0.812,5,170,visa,0.668,87.0,0.896,0.18,desktop,0.108,10,0.04,2682.147
909,218,32848.077000000005,W,0.7981651376146789,5,150,visa,0.6559633027522935,87.0,0.8853211009174312,0.19724770642201836,desktop,0.12385321100917432,16,0.07339449541284404,1526.6
910,229,27492.525,W,0.834061135371179,5,160,visa,0.6812227074235808,87.0,0.8951965065502183,0.14410480349344978,desktop,0.07423580786026202,8,0.034934497816593885,1108.7939999999999
911,176,19466.179,W,0.7727272727272727,5,137,visa,0.6079545454545454,87.0,0.8295454545454546,0.17045454545454544,mobile,0.10227272727272728,5,0.028409090909090908,570.233
912,208,22262.904000000002,W,0.7788461538461539,4,137,visa,0.7067307692307693,87.0,0.8269230769230769,0.19230769230769232,mobile,0.12980769230769232,4,0.019230769230769232,99.51899999999999
913,144,14095.722,W,0.7708333333333334,5,109,visa,0.6319444444444444,87.0,0.875,0.22916666666666666,mobile,0.125,8,0.05555555555555555,836.816
914,140,14273.086,W,0.6642857142857143,5,97,visa,0.6214285714285714,87.0,0.7714285714285715,0.3142857142857143,desktop,0.18571428571428572,10,0.07142857142857142,624.032
915,84,8594.743000000002,W,0.7857142857142857,5,71,visa,0.7023809523809523,87.0,0.8928571428571429,0.21428571428571427,desktop,0.11904761904761904,2,0.023809523809523808,475.0
916,75,7255.8859999999995,W,0.6266666666666667,3,55,visa,0.6266666666666667,87.0,0.6666666666666666,0.37333333333333335,mobile,0.28,5,0.06666666666666667,486.156
917,32,3472.9410000000003,W,0.75,4,28,mastercard,0.5,87.0,0.8125,0.25,mobile,0.15625,3,0.09375,892.5
918,21,2963.0969999999998,W,0.6666666666666666,4,19,visa,0.6666666666666666,87.0,0.8571428571428571,0.3333333333333333,mobile,0.23809523809523808,3,0.14285714285714285,684.0
919,11,1199.726,W,0.7272727272727273,3,10,visa,0.6363636363636364,87.0,0.8181818181818182,0.2727272727272727,desktop,0.18181818181818182,0,0.0,
920,9,594.643,C,0.5555555555555556,2,7,mastercard,0.6666666666666666,87.0,0.4444444444444444,0.5555555555555556,mobile,0.4444444444444444,0,0.0,
921,5,223.836,W,0.8,2,5,visa,1.0,87.0,0.8,0.2,mobile,0.2,1,0.2,80.396
922,13,457.13599999999997,C,0.7692307692307693,2,7,visa,0.7692307692307693,87.0,0.23076923076923078,0.7692307692307693,mobile,0.7692307692307693,8,0.6153846153846154,183.76
923,6,895.75,W,0.6666666666666666,3,6,mastercard,0.5,87.0,0.8333333333333334,0.3333333333333333,mobile,0.16666666666666666,0,0.0,
924,17,1407.414,W,0.8823529411764706,2,17,visa,0.7647058823529411,87.0,0.8823529411764706,0.11764705882352941,mobile,0.11764705882352941,0,0.0,
925,44,4562.633,W,0.8409090909090909,4,36,visa,0.6590909090909091,87.0,0.9545454545454546,0.1590909090909091,desktop,0.11363636363636363,0,0.0,
926,87,11060.274000000003,W,0.8850574712643678,4,75,visa,0.6206896551724138,87.0,0.9195402298850575,0.11494252873563218,desktop,0.09195402298850575,2,0.022988505747126436,31.471999999999998
927,122,14122.678,W,0.8688524590163934,5,93,visa,0.5983606557377049,87.0,0.9016393442622951,0.11475409836065574,mobile,0.09016393442622951,4,0.03278688524590164,627.0440000000001
928,156,14392.105,W,0.7564102564102564,5,111,visa,0.6474358974358975,87.0,0.8205128205128205,0.21153846153846154,mobile,0.14102564102564102,9,0.057692307692307696,1543.947
929,150,18606.413,W,0.7933333333333333,5,110,visa,0.6533333333333333,87.0,0.8933333333333333,0.19333333333333333,mobile,0.10666666666666667,4,0.02666666666666667,220.055
930,203,20562.366,W,0.8029556650246306,5,146,visa,0.6699507389162561,87.0,0.8620689655172413,0.1477832512315271,desktop,0.07389162561576355,5,0.024630541871921183,1300.537
931,204,22633.425000000003,W,0.803921568627451,5,137,visa,0.6568627450980392,87.0,0.8676470588235294,0.13725490196078433,mobile,0.07352941176470588,9,0.04411764705882353,727.5859999999999
932,211,20145.297000000002,W,0.7677725118483413,5,139,visa,0.6635071090047393,87.0,0.909952606635071,0.22274881516587677,mobile,0.12796208530805686,13,0.061611374407582936,957.944
933,213,24021.923000000003,W,0.8215962441314554,5,142,visa,0.6384976525821596,87.0,0.9342723004694836,0.17370892018779344,desktop,0.09389671361502347,12,0.056338028169014086,3388.0
934,203,15668.563000000002,W,0.7487684729064039,5,136,visa,0.645320197044335,87.0,0.8226600985221675,0.23645320197044334,mobile,0.1625615763546798,5,0.024630541871921183,219.368
935,186,18994.586000000003,W,0.8172043010752689,5,135,visa,0.7043010752688172,87.0,0.8602150537634409,0.13978494623655913,desktop,0.06989247311827956,3,0.016129032258064516,169.9
936,202,17765.164000000004,W,0.7475247524752475,5,152,visa,0.6336633663366337,87.0,0.8465346534653465,0.24752475247524752,mobile,0.15841584158415842,12,0.0594059405940594,1837.7009999999998
937,180,16637.806,W,0.8388888888888889,5,130,visa,0.7111111111111111,87.0,0.9,0.15555555555555556,mobile,0.09444444444444444,3,0.016666666666666666,671.132
938,137,11593.77,W,0.6788321167883211,5,98,visa,0.7299270072992701,87.0,0.7372262773722628,0.32116788321167883,mobile,0.22627737226277372,14,0.10218978102189781,954.9540000000001
939,100,9368.787,W,0.75,4,84,visa,0.77,87.0,0.78,0.25,mobile,0.15,4,0.04,447.68399999999997
940,86,8649.633,W,0.7209302325581395,5,73,visa,0.6744186046511628,87.0,0.813953488372093,0.27906976744186046,mobile,0.16279069767441862,6,0.06976744186046512,375.88100000000003
941,53,4192.053,W,0.7169811320754716,5,45,visa,0.6792452830188679,87.0,0.8867924528301887,0.2830188679245283,desktop,0.1509433962264151,1,0.018867924528301886,150.0
942,33,2828.8639999999996,W,0.7878787878787878,3,29,visa,0.696969696969697,87.0,0.8484848484848485,0.21212121212121213,mobile,0.15151515151515152,0,0.0,
943,25,2738.157,W,0.8,4,25,visa,0.68,87.0,0.92,0.2,mobile,0.12,1,0.04,49.0
944,9,1501.453,W,0.8888888888888888,2,9,visa,0.6666666666666666,87.0,0.8888888888888888,0.1111111111111111,desktop,0.1111111111111111,0,0.0,
945,10,740.7900000000001,W,1.0,1,10,visa,0.7,87.0,1.0,0.0,,,1,0.1,39.0
946,10,1128.78,W,1.0,1,10,visa,1.0,87.0,1.0,0.0,,,1,0.1,49.0
947,18,1418.214,W,0.9444444444444444,2,16,visa,0.6666666666666666,87.0,0.9444444444444444,0.05555555555555555,mobile,0.05555555555555555,1,0.05555555555555555,49.0
948,48,6591.351,W,0.875,4,42,visa,0.5833333333333334,87.0,0.9583333333333334,0.125,mobile,0.08333333333333333,3,0.0625,136.126
949,82,11489.853000000001,W,0.8048780487804879,5,66,visa,0.6951219512195121,87.0,0.8780487804878049,0.1951219512195122,mobile,0.0975609756097561,1,0.012195121951219513,15.0
950,138,27846.809,W,0.7971014492753623,5,99,visa,0.6086956521739131,87.0,0.9347826086956522,0.1956521739130435,desktop,0.10144927536231885,7,0.050724637681159424,3485.0
951,181,27675.868000000002,W,0.8232044198895028,5,127,visa,0.6464088397790055,87.0,0.9558011049723757,0.16574585635359115,desktop,0.11602209944751381,2,0.011049723756906077,598.9
952,204,34543.242,W,0.7549019607843137,5,154,visa,0.6323529411764706,87.0,0.8431372549019608,0.21568627450980393,desktop,0.16176470588235295,6,0.029411764705882353,472.46399999999994
953,208,33308.637,W,0.8028846153846154,5,158,visa,0.6298076923076923,87.0,0.8894230769230769,0.16826923076923078,desktop,0.10576923076923077,12,0.057692307692307696,1173.941
954,210,27043.339,W,0.7714285714285715,5,144,visa,0.6142857142857143,87.0,0.8714285714285714,0.22380952380952382,mobile,0.12857142857142856,18,0.08571428571428572,1000.9619999999999
955,220,29368.515,W,0.8136363636363636,5,139,visa,0.5818181818181818,87.0,0.8727272727272727,0.17272727272727273,desktop,0.10909090909090909,7,0.031818181818181815,650.864
956,198,33120.684,W,0.8232323232323232,5,148,visa,0.696969696969697,87.0,0.898989898989899,0.15656565656565657,desktop,0.10101010101010101,3,0.015151515151515152,487.47
957,210,33264.54699999999,W,0.8714285714285714,5,146,visa,0.719047619047619,87.0,0.9142857142857143,0.12857142857142856,mobile,0.07142857142857142,1,0.004761904761904762,335.0
958,207,35364.717000000004,W,0.8164251207729468,5,153,visa,0.642512077294686,87.0,0.9033816425120773,0.1642512077294686,desktop,0.10144927536231885,8,0.03864734299516908,1491.888
959,248,31952.498,W,0.8225806451612904,4,167,visa,0.6935483870967742,87.0,0.8790322580645161,0.1532258064516129,desktop,0.08064516129032258,5,0.020161290322580645,551.691
960,216,26622.771,W,0.7916666666666666,5,154,visa,0.7314814814814815,87.0,0.8981481481481481,0.16666666666666666,desktop,0.09722222222222222,4,0.018518518518518517,803.129
961,193,23571.411,W,0.8341968911917098,5,147,visa,0.6787564766839378,87.0,0.8911917098445595,0.16580310880829016,desktop,0.10880829015544041,14,0.07253886010362694,1632.7579999999998
962,167,20648.16,W,0.8383233532934131,4,122,visa,0.7544910179640718,87.0,0.8922155688622755,0.16167664670658682,mobile,0.10778443113772455,3,0.017964071856287425,357.95
963,114,12161.279,W,0.7280701754385965,5,82,visa,0.631578947368421,87.0,0.8245614035087719,0.2631578947368421,desktop,0.15789473684210525,7,0.06140350877192982,457.39500000000004
964,85,9713.455000000004,W,0.6941176470588235,5,67,visa,0.6352941176470588,87.0,0.7647058823529411,0.3058823529411765,desktop,0.17647058823529413,7,0.08235294117647059,463.445
965,34,3095.33,W,0.8823529411764706,3,32,visa,0.7647058823529411,87.0,1.0,0.11764705882352941,desktop,0.11764705882352941,1,0.029411764705882353,50.0
966,20,2394.0200000000004,W,0.95,2,18,visa,0.8,87.0,1.0,0.05,desktop,0.05,1,0.05,50.0
967,17,2076.09,W,0.8235294117647058,2,15,visa,0.7647058823529411,87.0,0.8235294117647058,0.17647058823529413,mobile,0.17647058823529413,2,0.11764705882352941,146.916
968,16,1791.426,W,0.875,2,14,visa,0.6875,87.0,0.875,0.125,desktop,0.125,0,0.0,
969,11,938.781,W,0.9090909090909091,2,11,visa,0.7272727272727273,87.0,0.9090909090909091,0.09090909090909091,desktop,0.09090909090909091,1,0.09090909090909091,24.0
970,11,1966.6800000000003,W,0.9090909090909091,2,10,visa,0.6363636363636364,87.0,1.0,0.09090909090909091,desktop,0.09090909090909091,0,0.0,
971,18,1221.712,W,0.8333333333333334,3,18,mastercard,0.5,87.0,0.9444444444444444,0.16666666666666666,desktop,0.16666666666666666,0,0.0,
972,48,4017.641,W,0.7291666666666666,4,38,visa,0.625,87.0,0.875,0.2708333333333333,mobile,0.14583333333333334,3,0.0625,450.0
973,67,9592.194000000001,W,0.9104477611940298,4,56,visa,0.5671641791044776,87.0,0.9552238805970149,0.08955223880597014,mobile,0.05970149253731343,1,0.014925373134328358,117.0
974,118,12885.887000000002,W,0.9067796610169492,4,91,visa,0.6016949152542372,87.0,0.9745762711864406,0.0847457627118644,desktop,0.05084745762711865,1,0.00847457627118644,54.0
975,155,23618.28,W,0.8064516129032258,5,128,visa,0.5741935483870968,87.0,0.9096774193548387,0.16129032258064516,desktop,0.12903225806451613,2,0.012903225806451613,448.0
976,146,27735.891000000003,W,0.7808219178082192,5,113,visa,0.6643835616438356,87.0,0.9246575342465754,0.2191780821917808,desktop,0.1232876712328767,11,0.07534246575342465,1850.0
977,208,34212.981,W,0.8076923076923077,5,148,visa,0.5961538461538461,87.0,0.8701923076923077,0.16826923076923078,desktop,0.13942307692307693,8,0.038461538461538464,455.778
978,208,36557.97,W,0.8557692307692307,5,141,visa,0.6105769230769231,87.0,0.9086538461538461,0.1201923076923077,desktop,0.09615384615384616,13,0.0625,2403.666
979,243,35146.171,W,0.7613168724279835,5,156,visa,0.6666666666666666,87.0,0.8477366255144033,0.23045267489711935,desktop,0.15637860082304528,3,0.012345679012345678,339.0
980,189,37520.284,W,0.8042328042328042,5,125,visa,0.6296296296296297,87.0,0.873015873015873,0.19047619047619047,desktop,0.15343915343915343,3,0.015873015873015872,162.92000000000002
981,200,31262.838,W,0.85,5,150,visa,0.645,87.0,0.92,0.135,desktop,0.075,7,0.035,880.671
982,209,41870.667,W,0.8516746411483254,4,148,visa,0.6746411483253588,87.0,0.8851674641148325,0.11961722488038277,desktop,0.08133971291866028,6,0.028708133971291867,4200.858
983,221,35917.326,W,0.8190045248868778,5,164,visa,0.7149321266968326,87.0,0.9095022624434389,0.1583710407239819,desktop,0.11764705882352941,11,0.049773755656108594,1305.9230000000002
984,199,31316.686999999998,W,0.8592964824120602,5,137,visa,0.7185929648241206,87.0,0.9246231155778895,0.12060301507537688,desktop,0.07035175879396985,2,0.010050251256281407,187.778
985,174,27655.095,W,0.8160919540229885,5,126,visa,0.6436781609195402,87.0,0.8563218390804598,0.1781609195402299,desktop,0.09195402298850575,5,0.028735632183908046,560.99
986,148,21082.116,W,0.8175675675675675,5,107,visa,0.6824324324324325,87.0,0.8986486486486487,0.18243243243243243,mobile,0.11486486486486487,3,0.02027027027027027,184.816
987,113,23597.107,W,0.7433628318584071,5,80,visa,0.8053097345132744,87.0,0.8584070796460177,0.25663716814159293,desktop,0.1504424778761062,5,0.04424778761061947,1225.0
988,79,8156.514,W,0.7215189873417721,5,61,visa,0.6455696202531646,87.0,0.8354430379746836,0.26582278481012656,desktop,0.1518987341772152,3,0.0379746835443038,275.0
989,62,6020.915999999999,W,0.6774193548387096,4,48,visa,0.6129032258064516,87.0,0.7258064516129032,0.3225806451612903,desktop,0.22580645161290322,0,0.0,
990,37,4995.96,W,0.7837837837837838,3,26,visa,0.6486486486486487,87.0,0.8378378378378378,0.21621621621621623,desktop,0.10810810810810811,0,0.0,
991,22,1974.65,W,0.9090909090909091,3,19,visa,0.5909090909090909,87.0,1.0,0.09090909090909091,mobile,0.045454545454545456,0,0.0,
992,12,661.5140000000001,W,0.75,4,11,visa,0.8333333333333334,87.0,0.9166666666666666,0.25,desktop,0.16666666666666666,3,0.25,213.94400000000002
993,10,699.87,W,0.8,2,9,visa,0.8,87.0,0.8,0.2,mobile,0.2,0,0.0,
994,11,1029.5900000000001,W,1.0,1,10,visa,0.6363636363636364,87.0,1.0,0.0,,,0,0.0,
995,27,4512.329,W,0.8518518518518519,3,24,visa,0.7407407407407407,87.0,0.9259259259259259,0.14814814814814814,mobile,0.07407407407407407,1,0.037037037037037035,300.0
996,53,6476.361999999998,W,0.8490566037735849,5,45,visa,0.6415094339622641,87.0,0.9622641509433962,0.1509433962264151,desktop,0.07547169811320754,2,0.03773584905660377,234.0
997,102,13013.535000000003,W,0.7843137254901961,5,82,visa,0.7352941176470589,87.0,0.9117647058823529,0.20588235294117646,desktop,0.1568627450980392,5,0.049019607843137254,947.0
998,126,15712.740000000003,W,0.9285714285714286,4,98,visa,0.6428571428571429,87.0,0.9920634920634921,0.07142857142857142,desktop,0.06349206349206349,3,0.023809523809523808,619.8399999999999
999,174,28824.554000000004,W,0.7988505747126436,5,121,visa,0.6954022988505747,87.0,0.9252873563218391,0.1781609195402299,desktop,0.13793103448275862,1,0.005747126436781609,335.0
1000,194,32189.597,W,0.8556701030927835,5,146,visa,0.6443298969072165,87.0,0.9329896907216495,0.13402061855670103,desktop,0.07731958762886598,6,0.030927835051546393,1102.5
1001,208,36168.05099999999,W,0.8173076923076923,5,157,visa,0.6346153846153846,87.0,0.9326923076923077,0.18269230769230768,desktop,0.125,2,0.009615384615384616,500.0
1002,197,32533.327000000005,W,0.8375634517766497,5,148,visa,0.6903553299492385,87.0,0.9137055837563451,0.16243654822335024,desktop,0.09644670050761421,13,0.06598984771573604,2034.798
1003,209,40465.317,W,0.7751196172248804,5,151,visa,0.7272727272727273,87.0,0.8899521531100478,0.20095693779904306,desktop,0.15311004784688995,20,0.09569377990430622,2459.011
1004,212,30412.848,W,0.8113207547169812,5,157,visa,0.660377358490566,87.0,0.9150943396226415,0.1509433962264151,mobile,0.08018867924528301,5,0.02358490566037736,292.788
1005,222,40781.988,W,0.8153153153153153,5,151,visa,0.6441441441441441,87.0,0.9234234234234234,0.18018018018018017,desktop,0.0990990990990991,24,0.10810810810810811,5177.606
1006,169,19621.82,W,0.7928994082840237,5,127,visa,0.6035502958579881,87.0,0.8994082840236687,0.1893491124260355,desktop,0.10650887573964497,7,0.04142011834319527,1074.8329999999999
1007,202,36447.591,W,0.8514851485148515,5,147,visa,0.6485148514851485,87.0,0.9207920792079208,0.10396039603960396,desktop,0.06435643564356436,11,0.054455445544554455,1264.221
1008,186,22408.153000000002,W,0.9301075268817204,4,132,visa,0.6397849462365591,87.0,0.956989247311828,0.053763440860215055,mobile,0.03225806451612903,7,0.03763440860215054,1015.39
1009,116,16603.168,W,0.8793103448275862,5,89,visa,0.6896551724137931,87.0,0.9741379310344828,0.1206896551724138,desktop,0.06896551724137931,2,0.017241379310344827,325.95
1010,107,12631.070000000002,W,0.9158878504672897,4,81,visa,0.7476635514018691,87.0,1.0,0.08411214953271028,desktop,0.06542056074766354,0,0.0,
1011,114,14781.533999999998,W,0.9473684210526315,4,88,visa,0.7280701754385965,87.0,0.9912280701754386,0.05263157894736842,mobile,0.03508771929824561,1,0.008771929824561403,34.0
1012,74,7911.632,W,0.918918918918919,4,62,visa,0.7972972972972973,87.0,0.972972972972973,0.08108108108108109,desktop,0.04054054054054054,0,0.0,
1013,49,5663.040000000001,W,0.7959183673469388,5,42,visa,0.7551020408163265,87.0,0.8775510204081632,0.20408163265306123,desktop,0.12244897959183673,5,0.10204081632653061,289.829
1014,28,2432.692,W,0.7142857142857143,3,22,visa,0.7142857142857143,87.0,0.9642857142857143,0.25,desktop,0.17857142857142858,5,0.17857142857142858,522.642
1015,18,1811.9699999999998,W,0.8888888888888888,2,16,visa,0.6666666666666666,87.0,1.0,0.05555555555555555,mobile,0.05555555555555555,1,0.05555555555555555,226.0
1016,12,1038.8500000000001,W,0.8333333333333334,3,12,visa,0.8333333333333334,87.0,1.0,0.16666666666666666,desktop,0.08333333333333333,2,0.16666666666666666,84.0
1017,11,1317.3,W,0.6363636363636364,3,10,visa,0.6363636363636364,87.0,0.9090909090909091,0.36363636363636365,desktop,0.2727272727272727,2,0.18181818181818182,125.0
1018,18,3045.7,W,0.9444444444444444,2,16,visa,0.7222222222222222,87.0,1.0,0.05555555555555555,desktop,0.05555555555555555,0,0.0,
1019,29,6181.083999999999,W,0.7931034482758621,5,24,visa,0.7241379310344828,87.0,0.9310344827586207,0.20689655172413793,desktop,0.20689655172413793,0,0.0,
1020,56,5489.02,W,0.9285714285714286,4,46,visa,0.5892857142857143,87.0,1.0,0.07142857142857142,desktop,0.05357142857142857,1,0.017857142857142856,92.0
1021,85,11705.642000000003,W,0.9294117647058824,4,68,visa,0.6470588235294118,87.0,0.9764705882352941,0.047058823529411764,mobile,0.03529411764705882,0,0.0,
1022,131,19586.896,W,0.8396946564885496,5,95,visa,0.648854961832061,87.0,0.9847328244274809,0.15267175572519084,mobile,0.07633587786259542,3,0.022900763358778626,992.0
1023,148,31494.964,W,0.8783783783783784,5,112,visa,0.6891891891891891,87.0,0.9391891891891891,0.07432432432432433,desktop,0.0472972972972973,6,0.04054054054054054,1168.79
1024,181,37503.639,W,0.850828729281768,5,135,visa,0.6961325966850829,87.0,0.9447513812154696,0.09944751381215469,desktop,0.09392265193370165,2,0.011049723756906077,77.583
1025,214,34401.526,W,0.9112149532710281,5,141,visa,0.6682242990654206,87.0,0.9766355140186916,0.07009345794392523,desktop,0.06074766355140187,4,0.018691588785046728,244.63500000000002
1026,203,36292.278,W,0.9211822660098522,5,134,visa,0.6650246305418719,87.0,0.9852216748768473,0.06403940886699508,desktop,0.04433497536945813,10,0.04926108374384237,3166.303
1027,214,32263.193000000007,W,0.8644859813084113,5,145,visa,0.6261682242990654,87.0,0.9439252336448598,0.11214953271028037,desktop,0.08878504672897196,2,0.009345794392523364,59.583
1028,190,22753.921000000002,W,0.8473684210526315,3,131,visa,0.6421052631578947,87.0,0.8526315789473684,0.12631578947368421,desktop,0.10526315789473684,8,0.042105263157894736,996.517
1029,231,36314.34300000001,W,0.8658008658008658,5,166,visa,0.6493506493506493,87.0,0.922077922077922,0.1038961038961039,desktop,0.08658008658008658,8,0.03463203463203463,871.2
1030,253,39085.64,W,0.8537549407114624,4,174,visa,0.6877470355731226,87.0,0.9130434782608695,0.13438735177865613,desktop,0.09881422924901186,6,0.023715415019762844,1636.494
1031,213,28246.861,W,0.812206572769953,5,154,visa,0.6525821596244131,87.0,0.8779342723004695,0.1643192488262911,desktop,0.11267605633802817,10,0.046948356807511735,456.17100000000005
1032,198,24371.124000000003,W,0.8686868686868687,4,134,visa,0.6868686868686869,87.0,0.898989898989899,0.10606060606060606,desktop,0.06060606060606061,2,0.010101010101010102,164.75599999999997
1033,182,20312.485,W,0.8296703296703297,5,127,visa,0.7142857142857143,87.0,0.8736263736263736,0.17032967032967034,mobile,0.09340659340659341,7,0.038461538461538464,518.871
1034,129,12377.706,W,0.7286821705426356,5,98,visa,0.6124031007751938,87.0,0.8217054263565892,0.2713178294573643,mobile,0.14728682170542637,7,0.05426356589147287,594.496
1035,110,15057.293000000001,W,0.6181818181818182,5,81,visa,0.7727272727272727,87.0,0.8,0.36363636363636365,mobile,0.2,18,0.16363636363636364,2167.83
1036,87,9617.3,W,0.6551724137931034,5,67,visa,0.7471264367816092,87.0,0.735632183908046,0.3103448275862069,mobile,0.2413793103448276,12,0.13793103448275862,578.25
1037,57,7111.304999999999,W,0.6842105263157895,4,50,visa,0.7368421052631579,87.0,0.7368421052631579,0.3157894736842105,desktop,0.17543859649122806,4,0.07017543859649122,308.02
1038,29,3716.046,W,0.6551724137931034,4,27,visa,0.7931034482758621,87.0,0.7931034482758621,0.3448275862068966,mobile,0.2413793103448276,5,0.1724137931034483,266.044
1039,16,941.395,W,0.8125,3,13,visa,0.5625,87.0,0.875,0.1875,mobile,0.125,1,0.0625,20.522
1040,11,2030.0750000000003,W,0.8181818181818182,3,11,mastercard,0.5454545454545454,87.0,0.9090909090909091,0.18181818181818182,mobile,0.09090909090909091,0,0.0,
1041,12,1240.92,W,0.9166666666666666,2,12,mastercard,0.6666666666666666,87.0,1.0,0.08333333333333333,mobile,0.08333333333333333,0,0.0,
1042,13,1718.8200000000002,W,0.9230769230769231,2,12,visa,0.5384615384615384,87.0,1.0,0.07692307692307693,desktop,0.07692307692307693,0,0.0,
1043,22,2372.841,W,0.8636363636363636,4,22,visa,0.6818181818181818,87.0,0.9545454545454546,0.13636363636363635,desktop,0.09090909090909091,0,0.0,
1044,58,7756.759,W,0.8275862068965517,5,51,visa,0.7586206896551724,87.0,0.9310344827586207,0.1724137931034483,desktop,0.13793103448275862,3,0.05172413793103448,815.0
1045,120,21829.941,W,0.9,4,91,visa,0.625,87.0,0.95,0.09166666666666666,mobile,0.058333333333333334,1,0.008333333333333333,97.0
1046,167,33175.32,W,0.8682634730538922,5,119,visa,0.6407185628742516,87.0,0.9580838323353293,0.12574850299401197,desktop,0.11377245508982035,2,0.011976047904191617,342.0
1047,218,39485.607,W,0.8577981651376146,5,147,visa,0.6651376146788991,87.0,0.9220183486238532,0.13761467889908258,desktop,0.09174311926605505,15,0.06880733944954129,1467.9350000000002
1048,278,44697.369999999995,W,0.8453237410071942,5,185,visa,0.6942446043165468,87.0,0.9316546762589928,0.13309352517985612,desktop,0.10071942446043165,9,0.03237410071942446,1741.8000000000002
1049,254,36946.639,W,0.8070866141732284,5,178,visa,0.610236220472441,87.0,0.8464566929133859,0.18503937007874016,desktop,0.15354330708661418,27,0.1062992125984252,2230.648
1050,276,47641.87300000001,W,0.8586956521739131,5,191,visa,0.6123188405797102,87.0,0.9492753623188406,0.10869565217391304,desktop,0.07971014492753623,8,0.028985507246376812,509.71299999999997
1051,309,48571.337999999996,W,0.8349514563106796,5,197,visa,0.656957928802589,87.0,0.9255663430420712,0.1488673139158576,desktop,0.12944983818770225,10,0.032362459546925564,892.2069999999999
1052,263,41180.053,W,0.870722433460076,5,184,visa,0.6806083650190115,87.0,0.9201520912547528,0.10646387832699619,desktop,0.07604562737642585,5,0.019011406844106463,841.0
1053,259,45204.613,W,0.833976833976834,4,188,visa,0.7065637065637066,87.0,0.8996138996138996,0.1583011583011583,desktop,0.12355212355212356,6,0.023166023166023165,471.174
1054,301,48195.033,W,0.8604651162790697,5,210,visa,0.627906976744186,87.0,0.9335548172757475,0.12624584717607973,desktop,0.08637873754152824,2,0.006644518272425249,400.0
1055,237,37496.811,W,0.8396624472573839,5,176,visa,0.6666666666666666,87.0,0.9071729957805907,0.1518987341772152,desktop,0.10126582278481013,16,0.06751054852320675,1486.232
1056,229,31559.953,W,0.8296943231441049,4,164,visa,0.6200873362445415,87.0,0.8777292576419214,0.15283842794759825,desktop,0.09170305676855896,1,0.004366812227074236,59.0
1057,188,25310.728,W,0.7553191489361702,5,126,visa,0.6914893617021277,87.0,0.8457446808510638,0.2393617021276596,mobile,0.13829787234042554,16,0.0851063829787234,779.789
1058,145,17582.671000000002,W,0.8,5,107,visa,0.6413793103448275,87.0,0.9172413793103448,0.2,mobile,0.12413793103448276,8,0.05517241379310345,2099.013
1059,68,6851.584999999999,W,0.8676470588235294,4,61,visa,0.7205882352941176,87.0,0.8970588235294118,0.1323529411764706,mobile,0.10294117647058823,1,0.014705882352941176,59.0
1060,72,5273.461000000001,W,0.6666666666666666,4,51,visa,0.6388888888888888,87.0,0.7638888888888888,0.3333333333333333,mobile,0.2361111111111111,1,0.013888888888888888,77.0
1061,47,4184.418000000001,W,0.5531914893617021,3,36,visa,0.7021276595744681,87.0,0.6170212765957447,0.3404255319148936,mobile,0.1702127659574468,1,0.02127659574468085,150.0
1062,25,1515.328,W,0.8,2,21,visa,0.68,87.0,0.8,0.2,mobile,0.12,1,0.04,112.0
1063,16,1591.48,W,1.0,1,14,visa,0.625,87.0,1.0,0.0,,,0,0.0,
1064,20,1105.55,W,0.5,4,16,visa,0.9,87.0,0.7,0.5,desktop,0.4,3,0.15,105.95
1065,8,727.9000000000001,W,0.875,2,8,visa,1.0,87.0,1.0,0.125,mobile,0.125,0,0.0,
1066,12,1998.8500000000001,W,1.0,1,12,visa,0.5,87.0,1.0,0.0,,,0,0.0,
1067,25,3128.557,W,0.96,2,23,visa,0.64,87.0,0.96,0.04,mobile,0.04,0,0.0,
1068,34,4099.991,W,0.7058823529411765,5,27,visa,0.5,87.0,0.8823529411764706,0.29411764705882354,desktop,0.17647058823529413,8,0.23529411764705882,1006.4259999999999
1069,55,6881.6539999999995,W,0.6363636363636364,5,44,visa,0.7454545454545455,87.0,0.8363636363636363,0.36363636363636365,mobile,0.23636363636363636,3,0.05454545454545454,754.0
1070,117,18019.153000000006,W,0.9230769230769231,5,94,visa,0.6495726495726496,87.0,0.9658119658119658,0.07692307692307693,desktop,0.05128205128205128,3,0.02564102564102564,237.5
1071,131,14695.486,W,0.8549618320610687,5,104,visa,0.6641221374045801,87.0,0.916030534351145,0.11450381679389313,mobile,0.061068702290076333,1,0.007633587786259542,20.93
1072,162,19464.778,W,0.9135802469135802,5,115,visa,0.7160493827160493,87.0,0.9691358024691358,0.08641975308641975,mobile,0.05555555555555555,8,0.04938271604938271,1324.95
1073,207,27612.974000000002,W,0.8454106280193237,4,145,visa,0.5990338164251208,87.0,0.927536231884058,0.14009661835748793,desktop,0.08695652173913043,16,0.07729468599033816,1502.0
1074,181,23146.123,W,0.8342541436464088,5,128,visa,0.6906077348066298,87.0,0.9558011049723757,0.143646408839779,desktop,0.11602209944751381,14,0.07734806629834254,2353.45
1075,194,21128.950000000004,W,0.8247422680412371,5,138,visa,0.6391752577319587,87.0,0.9072164948453608,0.15463917525773196,mobile,0.08247422680412371,9,0.04639175257731959,649.219
1076,220,30337.265,W,0.9045454545454545,5,166,visa,0.6909090909090909,87.0,0.95,0.09090909090909091,mobile,0.05,4,0.01818181818181818,3709.0
1077,242,31069.382000000005,W,0.8471074380165289,5,153,visa,0.7107438016528925,87.0,0.9338842975206612,0.13636363636363635,desktop,0.08264462809917356,6,0.024793388429752067,1793.0
1078,194,18882.739,W,0.7938144329896907,5,139,visa,0.6494845360824743,87.0,0.9226804123711341,0.18556701030927836,desktop,0.1134020618556701,6,0.030927835051546393,1046.0
1079,194,27318.997,W,0.8505154639175257,5,139,visa,0.7268041237113402,87.0,0.9278350515463918,0.13402061855670103,desktop,0.08247422680412371,9,0.04639175257731959,1158.0
1080,123,14311.639,W,0.8211382113821138,4,94,visa,0.6260162601626016,87.0,0.9024390243902439,0.13821138211382114,mobile,0.08943089430894309,7,0.056910569105691054,1086.317
1081,150,13576.154,W,0.8733333333333333,5,123,visa,0.7333333333333333,87.0,0.9533333333333334,0.12666666666666668,mobile,0.06666666666666667,6,0.04,472.0
1082,140,16467.272,W,0.6928571428571428,5,105,visa,0.6357142857142857,87.0,0.8642857142857143,0.3,mobile,0.16428571428571428,1,0.007142857142857143,50.0
1083,95,9421.099000000002,W,0.7894736842105263,4,77,visa,0.7157894736842105,87.0,0.8631578947368421,0.2,mobile,0.12631578947368421,2,0.021052631578947368,155.5
1084,58,6003.139,W,0.6724137931034483,4,47,visa,0.6724137931034483,87.0,0.7758620689655172,0.3275862068965517,mobile,0.25862068965517243,5,0.08620689655172414,1590.0
1085,41,3465.6090000000004,W,0.7317073170731707,4,33,visa,0.5365853658536586,87.0,0.8048780487804879,0.2682926829268293,mobile,0.17073170731707318,0,0.0,
1086,18,2336.732,W,0.7777777777777778,3,16,visa,0.7777777777777778,87.0,0.8333333333333334,0.2222222222222222,mobile,0.16666666666666666,0,0.0,
1087,19,2709.807,W,0.6842105263157895,3,16,visa,0.631578947368421,87.0,0.8421052631578947,0.3157894736842105,desktop,0.2631578947368421,3,0.15789473684210525,150.0
1088,9,1451.7510000000002,W,0.6666666666666666,2,8,mastercard,0.5555555555555556,87.0,0.6666666666666666,0.3333333333333333,desktop,0.2222222222222222,0,0.0,
1089,2,93.9,W,1.0,1,2,mastercard,0.5,87.0,1.0,0.0,,,0,0.0,
1090,2,137.95,W,1.0,1,2,mastercard,0.5,87.0,1.0,0.0,,,0,0.0,
1091,13,590.269,C,0.6153846153846154,2,11,mastercard,0.5384615384615384,87.0,0.38461538461538464,0.6153846153846154,mobile,0.5384615384615384,7,0.5384615384615384,173.85199999999998
1092,14,1411.01,W,0.6428571428571429,4,13,mastercard,0.5714285714285714,87.0,0.7857142857142857,0.35714285714285715,mobile,0.2857142857142857,2,0.14285714285714285,49.672
1093,53,5668.623,W,0.6792452830188679,4,47,visa,0.6981132075471698,87.0,0.9056603773584906,0.32075471698113206,desktop,0.16981132075471697,3,0.05660377358490566,511.0
1094,83,7481.633,W,0.7951807228915663,5,61,visa,0.7469879518072289,87.0,0.8795180722891566,0.20481927710843373,mobile,0.14457831325301204,0,0.0,
1095,90,11522.561000000002,W,0.9,4,73,visa,0.7333333333333333,87.0,0.9444444444444444,0.1,mobile,0.07777777777777778,2,0.022222222222222223,560.0
1096,138,18698.097999999998,W,0.8695652173913043,4,118,visa,0.6521739130434783,87.0,0.9202898550724637,0.12318840579710146,desktop,0.08695652173913043,3,0.021739130434782608,679.0
1097,153,14745.689000000002,W,0.7516339869281046,5,119,visa,0.6797385620915033,87.0,0.8627450980392157,0.22875816993464052,mobile,0.13725490196078433,5,0.032679738562091505,292.91700000000003
1098,184,18333.381,W,0.7989130434782609,5,143,visa,0.6956521739130435,87.0,0.907608695652174,0.1956521739130435,desktop,0.10869565217391304,7,0.03804347826086957,1215.559
1099,191,19558.167,W,0.774869109947644,5,135,visa,0.5968586387434555,87.0,0.8586387434554974,0.19895287958115182,desktop,0.12041884816753927,7,0.03664921465968586,460.35799999999995
1100,170,15574.307,W,0.7764705882352941,5,126,visa,0.7470588235294118,87.0,0.8529411764705882,0.21176470588235294,mobile,0.12941176470588237,12,0.07058823529411765,436.727
1101,182,22556.504,W,0.8571428571428571,4,132,visa,0.6923076923076923,87.0,0.9065934065934066,0.12087912087912088,desktop,0.06043956043956044,13,0.07142857142857142,2077.58
1102,196,26542.806000000004,W,0.8316326530612245,5,120,visa,0.7244897959183674,87.0,0.8826530612244898,0.15816326530612246,desktop,0.09183673469387756,6,0.030612244897959183,680.2339999999999
1103,176,14569.936000000002,W,0.875,4,123,visa,0.7215909090909091,87.0,0.9147727272727273,0.10227272727272728,mobile,0.056818181818181816,9,0.05113636363636364,848.822
1104,162,15523.011999999999,W,0.9012345679012346,5,116,visa,0.6975308641975309,87.0,0.9197530864197531,0.08024691358024691,mobile,0.043209876543209874,3,0.018518518518518517,499.0
1105,165,15822.321000000004,W,0.8606060606060606,5,122,visa,0.6787878787878788,87.0,0.9090909090909091,0.12727272727272726,desktop,0.07878787878787878,1,0.006060606060606061,24.0
1106,129,10476.828999999998,W,0.7906976744186046,5,108,visa,0.7054263565891473,87.0,0.8604651162790697,0.20930232558139536,mobile,0.11627906976744186,4,0.031007751937984496,277.899
1107,85,7702.219999999999,W,0.8,4,72,visa,0.6470588235294118,87.0,0.8352941176470589,0.2,mobile,0.11764705882352941,1,0.011764705882352941,20.23
1108,61,4660.699000000001,W,0.7049180327868853,4,46,visa,0.7704918032786885,87.0,0.7540983606557377,0.29508196721311475,mobile,0.2459016393442623,1,0.01639344262295082,72.875
1109,62,5764.257,W,0.6129032258064516,3,45,visa,0.6612903225806451,87.0,0.6612903225806451,0.3870967741935484,desktop,0.27419354838709675,1,0.016129032258064516,50.0
1110,38,4510.918000000001,W,0.8157894736842105,3,32,visa,0.7368421052631579,87.0,0.8421052631578947,0.18421052631578946,mobile,0.13157894736842105,1,0.02631578947368421,554.0
1111,24,2031.641,W,0.875,3,22,visa,0.8333333333333334,87.0,0.9166666666666666,0.125,mobile,0.08333333333333333,0,0.0,
1112,15,1722.2500000000002,W,0.6,3,14,visa,0.8,87.0,1.0,0.4,mobile,0.26666666666666666,0,0.0,
1113,5,638.482,W,0.6,3,5,visa,0.6,87.0,0.8,0.4,mobile,0.4,2,0.4,545.0
1114,21,3145.7120000000004,W,0.7619047619047619,3,13,visa,0.6666666666666666,87.0,0.8095238095238095,0.23809523809523808,mobile,0.19047619047619047,5,0.23809523809523808,1312.0
1115,13,1295.353,W,0.8461538461538461,2,13,mastercard,0.6153846153846154,87.0,0.8461538461538461,0.15384615384615385,desktop,0.07692307692307693,0,0.0,
1116,40,4489.235,W,0.675,5,33,visa,0.675,87.0,0.925,0.325,mobile,0.275,2,0.05,185.0
1117,67,7254.342,W,0.7910447761194029,5,54,visa,0.582089552238806,87.0,0.9253731343283582,0.208955223880597,desktop,0.1044776119402985,4,0.05970149253731343,431.0
1118,94,13165.819000000001,W,0.8617021276595744,4,76,visa,0.5638297872340425,87.0,0.9468085106382979,0.13829787234042554,desktop,0.09574468085106383,0,0.0,
1119,152,28729.015999999996,W,0.8486842105263158,5,125,visa,0.6776315789473685,87.0,0.9473684210526315,0.11842105263157894,desktop,0.08552631578947369,0,0.0,
1120,174,21480.004999999997,W,0.8275862068965517,5,135,visa,0.5919540229885057,87.0,0.9137931034482759,0.16091954022988506,mobile,0.08045977011494253,5,0.028735632183908046,212.143
1121,189,28769.208,W,0.7354497354497355,5,136,visa,0.6825396825396826,87.0,0.8677248677248677,0.20634920634920634,desktop,0.13756613756613756,17,0.08994708994708994,4161.762000000001
1122,224,25408.212,W,0.8571428571428571,5,160,visa,0.6964285714285714,87.0,0.9241071428571429,0.10714285714285714,desktop,0.07142857142857142,16,0.07142857142857142,1445.5230000000001
1123,216,28861.161,W,0.8055555555555556,5,148,visa,0.6435185185185185,87.0,0.9074074074074074,0.18055555555555555,desktop,0.1388888888888889,11,0.05092592592592592,1649.2419999999997
1124,192,33010.363,W,0.828125,5,136,visa,0.640625,87.0,0.9166666666666666,0.13541666666666666,desktop,0.07291666666666667,7,0.036458333333333336,631.663
1125,216,27520.674,W,0.8657407407407407,5,151,visa,0.6481481481481481,87.0,0.9305555555555556,0.12962962962962962,mobile,0.06481481481481481,11,0.05092592592592592,805.2439999999999
1126,232,34252.742,W,0.8275862068965517,5,169,visa,0.6508620689655172,87.0,0.8879310344827587,0.15517241379310345,desktop,0.10775862068965517,14,0.0603448275862069,2003.0299999999997
1127,210,24525.085,W,0.8809523809523809,5,143,visa,0.7333333333333333,87.0,0.9333333333333333,0.10952380952380952,desktop,0.08571428571428572,11,0.05238095238095238,2125.694
1128,191,21277.184,W,0.8481675392670157,4,137,visa,0.6910994764397905,87.0,0.8900523560209425,0.14659685863874344,mobile,0.08376963350785341,4,0.020942408376963352,245.0
1129,176,23074.359000000004,W,0.8181818181818182,4,127,visa,0.6988636363636364,87.0,0.875,0.18181818181818182,desktop,0.10227272727272728,3,0.017045454545454544,585.428
1130,155,15283.316000000003,W,0.8064516129032258,5,116,visa,0.7032258064516129,87.0,0.864516129032258,0.16774193548387098,mobile,0.11612903225806452,4,0.025806451612903226,897.27
1131,93,8082.850000000001,W,0.8064516129032258,5,76,visa,0.6881720430107527,87.0,0.8387096774193549,0.1827956989247312,desktop,0.10752688172043011,0,0.0,
1132,82,8804.341,W,0.7804878048780488,4,63,visa,0.7439024390243902,87.0,0.8292682926829268,0.2073170731707317,desktop,0.12195121951219512,3,0.036585365853658534,120.231
1133,62,5695.569,W,0.6774193548387096,3,48,visa,0.6612903225806451,87.0,0.7258064516129032,0.3225806451612903,mobile,0.1935483870967742,5,0.08064516129032258,116.12700000000001
1134,36,3119.2769999999996,W,0.75,5,29,visa,0.6111111111111112,87.0,0.8333333333333334,0.25,mobile,0.1388888888888889,0,0.0,
1135,26,2564.6569999999997,W,0.7307692307692307,3,22,visa,0.5769230769230769,87.0,0.8846153846153846,0.2692307692307692,mobile,0.19230769230769232,4,0.15384615384615385,637.546
1136,13,2053.822,W,0.7692307692307693,3,11,visa,0.6153846153846154,87.0,0.9230769230769231,0.23076923076923078,desktop,0.15384615384615385,0,0.0,
1137,6,970.45,W,0.8333333333333334,2,6,visa,0.6666666666666666,87.0,0.8333333333333334,0.16666666666666666,mobile,0.16666666666666666,0,0.0,
1138,13,844.5500000000002,W,1.0,1,11,visa,0.46153846153846156,87.0,1.0,0.0,,,1,0.07692307692307693,82.0
1139,20,1693.7300000000002,W,0.8,3,19,visa,0.75,87.0,0.95,0.2,desktop,0.15,1,0.05,50.0
1140,46,5633.82,W,0.8260869565217391,4,42,visa,0.6521739130434783,87.0,1.0,0.17391304347826086,desktop,0.08695652173913043,1,0.021739130434782608,882.0
1141,76,10934.771000000004,W,0.8947368421052632,5,63,visa,0.7105263157894737,87.0,0.9605263157894737,0.10526315789473684,mobile,0.06578947368421052,3,0.039473684210526314,436.0
1142,129,20513.137000000002,W,0.9069767441860465,5,106,visa,0.6666666666666666,87.0,0.9612403100775194,0.09302325581395349,desktop,0.05426356589147287,7,0.05426356589147287,1567.5
1143,137,19387.392,W,0.8540145985401459,5,96,visa,0.7007299270072993,87.0,0.948905109489051,0.13138686131386862,desktop,0.08759124087591241,3,0.021897810218978103,726.0
1144,203,32197.078,W,0.8620689655172413,4,149,visa,0.6748768472906403,87.0,0.9014778325123153,0.11330049261083744,desktop,0.06896551724137931,4,0.019704433497536946,938.99
1145,181,38428.566999999995,W,0.856353591160221,5,138,visa,0.6629834254143646,87.0,0.9281767955801105,0.13259668508287292,mobile,0.08839779005524862,7,0.03867403314917127,1241.0
1146,217,41787.913,W,0.9493087557603687,5,151,visa,0.6589861751152074,87.0,0.9769585253456221,0.04608294930875576,desktop,0.027649769585253458,4,0.018433179723502304,139.95
1147,235,36014.334,W,0.8680851063829788,5,165,visa,0.6425531914893617,87.0,0.9617021276595744,0.11914893617021277,desktop,0.08936170212765958,7,0.029787234042553193,1018.511
1148,225,32048.870000000003,W,0.8355555555555556,5,157,visa,0.6577777777777778,87.0,0.9377777777777778,0.14666666666666667,desktop,0.12,4,0.017777777777777778,694.0
1149,230,26909.897,W,0.8217391304347826,5,145,visa,0.6652173913043479,87.0,0.9043478260869565,0.1608695652173913,desktop,0.10869565217391304,13,0.05652173913043478,970.355
1150,210,29912.303,W,0.8476190476190476,5,158,visa,0.6428571428571429,87.0,0.9095238095238095,0.12380952380952381,desktop,0.08571428571428572,2,0.009523809523809525,124.598
1151,209,22550.823000000004,W,0.7990430622009569,4,151,visa,0.6267942583732058,87.0,0.861244019138756,0.19617224880382775,desktop,0.1291866028708134,11,0.05263157894736842,1022.61
1152,185,29663.936,W,0.9351351351351351,5,141,visa,0.6756756756756757,87.0,0.9837837837837838,0.05945945945945946,desktop,0.03783783783783784,7,0.03783783783783784,926.95
1153,178,25000.962,W,0.8089887640449438,5,120,visa,0.6404494382022472,87.0,0.8876404494382022,0.16853932584269662,desktop,0.10112359550561797,6,0.033707865168539325,243.5
1154,152,15755.386,W,0.8552631578947368,4,111,visa,0.6776315789473685,87.0,0.9210526315789473,0.14473684210526316,mobile,0.09210526315789473,3,0.019736842105263157,655.538
1155,129,14482.6,W,0.8372093023255814,5,99,visa,0.6511627906976745,87.0,0.8992248062015504,0.16279069767441862,mobile,0.08527131782945736,4,0.031007751937984496,345.94
1156,72,8973.046,W,0.8055555555555556,5,59,visa,0.6666666666666666,87.0,0.9027777777777778,0.19444444444444445,desktop,0.125,1,0.013888888888888888,175.0
1157,47,6371.509,W,0.851063829787234,3,40,visa,0.7446808510638298,87.0,0.8723404255319149,0.14893617021276595,desktop,0.10638297872340426,3,0.06382978723404255,389.95
1158,29,3719.0009999999997,W,0.8275862068965517,3,24,visa,0.7586206896551724,87.0,0.896551724137931,0.1724137931034483,desktop,0.10344827586206896,2,0.06896551724137931,125.0
1159,23,3392.95,W,0.8260869565217391,4,18,visa,0.7391304347826086,87.0,1.0,0.17391304347826086,desktop,0.13043478260869565,4,0.17391304347826086,573.85
1160,7,896.0640000000001,W,0.5714285714285714,3,6,visa,0.5714285714285714,87.0,0.7142857142857143,0.42857142857142855,desktop,0.42857142857142855,2,0.2857142857142857,122.664
1161,8,799.3399999999999,W,0.875,2,8,visa,0.875,87.0,1.0,0.125,mobile,0.125,0,0.0,
1162,8,657.8599999999999,W,1.0,1,8,visa,1.0,87.0,1.0,0.0,,,0,0.0,
1163,36,3350.9379999999996,W,0.8611111111111112,3,30,visa,0.6111111111111112,87.0,0.9722222222222222,0.1388888888888889,mobile,0.1111111111111111,3,0.08333333333333333,371.0
1164,48,7576.908,W,0.875,4,41,visa,0.625,87.0,0.9583333333333334,0.125,desktop,0.10416666666666667,3,0.0625,753.28
1165,79,12391.929000000002,W,0.8227848101265823,5,63,visa,0.5949367088607594,87.0,0.8987341772151899,0.17721518987341772,desktop,0.12658227848101267,1,0.012658227848101266,500.0
1166,148,23914.515,W,0.8716216216216216,4,113,visa,0.6351351351351351,87.0,0.9324324324324325,0.12162162162162163,desktop,0.10135135135135136,4,0.02702702702702703,379.0
1167,188,24007.469,W,0.8936170212765957,5,125,visa,0.648936170212766,87.0,0.9468085106382979,0.07446808510638298,desktop,0.06382978723404255,8,0.0425531914893617,1747.018
1168,201,28652.143000000004,W,0.8407960199004975,5,140,visa,0.6865671641791045,87.0,0.9203980099502488,0.14925373134328357,desktop,0.10945273631840796,9,0.04477611940298507,736.228
1169,202,25054.817000000003,W,0.8564356435643564,5,155,visa,0.693069306930693,87.0,0.9207920792079208,0.13861386138613863,desktop,0.11386138613861387,0,0.0,
1170,247,38375.986,W,0.9068825910931174,5,162,visa,0.631578947368421,87.0,0.9392712550607287,0.08097165991902834,desktop,0.04048582995951417,5,0.020242914979757085,350.0
1171,208,28387.137,W,0.8798076923076923,5,149,visa,0.6826923076923077,87.0,0.9663461538461539,0.09615384615384616,desktop,0.0673076923076923,4,0.019230769230769232,399.0
1172,235,31694.332000000002,W,0.8765957446808511,5,161,visa,0.6468085106382979,87.0,0.9404255319148936,0.11063829787234042,desktop,0.09787234042553192,16,0.06808510638297872,2095.5930000000003
1173,226,41648.079999999994,W,0.8495575221238938,5,160,visa,0.7389380530973452,87.0,0.911504424778761,0.14601769911504425,mobile,0.09734513274336283,13,0.05752212389380531,2246.6130000000003
1174,214,27565.341000000004,W,0.8271028037383178,5,153,visa,0.6588785046728972,87.0,0.8738317757009346,0.1588785046728972,mobile,0.08411214953271028,14,0.06542056074766354,1285.858
1175,192,32316.522999999994,W,0.8541666666666666,5,144,visa,0.6354166666666666,87.0,0.9010416666666666,0.13541666666666666,desktop,0.09895833333333333,3,0.015625,173.0
1176,207,30311.33,W,0.821256038647343,5,148,visa,0.6280193236714976,87.0,0.8647342995169082,0.16908212560386474,desktop,0.10144927536231885,10,0.04830917874396135,633.891
1177,180,18837.393000000004,W,0.8666666666666667,5,137,visa,0.7055555555555556,87.0,0.9055555555555556,0.13333333333333333,desktop,0.08333333333333333,2,0.011111111111111112,865.21
1178,148,15161.086000000001,W,0.8445945945945946,4,110,visa,0.6756756756756757,87.0,0.8986486486486487,0.13513513513513514,desktop,0.07432432432432433,3,0.02027027027027027,326.18399999999997
1179,137,16175.047999999999,W,0.7445255474452555,4,105,visa,0.708029197080292,87.0,0.8540145985401459,0.24087591240875914,mobile,0.15328467153284672,6,0.043795620437956206,355.966
1180,79,8695.574000000002,W,0.9113924050632911,4,68,visa,0.6075949367088608,87.0,0.9620253164556962,0.08860759493670886,mobile,0.06329113924050633,1,0.012658227848101266,57.95
1181,60,6535.744,W,0.8333333333333334,4,49,visa,0.6666666666666666,87.0,0.9166666666666666,0.16666666666666666,mobile,0.11666666666666667,7,0.11666666666666667,837.8500000000001
1182,9,660.75,W,0.8888888888888888,2,8,visa,0.6666666666666666,87.0,1.0,0.1111111111111111,desktop,0.1111111111111111,1,0.1111111111111111,30.0
1183,21,1725.9610000000002,W,0.7619047619047619,4,20,visa,0.7142857142857143,87.0,0.8571428571428571,0.23809523809523808,desktop,0.23809523809523808,4,0.19047619047619047,153.808
1184,13,1611.7500000000002,W,0.9230769230769231,2,13,visa,0.7692307692307693,87.0,1.0,0.07692307692307693,desktop,0.07692307692307693,1,0.07692307692307693,150.0
1185,15,1684.1200000000001,W,0.8,3,11,visa,0.8,87.0,1.0,0.2,mobile,0.2,1,0.06666666666666667,159.95
1186,15,3288.6059999999998,W,0.9333333333333333,2,12,visa,0.8666666666666667,87.0,0.9333333333333333,0.06666666666666667,desktop,0.06666666666666667,0,0.0,
1187,24,2467.7,W,0.8333333333333334,2,21,visa,0.7083333333333334,87.0,1.0,0.16666666666666666,mobile,0.16666666666666666,6,0.25,708.0
1188,46,5840.67,W,0.8260869565217391,4,42,visa,0.5652173913043478,87.0,0.9130434782608695,0.17391304347826086,desktop,0.17391304347826086,1,0.021739130434782608,49.0
1189,87,11029.274000000003,W,0.8505747126436781,4,73,visa,0.6896551724137931,87.0,0.9195402298850575,0.14942528735632185,desktop,0.10344827586206896,1,0.011494252873563218,101.792
1190,118,18200.605,W,0.8220338983050848,5,89,visa,0.5677966101694916,87.0,0.940677966101695,0.15254237288135594,desktop,0.0847457627118644,7,0.059322033898305086,961.0
1191,170,26088.628,W,0.888235294117647,5,131,visa,0.6705882352941176,87.0,0.9529411764705882,0.09411764705882353,desktop,0.058823529411764705,2,0.011764705882352941,350.0
1192,186,27074.473,W,0.8225806451612904,5,139,visa,0.6451612903225806,87.0,0.9032258064516129,0.14516129032258066,desktop,0.11827956989247312,9,0.04838709677419355,723.9300000000001
1193,210,31468.105000000003,W,0.8142857142857143,5,162,visa,0.6666666666666666,87.0,0.8714285714285714,0.1619047619047619,desktop,0.11904761904761904,15,0.07142857142857142,942.7820000000002
1194,225,31036.285,W,0.8533333333333334,5,148,visa,0.6533333333333333,87.0,0.9288888888888889,0.13777777777777778,desktop,0.11555555555555555,7,0.03111111111111111,1184.85
1195,201,26718.702,W,0.7761194029850746,5,135,visa,0.6716417910447762,87.0,0.8606965174129353,0.21393034825870647,desktop,0.14427860696517414,14,0.06965174129353234,1738.1139999999996
1196,244,41533.094,W,0.8278688524590164,5,156,visa,0.7295081967213115,87.0,0.889344262295082,0.14754098360655737,desktop,0.11475409836065574,10,0.040983606557377046,1509.652
1197,213,29591.66,W,0.7793427230046949,5,152,visa,0.6854460093896714,87.0,0.8732394366197183,0.17370892018779344,desktop,0.11267605633802817,5,0.023474178403755867,1999.0
1198,217,41178.579,W,0.8617511520737328,4,158,visa,0.6451612903225806,87.0,0.9170506912442397,0.1382488479262673,mobile,0.06912442396313365,3,0.013824884792626729,176.213
1199,228,32333.303000000007,W,0.8508771929824561,5,160,visa,0.7192982456140351,87.0,0.9473684210526315,0.14035087719298245,desktop,0.10087719298245613,5,0.021929824561403508,376.0
1200,208,26326.379,W,0.7788461538461539,5,139,visa,0.6778846153846154,87.0,0.8557692307692307,0.20192307692307693,desktop,0.125,5,0.02403846153846154,438.442
1201,160,19277.911,W,0.875,5,118,visa,0.6625,87.0,0.94375,0.125,desktop,0.06875,2,0.0125,181.313
1202,132,12749.199,W,0.7348484848484849,4,100,visa,0.6136363636363636,87.0,0.7878787878787878,0.26515151515151514,desktop,0.1893939393939394,13,0.09848484848484848,1932.8240000000003
1203,125,14952.611,W,0.704,5,103,visa,0.632,87.0,0.808,0.296,desktop,0.232,14,0.112,1876.0140000000001
1204,98,14266.765000000003,W,0.7244897959183674,4,76,visa,0.6632653061224489,87.0,0.826530612244898,0.2755102040816326,desktop,0.24489795918367346,15,0.15306122448979592,1620.3080000000002
1205,42,5282.294000000001,W,0.8095238095238095,4,36,visa,0.7142857142857143,87.0,0.9047619047619048,0.16666666666666666,desktop,0.09523809523809523,1,0.023809523809523808,300.0
1206,38,4108.246,W,0.6578947368421053,4,33,visa,0.6842105263157895,87.0,0.7894736842105263,0.34210526315789475,mobile,0.21052631578947367,4,0.10526315789473684,31.716
1207,16,2024.4859999999999,W,0.8125,4,14,visa,0.5625,87.0,0.9375,0.1875,mobile,0.125,3,0.1875,239.0
1208,15,1858.8500000000001,W,0.9333333333333333,2,15,visa,0.6666666666666666,87.0,1.0,0.06666666666666667,desktop,0.06666666666666667,1,0.06666666666666667,200.0
1209,7,2439.1110000000003,W,0.8571428571428571,2,5,visa,1.0,87.0,0.8571428571428571,0.14285714285714285,desktop,0.14285714285714285,2,0.2857142857142857,951.0
1210,19,1839.9669999999999,W,0.7894736842105263,3,16,mastercard,0.5789473684210527,87.0,0.8947368421052632,0.21052631578947367,desktop,0.10526315789473684,0,0.0,
1211,28,2881.1759999999995,W,0.8928571428571429,3,25,visa,0.5357142857142857,87.0,0.9642857142857143,0.10714285714285714,desktop,0.07142857142857142,2,0.07142857142857142,300.0
1212,75,17001.24,W,0.8933333333333333,3,57,visa,0.7066666666666667,87.0,0.9866666666666667,0.10666666666666667,desktop,0.06666666666666667,1,0.013333333333333334,40.0
1213,103,12974.948000000002,W,0.8155339805825242,5,80,visa,0.6990291262135923,87.0,0.9320388349514563,0.18446601941747573,desktop,0.14563106796116504,2,0.019417475728155338,307.95
1214,146,22262.685999999998,W,0.8082191780821918,5,110,visa,0.6506849315068494,87.0,0.9315068493150684,0.1917808219178082,desktop,0.1232876712328767,4,0.0273972602739726,618.0
1215,216,36333.994000000006,W,0.7870370370370371,5,148,visa,0.7453703703703703,87.0,0.8842592592592593,0.16666666666666666,desktop,0.12037037037037036,8,0.037037037037037035,1083.068
1216,236,32124.502,W,0.8135593220338984,5,169,visa,0.6398305084745762,87.0,0.902542372881356,0.1440677966101695,desktop,0.11440677966101695,5,0.0211864406779661,402.5
1217,243,32672.760000000002,W,0.8189300411522634,5,165,visa,0.6707818930041153,87.0,0.8888888888888888,0.16872427983539096,mobile,0.08641975308641975,24,0.09876543209876543,1668.9699999999998
1218,225,41508.762,W,0.8444444444444444,5,155,visa,0.6755555555555556,87.0,0.9288888888888889,0.14666666666666667,desktop,0.13333333333333333,13,0.057777777777777775,2034.535
1219,216,33457.907,W,0.7916666666666666,5,150,visa,0.6527777777777778,87.0,0.9120370370370371,0.2037037037037037,desktop,0.13425925925925927,7,0.032407407407407406,725.428
1220,223,37987.674,W,0.8699551569506726,5,157,visa,0.6860986547085202,87.0,0.9372197309417041,0.1210762331838565,desktop,0.08968609865470852,10,0.04484304932735426,1011.068
1221,235,33060.453,W,0.8553191489361702,5,163,visa,0.6851063829787234,87.0,0.9063829787234042,0.13617021276595745,desktop,0.07234042553191489,17,0.07234042553191489,955.695
1222,294,45806.858,W,0.8401360544217688,5,202,visa,0.6190476190476191,87.0,0.8979591836734694,0.14625850340136054,mobile,0.07482993197278912,17,0.05782312925170068,3104.8419999999996
1223,236,35934.687000000005,W,0.8686440677966102,5,169,visa,0.6991525423728814,87.0,0.9364406779661016,0.11440677966101695,desktop,0.059322033898305086,5,0.0211864406779661,937.0
1224,218,22017.350000000002,W,0.8348623853211009,5,155,visa,0.7522935779816514,87.0,0.8853211009174312,0.14678899082568808,desktop,0.0963302752293578,6,0.027522935779816515,308.73699999999997
1225,217,24659.815,W,0.8387096774193549,5,155,visa,0.6267281105990783,87.0,0.8986175115207373,0.15207373271889402,desktop,0.08294930875576037,5,0.02304147465437788,248.94099999999997
1226,147,15425.268,W,0.7142857142857143,5,111,visa,0.7074829931972789,87.0,0.7687074829931972,0.272108843537415,mobile,0.17006802721088435,0,0.0,
1227,103,11512.949,W,0.7475728155339806,5,86,visa,0.5825242718446602,87.0,0.883495145631068,0.2524271844660194,mobile,0.1650485436893204,4,0.038834951456310676,429.49199999999996
1228,71,8712.769000000002,W,0.7183098591549296,3,52,visa,0.7746478873239436,87.0,0.7323943661971831,0.28169014084507044,mobile,0.16901408450704225,5,0.07042253521126761,1263.2630000000001
1229,29,1979.061,W,0.6551724137931034,3,24,visa,0.7931034482758621,87.0,0.6896551724137931,0.3448275862068966,desktop,0.20689655172413793,7,0.2413793103448276,433.349
1230,34,3780.322,W,0.7058823529411765,3,28,visa,0.7352941176470589,87.0,0.8823529411764706,0.29411764705882354,desktop,0.23529411764705882,3,0.08823529411764706,349.0
1231,21,2392.187,W,0.5714285714285714,4,16,visa,0.6190476190476191,87.0,0.7142857142857143,0.42857142857142855,mobile,0.3333333333333333,3,0.14285714285714285,690.504
1232,12,1296.794,W,0.75,3,12,mastercard,0.6666666666666666,87.0,0.9166666666666666,0.25,desktop,0.16666666666666666,1,0.08333333333333333,200.0
1233,11,1325.99,W,0.9090909090909091,2,11,visa,0.7272727272727273,87.0,1.0,0.09090909090909091,desktop,0.09090909090909091,1,0.09090909090909091,50.0
1234,15,831.5190000000001,C,0.7333333333333333,2,4,visa,0.8666666666666667,87.0,0.26666666666666666,0.7333333333333333,desktop,0.7333333333333333,11,0.7333333333333333,713.0690000000001
1235,10,656.8900000000001,W,1.0,1,8,visa,0.5,87.0,1.0,0.0,,,0,0.0,
1236,18,3279.508,W,0.8888888888888888,3,17,visa,0.7222222222222222,87.0,0.9444444444444444,0.1111111111111111,desktop,0.05555555555555555,0,0.0,
1237,60,9576.365,W,0.85,5,52,visa,0.6333333333333333,87.0,0.9666666666666667,0.15,desktop,0.13333333333333333,6,0.1,832.0
1238,115,16991.196,W,0.8260869565217391,5,84,visa,0.7043478260869566,87.0,0.8869565217391304,0.17391304347826086,desktop,0.11304347826086956,0,0.0,
1239,123,14720.693000000001,W,0.8617886178861789,5,98,visa,0.7560975609756098,87.0,0.943089430894309,0.12195121951219512,desktop,0.07317073170731707,3,0.024390243902439025,125.0
1240,162,18196.487,W,0.8518518518518519,4,121,visa,0.6851851851851852,87.0,0.9629629629629629,0.12345679012345678,desktop,0.07407407407407407,15,0.09259259259259259,3016.99
1241,218,27075.949,W,0.7155963302752294,5,136,visa,0.6422018348623854,87.0,0.9174311926605505,0.27522935779816515,mobile,0.16055045871559634,20,0.09174311926605505,3103.0
1242,200,28428.985,W,0.885,5,151,visa,0.69,87.0,0.93,0.105,desktop,0.055,6,0.03,1267.0
1243,234,29407.868000000002,W,0.8376068376068376,5,161,visa,0.6282051282051282,87.0,0.9358974358974359,0.14957264957264957,desktop,0.08547008547008547,9,0.038461538461538464,2008.22
1244,205,22517.543000000005,W,0.8780487804878049,5,135,visa,0.6878048780487804,87.0,0.9414634146341463,0.11219512195121951,mobile,0.05853658536585366,5,0.024390243902439025,199.501
1245,207,26579.501000000004,W,0.8357487922705314,5,144,visa,0.7004830917874396,87.0,0.9178743961352657,0.15942028985507245,mobile,0.09178743961352658,9,0.043478260869565216,1133.568
1246,213,23742.361,W,0.8028169014084507,5,148,visa,0.5539906103286385,87.0,0.8544600938967136,0.18309859154929578,mobile,0.1267605633802817,4,0.018779342723004695,388.0
1247,183,21015.513,W,0.7158469945355191,4,119,visa,0.7595628415300546,87.0,0.8743169398907104,0.25136612021857924,desktop,0.21311475409836064,25,0.1366120218579235,4380.996
1248,157,14257.964,W,0.7643312101910829,5,108,visa,0.7579617834394905,87.0,0.802547770700637,0.17834394904458598,desktop,0.11464968152866242,5,0.03184713375796178,436.664
1249,126,12221.732000000004,W,0.8333333333333334,5,88,visa,0.6666666666666666,87.0,0.9206349206349206,0.16666666666666666,desktop,0.0873015873015873,7,0.05555555555555555,769.723
1250,102,8433.303999999998,W,0.8333333333333334,5,77,visa,0.7352941176470589,87.0,0.9019607843137255,0.1568627450980392,desktop,0.10784313725490197,2,0.0196078431372549,339.0
1251,79,6215.391,W,0.6962025316455697,4,62,visa,0.6455696202531646,87.0,0.7468354430379747,0.3037974683544304,mobile,0.1518987341772152,0,0.0,
1252,56,4967.302,W,0.5357142857142857,2,41,visa,0.625,87.0,0.5357142857142857,0.4642857142857143,desktop,0.23214285714285715,5,0.08928571428571429,786.1170000000001
1253,52,4853.589999999999,W,0.6153846153846154,4,42,visa,0.7115384615384616,87.0,0.6923076923076923,0.38461538461538464,desktop,0.19230769230769232,7,0.1346153846153846,1019.49
1254,30,2791.5829999999996,W,0.6,3,23,visa,0.6,87.0,0.7,0.36666666666666664,mobile,0.2,6,0.2,659.027
1255,19,1663.415,W,0.7368421052631579,2,18,visa,0.5263157894736842,87.0,0.7368421052631579,0.2631578947368421,desktop,0.2631578947368421,3,0.15789473684210525,125.577
1256,19,4657.637999999999,W,0.7894736842105263,3,17,visa,0.7368421052631579,87.0,0.8421052631578947,0.15789473684210525,desktop,0.10526315789473684,4,0.21052631578947367,3097.859
1257,6,976.7900000000001,W,1.0,1,6,mastercard,0.5,87.0,1.0,0.0,,,1,0.16666666666666666,226.0
1258,13,3853.934,W,0.7692307692307693,4,10,mastercard,0.46153846153846156,87.0,0.9230769230769231,0.23076923076923078,desktop,0.15384615384615385,2,0.15384615384615385,263.0
1259,13,1457.3470000000002,W,0.6923076923076923,3,12,visa,0.6153846153846154,87.0,0.8461538461538461,0.3076923076923077,mobile,0.3076923076923077,0,0.0,
1260,22,1920.06,W,0.5,5,18,visa,0.5909090909090909,87.0,0.6363636363636364,0.5,desktop,0.4090909090909091,4,0.18181818181818182,258.767
1261,44,5876.398999999999,W,0.8636363636363636,4,39,visa,0.6363636363636364,87.0,0.9545454545454546,0.13636363636363635,desktop,0.09090909090909091,2,0.045454545454545456,100.0
1262,76,9186.500000000002,W,0.7894736842105263,5,60,visa,0.6052631578947368,87.0,0.868421052631579,0.21052631578947367,mobile,0.11842105263157894,5,0.06578947368421052,516.0
1263,94,9075.887,W,0.7340425531914894,5,76,visa,0.6914893617021277,87.0,0.8617021276595744,0.22340425531914893,desktop,0.1276595744680851,5,0.05319148936170213,970.672
1264,144,14727.496000000001,W,0.7708333333333334,5,105,visa,0.6458333333333334,87.0,0.875,0.20833333333333334,desktop,0.13194444444444445,10,0.06944444444444445,1954.7520000000002
1265,167,14837.725000000002,W,0.8562874251497006,5,127,visa,0.688622754491018,87.0,0.9401197604790419,0.1317365269461078,desktop,0.0658682634730539,6,0.03592814371257485,575.828
1266,202,19616.85,W,0.8217821782178217,5,134,visa,0.6831683168316832,87.0,0.8762376237623762,0.15346534653465346,desktop,0.09405940594059406,8,0.039603960396039604,559.404
1267,186,19718.606,W,0.8010752688172043,5,121,visa,0.7634408602150538,87.0,0.8709677419354839,0.15591397849462366,mobile,0.0913978494623656,8,0.043010752688172046,528.2570000000001
1268,191,21602.610999999997,W,0.8429319371727748,5,145,visa,0.6701570680628273,87.0,0.900523560209424,0.13612565445026178,desktop,0.07329842931937172,6,0.031413612565445025,1707.844
1269,188,20243.86,W,0.7978723404255319,5,136,visa,0.6648936170212766,87.0,0.8617021276595744,0.18085106382978725,desktop,0.10106382978723404,8,0.0425531914893617,559.385
1270,180,18782.549000000003,W,0.8555555555555555,5,132,visa,0.7333333333333333,87.0,0.95,0.14444444444444443,desktop,0.10555555555555556,4,0.022222222222222223,460.19599999999997
1271,167,14310.199,W,0.8143712574850299,5,130,visa,0.6347305389221557,87.0,0.9221556886227545,0.18562874251497005,mobile,0.11377245508982035,6,0.03592814371257485,234.09000000000003
1272,172,15247.667000000001,W,0.7906976744186046,5,132,visa,0.6453488372093024,87.0,0.8546511627906976,0.18604651162790697,desktop,0.14534883720930233,2,0.011627906976744186,221.0
1273,152,16146.317000000001,W,0.8618421052631579,5,112,visa,0.7039473684210527,87.0,0.9210526315789473,0.13815789473684212,mobile,0.07236842105263158,2,0.013157894736842105,156.0
1274,131,12786.517,W,0.8625954198473282,5,100,visa,0.6717557251908397,87.0,0.9541984732824428,0.13740458015267176,mobile,0.07633587786259542,4,0.030534351145038167,1122.0
1275,101,8584.773000000001,W,0.7722772277227723,5,79,visa,0.801980198019802,87.0,0.8514851485148515,0.22772277227722773,desktop,0.12871287128712872,4,0.039603960396039604,429.36
1276,77,7672.48,W,0.8571428571428571,4,64,visa,0.6883116883116883,87.0,0.9090909090909091,0.14285714285714285,mobile,0.07792207792207792,0,0.0,
1277,59,4307.136,W,0.7627118644067796,4,49,visa,0.6271186440677966,87.0,0.7966101694915254,0.23728813559322035,mobile,0.13559322033898305,1,0.01694915254237288,61.332
1278,31,3220.2959999999994,W,0.8064516129032258,4,28,visa,0.7741935483870968,87.0,0.8709677419354839,0.16129032258064516,mobile,0.12903225806451613,3,0.0967741935483871,161.664
1279,11,1963.0800000000002,W,0.6363636363636364,2,11,visa,0.6363636363636364,87.0,1.0,0.36363636363636365,desktop,0.18181818181818182,2,0.18181818181818182,600.0
1280,13,1799.5500000000002,W,0.8461538461538461,2,12,visa,0.6923076923076923,87.0,1.0,0.15384615384615385,desktop,0.07692307692307693,2,0.15384615384615385,450.0
1281,8,850.7,W,1.0,1,8,visa,0.75,87.0,1.0,0.0,,,0,0.0,
1282,11,864.6500000000001,W,0.9090909090909091,2,9,mastercard,0.5454545454545454,87.0,1.0,0.09090909090909091,desktop,0.09090909090909091,0,0.0,
1283,17,1535.6200000000001,W,0.7647058823529411,4,16,visa,0.5882352941176471,87.0,1.0,0.23529411764705882,desktop,0.17647058823529413,2,0.11764705882352941,400.0
1284,35,3474.1529999999993,W,0.8857142857142857,3,31,visa,0.6571428571428571,87.0,0.9142857142857143,0.11428571428571428,desktop,0.05714285714285714,0,0.0,
1285,80,8939.538,W,0.9,5,69,visa,0.6,87.0,0.95,0.1,desktop,0.0625,2,0.025,400.988
1286,129,18245.618000000002,W,0.8062015503875969,5,101,visa,0.6124031007751938,87.0,0.8992248062015504,0.1937984496124031,desktop,0.12403100775193798,4,0.031007751937984496,650.482
1287,182,28825.295,W,0.8681318681318682,5,133,visa,0.6703296703296703,87.0,0.967032967032967,0.11538461538461539,desktop,0.08791208791208792,4,0.02197802197802198,622.044
1288,170,26850.805999999997,W,0.8588235294117647,4,119,visa,0.7294117647058823,87.0,0.9,0.11176470588235295,desktop,0.1,6,0.03529411764705882,429.44599999999997
1289,215,52682.473,W,0.9488372093023256,2,157,visa,0.6837209302325581,87.0,0.9488372093023256,0.05116279069767442,desktop,0.046511627906976744,3,0.013953488372093023,268.95
1290,223,45195.78400000001,W,0.8968609865470852,2,163,visa,0.7040358744394619,87.0,0.8923766816143498,0.09865470852017937,desktop,0.06726457399103139,1,0.004484304932735426,117.0
1291,208,37645.945,W,0.8557692307692307,5,162,visa,0.6730769230769231,87.0,0.875,0.1346153846153846,desktop,0.10576923076923077,6,0.028846153846153848,3360.67
1292,232,37023.12299999999,W,0.8060344827586207,5,164,visa,0.7543103448275862,87.0,0.9094827586206896,0.1853448275862069,desktop,0.1336206896551724,9,0.03879310344827586,1696.846
1293,238,33949.914000000004,W,0.7815126050420168,5,168,visa,0.6428571428571429,87.0,0.8529411764705882,0.18907563025210083,desktop,0.09663865546218488,4,0.01680672268907563,505.95
1294,201,34032.223,W,0.8308457711442786,5,160,visa,0.681592039800995,87.0,0.9502487562189055,0.15422885572139303,desktop,0.11940298507462686,7,0.03482587064676617,1446.278
1295,212,27132.512000000002,W,0.8679245283018868,5,144,visa,0.6650943396226415,87.0,0.9292452830188679,0.1320754716981132,desktop,0.09905660377358491,11,0.05188679245283019,1608.174
1296,185,20338.682,W,0.8594594594594595,5,142,visa,0.7027027027027027,87.0,0.918918918918919,0.11891891891891893,desktop,0.0972972972972973,5,0.02702702702702703,522.99
1297,190,23879.691,W,0.8315789473684211,5,130,visa,0.631578947368421,87.0,0.9,0.15263157894736842,desktop,0.08947368421052632,3,0.015789473684210527,199.236
1298,153,18536.758,W,0.8758169934640523,5,115,visa,0.7189542483660131,87.0,0.9215686274509803,0.12418300653594772,desktop,0.06535947712418301,7,0.0457516339869281,692.0409999999999
1299,130,15244.464,W,0.7769230769230769,5,101,visa,0.7153846153846154,87.0,0.8076923076923077,0.2230769230769231,desktop,0.12307692307692308,1,0.007692307692307693,500.0
1300,79,6560.005999999999,W,0.8227848101265823,5,60,visa,0.6329113924050633,87.0,0.8734177215189873,0.17721518987341772,desktop,0.12658227848101267,3,0.0379746835443038,402.524
1301,49,4723.856,W,0.8571428571428571,4,38,visa,0.7142857142857143,87.0,0.9591836734693877,0.14285714285714285,desktop,0.10204081632653061,0,0.0,
1302,17,1376.14,W,0.6470588235294118,2,15,visa,0.7647058823529411,87.0,0.6470588235294118,0.35294117647058826,desktop,0.29411764705882354,0,0.0,
1303,15,925.4000000000002,W,0.9333333333333333,2,14,visa,0.6666666666666666,87.0,1.0,0.06666666666666667,mobile,0.06666666666666667,0,0.0,
1304,11,1595.8700000000001,W,1.0,1,8,visa,0.8181818181818182,87.0,1.0,0.0,,,0,0.0,
1305,8,975.9000000000001,W,0.625,3,7,visa,0.75,87.0,1.0,0.375,mobile,0.25,1,0.125,200.0
1306,7,449.9,W,0.8571428571428571,2,7,mastercard,0.8571428571428571,87.0,1.0,0.14285714285714285,desktop,0.14285714285714285,1,0.14285714285714285,92.0
1307,28,2615.0969999999993,W,0.8928571428571429,4,25,visa,0.7142857142857143,87.0,0.9642857142857143,0.10714285714285714,desktop,0.07142857142857142,0,0.0,
1308,38,3234.3099999999995,W,0.7105263157894737,4,33,visa,0.631578947368421,87.0,0.9736842105263158,0.2894736842105263,desktop,0.15789473684210525,0,0.0,
1309,77,10758.381,W,0.8441558441558441,5,64,visa,0.6103896103896104,87.0,0.974025974025974,0.15584415584415584,desktop,0.09090909090909091,2,0.025974025974025976,491.0
1310,105,15874.678,W,0.9333333333333333,4,82,visa,0.638095238095238,87.0,0.9523809523809523,0.06666666666666667,desktop,0.0380952380952381,3,0.02857142857142857,147.838
1311,123,18981.706,W,0.7804878048780488,5,98,visa,0.6260162601626016,87.0,0.9186991869918699,0.21138211382113822,desktop,0.10569105691056911,5,0.04065040650406504,3087.3729999999996
1312,173,25378.595999999998,W,0.7803468208092486,5,121,visa,0.7109826589595376,87.0,0.8728323699421965,0.21965317919075145,desktop,0.15606936416184972,12,0.06936416184971098,485.942
1313,175,26985.721,W,0.7828571428571428,5,116,visa,0.6514285714285715,87.0,0.9028571428571428,0.2,desktop,0.13714285714285715,9,0.05142857142857143,1288.0
1314,175,32812.752,W,0.8114285714285714,5,119,visa,0.6857142857142857,87.0,0.9028571428571428,0.18857142857142858,desktop,0.14285714285714285,7,0.04,859.0
1315,233,37409.448000000004,W,0.8240343347639485,5,161,visa,0.6523605150214592,87.0,0.8969957081545065,0.15021459227467812,desktop,0.07725321888412018,16,0.06866952789699571,2560.1409999999996
1316,189,30711.504,W,0.8518518518518519,5,140,visa,0.6455026455026455,87.0,0.9365079365079365,0.14285714285714285,desktop,0.10582010582010581,7,0.037037037037037035,530.0
1317,217,31066.795000000002,W,0.8709677419354839,5,142,visa,0.6774193548387096,87.0,0.9539170506912442,0.11981566820276497,desktop,0.06451612903225806,11,0.05069124423963134,1352.0
1318,220,29496.438000000002,W,0.7545454545454545,5,153,visa,0.6090909090909091,87.0,0.8954545454545455,0.20909090909090908,desktop,0.18636363636363637,11,0.05,1421.0
1319,201,25804.519,W,0.7810945273631841,5,145,visa,0.6616915422885572,87.0,0.8756218905472637,0.21393034825870647,desktop,0.12437810945273632,8,0.03980099502487562,1035.441
1320,189,25311.487,W,0.7513227513227513,5,141,visa,0.7142857142857143,87.0,0.8201058201058201,0.2222222222222222,desktop,0.12169312169312169,7,0.037037037037037035,901.45
1321,158,21664.543000000005,W,0.7658227848101266,5,110,visa,0.7658227848101266,87.0,0.8607594936708861,0.22784810126582278,desktop,0.12658227848101267,4,0.02531645569620253,616.039
1322,142,13821.626,W,0.8380281690140845,5,107,visa,0.6408450704225352,87.0,0.8873239436619719,0.1619718309859155,desktop,0.08450704225352113,6,0.04225352112676056,670.8900000000001
1323,119,10493.296000000006,W,0.7058823529411765,5,92,visa,0.6470588235294118,87.0,0.7478991596638656,0.29411764705882354,mobile,0.15126050420168066,3,0.025210084033613446,254.0
1324,89,8751.717,W,0.6179775280898876,5,69,visa,0.6629213483146067,87.0,0.6966292134831461,0.38202247191011235,mobile,0.19101123595505617,2,0.02247191011235955,45.708
1325,38,5691.575,W,0.868421052631579,4,31,visa,0.7631578947368421,87.0,0.9210526315789473,0.13157894736842105,desktop,0.10526315789473684,1,0.02631578947368421,39.0
1326,22,2189.9099999999994,W,0.7727272727272727,4,19,visa,0.6818181818181818,87.0,0.8636363636363636,0.22727272727272727,desktop,0.18181818181818182,0,0.0,
1327,16,1605.6,W,0.5625,4,11,visa,0.625,87.0,1.0,0.4375,mobile,0.375,0,0.0,
1328,16,1408.425,W,0.8125,3,14,visa,0.6875,87.0,0.875,0.1875,desktop,0.125,0,0.0,
1329,6,521.8,W,1.0,1,5,visa,0.6666666666666666,87.0,1.0,0.0,,,0,0.0,
1330,16,1194.56,W,1.0,1,14,visa,0.625,87.0,1.0,0.0,,,0,0.0,
1331,18,1301.571,W,0.7777777777777778,4,17,visa,0.5555555555555556,87.0,0.9444444444444444,0.2222222222222222,desktop,0.16666666666666666,0,0.0,
1332,56,7675.951,W,0.9285714285714286,4,46,visa,0.6785714285714286,87.0,0.9642857142857143,0.07142857142857142,mobile,0.05357142857142857,0,0.0,
1333,99,11765.139000000001,W,0.8686868686868687,5,79,visa,0.6060606060606061,87.0,0.9393939393939394,0.13131313131313133,desktop,0.0707070707070707,0,0.0,
1334,127,15854.078000000001,W,0.8818897637795275,5,95,visa,0.6299212598425197,87.0,0.968503937007874,0.11023622047244094,desktop,0.07086614173228346,2,0.015748031496062992,576.0
1335,144,23570.076,W,0.8125,5,117,visa,0.6319444444444444,87.0,0.9097222222222222,0.1736111111111111,desktop,0.1111111111111111,2,0.013888888888888888,1132.8
1336,155,20867.154000000002,W,0.832258064516129,5,115,visa,0.6258064516129033,87.0,0.9483870967741935,0.14193548387096774,desktop,0.12258064516129032,6,0.03870967741935484,1464.505
1337,168,23656.478000000003,W,0.8392857142857143,5,120,visa,0.7083333333333334,87.0,0.9047619047619048,0.14285714285714285,desktop,0.13690476190476192,5,0.02976190476190476,718.9000000000001
1338,185,29676.642000000003,W,0.8162162162162162,5,144,visa,0.6756756756756757,87.0,0.9405405405405406,0.1783783783783784,desktop,0.15135135135135136,8,0.043243243243243246,1958.5430000000001
1339,194,31929.71,W,0.8041237113402062,5,135,visa,0.654639175257732,87.0,0.9175257731958762,0.14432989690721648,desktop,0.10309278350515463,3,0.015463917525773196,271.0
1340,223,40822.432,W,0.8385650224215246,5,151,visa,0.6278026905829597,87.0,0.9147982062780269,0.14798206278026907,desktop,0.12556053811659193,2,0.008968609865470852,208.95
1341,163,24160.472,W,0.7975460122699386,5,117,visa,0.6625766871165644,87.0,0.9079754601226994,0.1656441717791411,desktop,0.13496932515337423,3,0.018404907975460124,255.38799999999998
1342,218,34948.845,W,0.8486238532110092,5,156,visa,0.6743119266055045,87.0,0.9311926605504587,0.14220183486238533,desktop,0.10550458715596331,8,0.03669724770642202,1247.5769999999998
1343,210,29555.029000000002,W,0.8714285714285714,4,146,visa,0.6761904761904762,87.0,0.9,0.10952380952380952,desktop,0.1,14,0.06666666666666667,1912.4940000000001
1344,195,21897.993000000002,W,0.7743589743589744,5,127,visa,0.6666666666666666,87.0,0.8717948717948718,0.1794871794871795,desktop,0.11794871794871795,6,0.03076923076923077,1738.6200000000001
1345,173,29470.486999999997,W,0.8092485549132948,4,123,visa,0.7052023121387283,87.0,0.9132947976878613,0.1676300578034682,desktop,0.1329479768786127,4,0.023121387283236993,596.294
1346,157,18283.227000000003,W,0.7133757961783439,5,116,visa,0.6751592356687898,87.0,0.8089171974522293,0.28662420382165604,desktop,0.19745222929936307,21,0.1337579617834395,2012.136
1347,126,15136.859000000002,W,0.7142857142857143,5,93,visa,0.6031746031746031,87.0,0.8095238095238095,0.2619047619047619,desktop,0.14285714285714285,7,0.05555555555555555,345.31
1348,68,6530.056,W,0.6323529411764706,4,54,visa,0.7058823529411765,87.0,0.6911764705882353,0.36764705882352944,mobile,0.2647058823529412,1,0.014705882352941176,20.522
1349,49,5797.68,W,0.6530612244897959,5,37,visa,0.6938775510204082,87.0,0.7959183673469388,0.32653061224489793,mobile,0.16326530612244897,2,0.04081632653061224,147.95
1350,28,2325.7749999999996,W,0.75,3,27,visa,0.75,87.0,0.8214285714285714,0.17857142857142858,desktop,0.10714285714285714,3,0.10714285714285714,408.9
1351,24,1979.357,W,0.5833333333333334,3,20,mastercard,0.5833333333333334,87.0,0.625,0.4166666666666667,mobile,0.4166666666666667,5,0.20833333333333334,82.96100000000001
1352,14,1432.8000000000002,W,0.8571428571428571,3,13,visa,0.5714285714285714,87.0,0.9285714285714286,0.14285714285714285,mobile,0.14285714285714285,3,0.21428571428571427,243.0
1353,14,1692.026,W,0.9285714285714286,2,13,visa,0.7857142857142857,87.0,0.9285714285714286,0.07142857142857142,mobile,0.07142857142857142,3,0.21428571428571427,254.0
1354,18,1968.7,W,0.6111111111111112,3,15,visa,0.6111111111111112,87.0,0.9444444444444444,0.3333333333333333,mobile,0.2222222222222222,0,0.0,
1355,22,1998.15,W,0.8636363636363636,4,20,visa,0.5909090909090909,87.0,1.0,0.13636363636363635,mobile,0.09090909090909091,0,0.0,
1356,55,7415.219999999998,W,0.9090909090909091,3,37,visa,0.7090909090909091,87.0,0.9636363636363636,0.09090909090909091,desktop,0.07272727272727272,3,0.05454545454545454,1882.0
1357,90,16171.536000000002,W,0.9222222222222223,4,68,visa,0.6444444444444445,87.0,0.9777777777777777,0.07777777777777778,mobile,0.044444444444444446,5,0.05555555555555555,1533.858
1358,121,17604.792999999998,W,0.8099173553719008,5,95,visa,0.6776859504132231,87.0,0.9256198347107438,0.15702479338842976,desktop,0.10743801652892562,8,0.06611570247933884,1124.022
1359,145,23876.064,W,0.7862068965517242,5,117,visa,0.6344827586206897,87.0,0.8689655172413793,0.16551724137931034,mobile,0.0896551724137931,1,0.006896551724137931,31.249
1360,150,24797.754999999997,W,0.7866666666666666,5,116,visa,0.6466666666666666,87.0,0.8866666666666667,0.20666666666666667,desktop,0.14666666666666667,2,0.013333333333333334,573.0
1361,185,24402.671000000002,W,0.7891891891891892,5,142,visa,0.6324324324324324,87.0,0.8756756756756757,0.1837837837837838,desktop,0.14594594594594595,7,0.03783783783783784,310.598
1362,163,25561.750000000004,W,0.7914110429447853,5,124,visa,0.6441717791411042,87.0,0.8834355828220859,0.18404907975460122,desktop,0.1411042944785276,7,0.04294478527607362,1212.712
1363,189,24790.804,W,0.7724867724867724,5,136,visa,0.6243386243386243,87.0,0.8571428571428571,0.2275132275132275,desktop,0.12698412698412698,6,0.031746031746031744,472.464
1364,182,23317.818,W,0.8186813186813187,3,131,visa,0.6923076923076923,87.0,0.8571428571428571,0.13736263736263737,desktop,0.08791208791208792,2,0.01098901098901099,374.0
1365,173,20479.351000000002,W,0.8208092485549133,5,132,visa,0.7052023121387283,87.0,0.8786127167630058,0.15606936416184972,desktop,0.10404624277456648,10,0.057803468208092484,1547.672
1366,225,38227.091,W,0.7777777777777778,5,162,visa,0.6044444444444445,87.0,0.8177777777777778,0.2,desktop,0.1111111111111111,16,0.07111111111111111,723.806
1367,223,32145.397999999997,W,0.7443946188340808,5,132,visa,0.6412556053811659,87.0,0.7757847533632287,0.24663677130044842,mobile,0.18385650224215247,36,0.16143497757847533,1470.761
1368,182,27772.211000000003,W,0.8241758241758241,5,134,visa,0.6923076923076923,87.0,0.8956043956043956,0.15934065934065933,desktop,0.1043956043956044,6,0.03296703296703297,825.95
1369,185,22854.83,W,0.7945945945945946,5,135,visa,0.6486486486486487,87.0,0.8324324324324325,0.2,desktop,0.11891891891891893,5,0.02702702702702703,527.311
1370,140,13438.438,W,0.7214285714285714,5,98,visa,0.6714285714285714,87.0,0.7785714285714286,0.2785714285714286,desktop,0.15714285714285714,3,0.02142857142857143,34.28
1371,118,13604.924,W,0.7033898305084746,5,90,visa,0.652542372881356,87.0,0.7627118644067796,0.2966101694915254,mobile,0.15254237288135594,0,0.0,
1372,64,8251.129,W,0.765625,4,49,visa,0.6875,87.0,0.84375,0.21875,desktop,0.140625,1,0.015625,25.0
1373,34,4150.312,W,0.6470588235294118,3,27,visa,0.7352941176470589,87.0,0.6764705882352942,0.35294117647058826,desktop,0.29411764705882354,0,0.0,
1374,35,2059.5629999999996,W,0.6285714285714286,3,31,visa,0.6857142857142857,87.0,0.6571428571428571,0.37142857142857144,desktop,0.22857142857142856,1,0.02857142857142857,117.0
1375,6,1429.3880000000001,W,0.6666666666666666,3,6,mastercard,0.6666666666666666,87.0,0.8333333333333334,0.3333333333333333,desktop,0.3333333333333333,1,0.16666666666666666,108.438
1376,9,900.062,W,0.7777777777777778,3,9,visa,0.7777777777777778,87.0,0.8888888888888888,0.1111111111111111,desktop,0.1111111111111111,1,0.1111111111111111,335.0
1377,11,1522.6499999999999,W,1.0,1,11,mastercard,0.45454545454545453,87.0,1.0,0.0,,,1,0.09090909090909091,117.0
1378,16,1691.7,W,0.9375,2,14,visa,0.8125,87.0,1.0,0.0625,desktop,0.0625,0,0.0,
1379,30,3189.45,W,1.0,1,26,visa,0.6333333333333333,87.0,1.0,0.0,,,2,0.06666666666666667,126.0
1380,64,10636.601,W,0.90625,5,52,visa,0.6875,87.0,0.984375,0.078125,mobile,0.046875,1,0.015625,200.0
1381,107,16879.96,W,0.9065420560747663,4,81,visa,0.7102803738317757,87.0,1.0,0.08411214953271028,desktop,0.08411214953271028,5,0.04672897196261682,418.0
1382,137,22082.246,W,0.8759124087591241,4,108,visa,0.7007299270072993,87.0,0.9562043795620438,0.08759124087591241,desktop,0.08029197080291971,1,0.0072992700729927005,554.0
1383,175,22372.098000000005,W,0.7771428571428571,5,117,visa,0.6457142857142857,87.0,0.9428571428571428,0.1657142857142857,desktop,0.09714285714285714,5,0.02857142857142857,415.712
1384,200,34720.602,W,0.78,5,146,visa,0.69,87.0,0.895,0.15,desktop,0.115,9,0.045,1139.0
1385,247,37304.98700000001,W,0.7611336032388664,5,155,visa,0.7044534412955465,87.0,0.854251012145749,0.21862348178137653,desktop,0.13360323886639677,5,0.020242914979757085,1948.0
1386,237,46330.675,W,0.8270042194092827,5,155,visa,0.7046413502109705,87.0,0.9029535864978903,0.16033755274261605,desktop,0.08438818565400844,4,0.016877637130801686,256.906
1387,231,40397.804000000004,W,0.7619047619047619,5,163,visa,0.6796536796536796,87.0,0.8528138528138528,0.21645021645021645,desktop,0.15151515151515152,15,0.06493506493506493,1437.2220000000002
1388,260,37490.431,W,0.8307692307692308,5,184,visa,0.6653846153846154,87.0,0.9192307692307692,0.1423076923076923,desktop,0.09615384615384616,13,0.05,1481.0
1389,265,47176.143,W,0.7886792452830189,5,184,visa,0.6377358490566037,87.0,0.8641509433962264,0.19245283018867926,desktop,0.13584905660377358,10,0.03773584905660377,1786.818
1390,280,37853.981,W,0.8607142857142858,5,189,visa,0.6535714285714286,87.0,0.9285714285714286,0.1357142857142857,desktop,0.08571428571428572,8,0.02857142857142857,1218.534
1391,241,37798.625,W,0.8755186721991701,5,169,visa,0.6846473029045643,87.0,0.9336099585062241,0.1078838174273859,desktop,0.07053941908713693,12,0.04979253112033195,1061.702
1392,208,26465.886000000002,W,0.8076923076923077,5,143,visa,0.6442307692307693,87.0,0.8701923076923077,0.1778846153846154,desktop,0.12980769230769232,6,0.028846153846153848,1959.996
1393,181,22431.513,W,0.7348066298342542,5,127,visa,0.6408839779005525,87.0,0.8176795580110497,0.2596685082872928,desktop,0.15469613259668508,4,0.022099447513812154,1073.246
1394,187,18257.061999999998,W,0.7165775401069518,5,129,visa,0.6631016042780749,87.0,0.7807486631016043,0.27807486631016043,desktop,0.1711229946524064,19,0.10160427807486631,610.135
1395,101,9959.222000000002,W,0.7326732673267327,5,78,visa,0.6831683168316832,87.0,0.7920792079207921,0.26732673267326734,desktop,0.1485148514851485,6,0.0594059405940594,459.903
1396,76,7571.067,W,0.6447368421052632,4,55,visa,0.5921052631578947,87.0,0.7368421052631579,0.35526315789473684,desktop,0.25,6,0.07894736842105263,750.538
1397,54,3631.2709999999997,W,0.7407407407407407,4,47,visa,0.7222222222222222,87.0,0.7962962962962963,0.25925925925925924,desktop,0.12962962962962962,0,0.0,
1398,30,2122.932,W,0.6333333333333333,5,23,visa,0.7666666666666667,87.0,0.7333333333333333,0.36666666666666664,mobile,0.26666666666666666,7,0.23333333333333334,119.26599999999999
1399,12,1558.45,W,1.0,1,11,visa,0.8333333333333334,87.0,1.0,0.0,,,1,0.08333333333333333,77.0
1400,17,853.298,W,0.5294117647058824,3,13,visa,0.5294117647058824,87.0,0.5294117647058824,0.4117647058823529,desktop,0.29411764705882354,2,0.11764705882352941,70.08699999999999
1401,4,443.42,W,1.0,1,4,visa,0.5,87.0,1.0,0.0,,,1,0.25,280.0
1402,8,1092.81,W,0.875,2,7,visa,0.875,87.0,1.0,0.125,mobile,0.125,0,0.0,
1403,8,675.95,W,0.875,2,8,visa,0.875,87.0,1.0,0.125,mobile,0.125,0,0.0,
1404,23,2474.477,W,0.782608695652174,5,21,visa,0.7391304347826086,87.0,0.9130434782608695,0.21739130434782608,desktop,0.17391304347826086,0,0.0,
1405,57,5624.113,W,0.8421052631578947,5,49,visa,0.6491228070175439,87.0,0.9649122807017544,0.15789473684210525,desktop,0.08771929824561403,0,0.0,
1406,76,11883.418,W,0.881578947368421,5,61,visa,0.7368421052631579,87.0,0.9605263157894737,0.11842105263157894,mobile,0.06578947368421052,2,0.02631578947368421,365.0
1407,122,19412.529000000002,W,0.7704918032786885,5,97,visa,0.6311475409836066,87.0,0.8442622950819673,0.20491803278688525,mobile,0.13114754098360656,2,0.01639344262295082,380.0
1408,185,22717.407,W,0.8054054054054054,4,136,visa,0.7405405405405405,87.0,0.827027027027027,0.1783783783783784,mobile,0.0972972972972973,5,0.02702702702702703,835.558
1409,169,27097.975999999995,W,0.8520710059171598,5,124,visa,0.6272189349112426,87.0,0.9053254437869822,0.1242603550295858,mobile,0.07692307692307693,6,0.03550295857988166,700.664
1410,194,28585.595,W,0.7938144329896907,5,135,visa,0.6134020618556701,87.0,0.9072164948453608,0.19072164948453607,desktop,0.10824742268041238,2,0.010309278350515464,1439.0
1411,214,27307.585,W,0.8457943925233645,5,151,visa,0.7149532710280374,87.0,0.9345794392523364,0.14018691588785046,mobile,0.07476635514018691,5,0.02336448598130841,531.354
1412,180,22021.728000000003,W,0.8388888888888889,5,142,visa,0.7333333333333333,87.0,0.9277777777777778,0.15,mobile,0.08333333333333333,2,0.011111111111111112,1169.0
1413,212,24049.843000000004,W,0.8962264150943396,5,146,visa,0.7405660377358491,87.0,0.9292452830188679,0.10377358490566038,mobile,0.05660377358490566,9,0.04245283018867924,773.3770000000001
1414,188,24332.525999999998,W,0.8297872340425532,5,134,visa,0.7021276595744681,87.0,0.9095744680851063,0.1595744680851064,desktop,0.10106382978723404,9,0.047872340425531915,957.586
1415,175,24338.452,W,0.88,5,119,visa,0.7257142857142858,87.0,0.9428571428571428,0.11428571428571428,mobile,0.08,8,0.045714285714285714,1134.5
1416,163,22260.017999999996,W,0.7730061349693251,5,118,visa,0.6993865030674846,87.0,0.8588957055214724,0.2085889570552147,desktop,0.11042944785276074,14,0.08588957055214724,1191.42
1417,126,15610.207000000002,W,0.8095238095238095,5,107,visa,0.6984126984126984,87.0,0.8968253968253969,0.1746031746031746,desktop,0.10317460317460317,8,0.06349206349206349,1870.217
1418,108,9065.649000000001,W,0.7314814814814815,5,79,visa,0.7685185185185185,87.0,0.8055555555555556,0.25,desktop,0.2037037037037037,7,0.06481481481481481,436.644
1419,103,9533.985000000002,W,0.6601941747572816,5,77,visa,0.6601941747572816,87.0,0.7864077669902912,0.33980582524271846,mobile,0.18446601941747573,7,0.06796116504854369,459.772
1420,48,5458.718000000001,W,0.625,5,41,visa,0.75,87.0,0.7916666666666666,0.375,desktop,0.25,4,0.08333333333333333,157.911
1421,43,3381.3929999999996,W,0.5348837209302325,3,32,visa,0.7209302325581395,87.0,0.7441860465116279,0.46511627906976744,mobile,0.3023255813953488,4,0.09302325581395349,370.622
1422,33,3651.188,W,0.6666666666666666,2,27,visa,0.5454545454545454,87.0,0.6666666666666666,0.30303030303030304,mobile,0.24242424242424243,3,0.09090909090909091,64.16
1423,16,1386.7749999999999,W,0.875,3,15,visa,0.6875,87.0,0.9375,0.125,mobile,0.0625,0,0.0,
1424,11,459.547,W,0.45454545454545453,3,9,visa,0.6363636363636364,87.0,0.5454545454545454,0.5454545454545454,desktop,0.5454545454545454,1,0.09090909090909091,33.534
1425,3,115.41000000000001,W,1.0,1,3,mastercard,0.6666666666666666,87.0,1.0,0.0,,,0,0.0,
1426,7,499.143,W,0.5714285714285714,4,7,visa,0.8571428571428571,87.0,0.8571428571428571,0.42857142857142855,mobile,0.42857142857142855,2,0.2857142857142857,305.0
1427,8,1256.95,W,0.5,2,6,visa,0.625,87.0,1.0,0.5,desktop,0.375,3,0.375,15.0
1428,21,2213.9,W,0.7619047619047619,4,20,visa,0.8571428571428571,87.0,1.0,0.23809523809523808,desktop,0.19047619047619047,3,0.14285714285714285,550.0
1429,34,3934.3409999999994,W,0.7941176470588235,5,31,visa,0.7058823529411765,87.0,0.8823529411764706,0.20588235294117646,mobile,0.11764705882352941,1,0.029411764705882353,150.0
1430,66,9137.523000000001,W,0.8333333333333334,5,51,visa,0.6363636363636364,87.0,0.9242424242424242,0.16666666666666666,mobile,0.10606060606060606,1,0.015151515151515152,150.0
1431,118,10227.846000000001,W,0.7288135593220338,5,89,visa,0.7288135593220338,87.0,0.8559322033898306,0.2457627118644068,mobile,0.1440677966101695,2,0.01694915254237288,200.0
1432,147,13190.632999999998,W,0.6190476190476191,5,105,visa,0.6598639455782312,87.0,0.7278911564625851,0.3741496598639456,mobile,0.272108843537415,25,0.17006802721088435,2217.704
1433,181,19047.024000000005,W,0.8121546961325967,5,115,visa,0.6961325966850829,87.0,0.8674033149171271,0.16574585635359115,mobile,0.11049723756906077,15,0.08287292817679558,2596.4449999999997
1434,213,18804.515000000003,W,0.7746478873239436,5,143,visa,0.6807511737089202,87.0,0.8450704225352113,0.18309859154929578,mobile,0.107981220657277,8,0.03755868544600939,1173.0
1435,190,21808.923000000003,W,0.7894736842105263,5,135,visa,0.6947368421052632,87.0,0.8842105263157894,0.18947368421052632,desktop,0.10526315789473684,8,0.042105263157894736,1504.167
1436,196,19223.100000000006,W,0.8061224489795918,5,142,visa,0.6581632653061225,87.0,0.8673469387755102,0.18877551020408162,mobile,0.12755102040816327,10,0.05102040816326531,1147.1350000000002
1437,192,20184.445999999996,W,0.8333333333333334,4,140,visa,0.625,87.0,0.8802083333333334,0.14583333333333334,desktop,0.08333333333333333,9,0.046875,548.29
1438,179,15669.934999999998,W,0.8212290502793296,5,137,visa,0.664804469273743,87.0,0.8770949720670391,0.1787709497206704,mobile,0.11731843575418995,16,0.0893854748603352,2309.299
1439,196,17659.233,W,0.8163265306122449,5,129,visa,0.6479591836734694,87.0,0.8826530612244898,0.1683673469387755,desktop,0.10204081632653061,17,0.08673469387755102,1510.1970000000001
1440,187,15569.595000000001,W,0.786096256684492,5,148,visa,0.679144385026738,87.0,0.8449197860962567,0.19786096256684493,desktop,0.13368983957219252,14,0.0748663101604278,2335.932
1441,166,13890.934000000001,W,0.7650602409638554,5,116,visa,0.7108433734939759,87.0,0.8373493975903614,0.21686746987951808,desktop,0.1144578313253012,2,0.012048192771084338,215.9
1442,123,9965.219000000003,W,0.6829268292682927,5,91,visa,0.7398373983739838,87.0,0.7235772357723578,0.3170731707317073,mobile,0.16260162601626016,6,0.04878048780487805,694.2639999999999
1443,142,11155.954,W,0.7816901408450704,5,97,visa,0.7464788732394366,87.0,0.8380281690140845,0.2112676056338028,desktop,0.1267605633802817,5,0.035211267605633804,123.86200000000001
1444,101,11246.686000000003,W,0.7623762376237624,5,71,visa,0.6534653465346535,87.0,0.8415841584158416,0.2376237623762376,desktop,0.13861386138613863,5,0.04950495049504951,448.528
1445,49,3859.695,W,0.7755102040816326,4,41,visa,0.6938775510204082,87.0,0.8571428571428571,0.22448979591836735,mobile,0.14285714285714285,4,0.08163265306122448,374.332
1446,34,3403.46,W,0.7941176470588235,3,28,visa,0.6764705882352942,87.0,0.8529411764705882,0.20588235294117646,desktop,0.11764705882352941,2,0.058823529411764705,342.0
1447,12,1144.8020000000001,W,0.9166666666666666,2,10,visa,0.6666666666666666,87.0,0.9166666666666666,0.08333333333333333,desktop,0.08333333333333333,0,0.0,
1448,16,1087.45,W,1.0,1,12,visa,0.5625,87.0,1.0,0.0,,,0,0.0,
1449,21,1438.7,W,0.5238095238095238,2,13,visa,0.8571428571428571,87.0,1.0,0.47619047619047616,desktop,0.47619047619047616,10,0.47619047619047616,50.0
1450,20,1516.5500000000002,W,0.6,4,17,visa,1.0,87.0,0.95,0.4,mobile,0.25,5,0.25,525.0
1451,22,3708.7939999999985,W,0.9090909090909091,3,17,visa,0.8181818181818182,87.0,0.9545454545454546,0.09090909090909091,mobile,0.09090909090909091,0,0.0,
1452,43,5008.8,W,0.9767441860465116,2,36,visa,0.7441860465116279,87.0,1.0,0.023255813953488372,desktop,0.023255813953488372,0,0.0,
1453,93,15561.414,W,0.8924731182795699,5,80,visa,0.6344086021505376,87.0,0.967741935483871,0.10752688172043011,mobile,0.06451612903225806,2,0.021505376344086023,1000.0
1454,118,26509.753,W,0.8559322033898306,5,94,visa,0.7542372881355932,87.0,0.9491525423728814,0.13559322033898305,desktop,0.1016949152542373,6,0.05084745762711865,1391.524
1455,127,19255.907,W,0.8110236220472441,5,104,visa,0.7322834645669292,87.0,0.9448818897637795,0.15748031496062992,desktop,0.14173228346456693,5,0.03937007874015748,241.945
1456,192,32774.354999999996,W,0.828125,5,148,visa,0.6458333333333334,87.0,0.9166666666666666,0.15104166666666666,desktop,0.08854166666666667,4,0.020833333333333332,628.0
1457,191,32148.015,W,0.806282722513089,5,141,visa,0.6596858638743456,87.0,0.9162303664921466,0.17277486910994763,desktop,0.1099476439790576,1,0.005235602094240838,30.0
1458,211,34746.047,W,0.8341232227488151,5,134,visa,0.6398104265402843,87.0,0.9241706161137441,0.16113744075829384,desktop,0.11848341232227488,5,0.023696682464454975,173.191
1459,212,31024.502,W,0.8301886792452831,5,153,visa,0.6981132075471698,87.0,0.9056603773584906,0.1509433962264151,desktop,0.11320754716981132,10,0.04716981132075472,2078.4629999999997
1460,208,37279.153000000006,W,0.8173076923076923,4,148,visa,0.6586538461538461,87.0,0.9038461538461539,0.16346153846153846,desktop,0.1346153846153846,8,0.038461538461538464,2195.334
1461,220,43820.365,W,0.8772727272727273,5,151,visa,0.6727272727272727,87.0,0.9227272727272727,0.12272727272727273,desktop,0.07727272727272727,3,0.013636363636363636,351.0
1462,201,37826.379,W,0.8656716417910447,4,134,visa,0.7213930348258707,87.0,0.9104477611940298,0.12437810945273632,desktop,0.0945273631840796,4,0.01990049751243781,775.94
1463,223,28790.810000000005,W,0.8565022421524664,5,153,visa,0.695067264573991,87.0,0.9103139013452914,0.1210762331838565,desktop,0.08071748878923767,7,0.03139013452914798,1197.95
1464,240,38363.46,W,0.8333333333333334,5,155,visa,0.6958333333333333,87.0,0.9,0.15,desktop,0.08333333333333333,8,0.03333333333333333,1424.3449999999998
1465,204,29139.622000000003,W,0.8088235294117647,5,151,visa,0.7156862745098039,87.0,0.8676470588235294,0.18627450980392157,desktop,0.09313725490196079,6,0.029411764705882353,1191.916
1466,171,18140.350000000002,W,0.783625730994152,5,128,visa,0.6900584795321637,87.0,0.8947368421052632,0.21637426900584794,desktop,0.11695906432748537,1,0.005847953216374269,100.0
1467,151,17888.658000000003,W,0.7218543046357616,5,109,visa,0.7483443708609272,87.0,0.8013245033112583,0.2781456953642384,desktop,0.17218543046357615,8,0.052980132450331126,651.566
1468,87,9182.150000000005,W,0.7701149425287356,5,64,visa,0.7011494252873564,87.0,0.8275862068965517,0.22988505747126436,mobile,0.1839080459770115,8,0.09195402298850575,1998.95
1469,64,8000.141,W,0.703125,4,47,visa,0.625,87.0,0.734375,0.28125,desktop,0.140625,2,0.03125,1028.439
1470,24,2690.112,W,0.8333333333333334,2,20,visa,0.625,87.0,0.8333333333333334,0.08333333333333333,desktop,0.041666666666666664,0,0.0,
1471,12,2098.211,W,0.6666666666666666,3,11,mastercard,0.5833333333333334,87.0,0.75,0.25,desktop,0.16666666666666666,0,0.0,
1472,16,1924.246,W,0.9375,2,14,visa,0.8125,87.0,0.9375,0.0625,mobile,0.0625,0,0.0,
1473,10,2233.8,W,1.0,1,8,visa,0.7,87.0,1.0,0.0,,,1,0.1,87.0
1474,7,502.84999999999997,W,1.0,1,6,visa,0.8571428571428571,87.0,1.0,0.0,,,0,0.0,
1475,21,2035.9759999999999,W,0.9523809523809523,2,20,visa,0.7142857142857143,87.0,0.9523809523809523,0.047619047619047616,desktop,0.047619047619047616,1,0.047619047619047616,69.966
1476,49,4973.928999999999,W,0.8979591836734694,4,43,visa,0.673469387755102,87.0,0.9795918367346939,0.10204081632653061,mobile,0.08163265306122448,0,0.0,
1477,80,7360.9540000000015,W,0.8375,5,68,visa,0.6625,87.0,0.9375,0.1375,desktop,0.0875,3,0.0375,277.0
1478,131,19047.971,W,0.8854961832061069,5,99,visa,0.5954198473282443,87.0,0.9770992366412213,0.11450381679389313,desktop,0.08396946564885496,0,0.0,
1479,165,21307.29,W,0.7696969696969697,5,118,visa,0.6484848484848484,87.0,0.9272727272727272,0.2,desktop,0.1393939393939394,6,0.03636363636363636,605.0
1480,196,31008.521000000004,W,0.8112244897959183,5,136,visa,0.6581632653061225,87.0,0.9183673469387755,0.1683673469387755,desktop,0.1326530612244898,3,0.015306122448979591,209.778
1481,197,39921.039000000004,W,0.8477157360406091,5,144,visa,0.6294416243654822,87.0,0.8934010152284264,0.1319796954314721,desktop,0.08121827411167512,11,0.05583756345177665,2355.0
1482,203,33001.418,W,0.7980295566502463,5,156,visa,0.6896551724137931,87.0,0.896551724137931,0.1625615763546798,desktop,0.09359605911330049,3,0.014778325123152709,115.894
1483,204,32567.591999999997,W,0.8235294117647058,5,142,visa,0.6519607843137255,87.0,0.9019607843137255,0.14705882352941177,desktop,0.10294117647058823,14,0.06862745098039216,3080.95
1484,223,35654.985,W,0.820627802690583,5,156,visa,0.6412556053811659,87.0,0.9192825112107623,0.16143497757847533,desktop,0.11659192825112108,13,0.05829596412556054,1671.9099999999999
1485,207,26772.134000000002,W,0.8888888888888888,4,153,visa,0.7681159420289855,87.0,0.9227053140096618,0.10144927536231885,desktop,0.06763285024154589,6,0.028985507246376812,710.0
1486,223,31434.868000000002,W,0.8026905829596412,5,162,visa,0.6905829596412556,87.0,0.8609865470852018,0.17937219730941703,desktop,0.1031390134529148,11,0.04932735426008968,1077.7559999999999
1487,226,39327.55900000001,W,0.7743362831858407,5,149,visa,0.6238938053097345,87.0,0.8893805309734514,0.2079646017699115,desktop,0.14601769911504425,7,0.030973451327433628,4863.521
1488,214,24438.236000000004,W,0.7242990654205608,5,150,visa,0.6308411214953271,87.0,0.7897196261682243,0.24766355140186916,desktop,0.14018691588785046,20,0.09345794392523364,1298.877
1489,178,35970.852,W,0.7191011235955056,4,112,visa,0.6797752808988764,87.0,0.7528089887640449,0.2808988764044944,desktop,0.23595505617977527,20,0.11235955056179775,1756.3719999999998
1490,144,29975.129999999997,W,0.8541666666666666,4,96,visa,0.7222222222222222,87.0,0.875,0.14583333333333334,desktop,0.0763888888888889,2,0.013888888888888888,154.676
1491,99,12757.09,W,0.7575757575757576,4,80,visa,0.7474747474747475,87.0,0.8181818181818182,0.24242424242424243,desktop,0.1919191919191919,1,0.010101010101010102,100.0
1492,77,9865.847000000003,W,0.7532467532467533,5,58,visa,0.6493506493506493,87.0,0.8571428571428571,0.22077922077922077,desktop,0.14285714285714285,4,0.05194805194805195,163.285
1493,52,9362.512000000002,W,0.7307692307692307,4,40,visa,0.6538461538461539,87.0,0.7884615384615384,0.2692307692307692,desktop,0.15384615384615385,3,0.057692307692307696,202.254
1494,41,2806.647,W,0.5609756097560976,3,26,visa,0.6829268292682927,87.0,0.5853658536585366,0.36585365853658536,desktop,0.1951219512195122,4,0.0975609756097561,86.04
1495,17,1552.761,W,0.8823529411764706,3,15,visa,0.8823529411764706,87.0,0.9411764705882353,0.11764705882352941,mobile,0.058823529411764705,0,0.0,
1496,12,1019.3,W,0.9166666666666666,2,12,visa,0.8333333333333334,87.0,1.0,0.08333333333333333,desktop,0.08333333333333333,0,0.0,
1497,8,1468.9,W,0.75,2,8,visa,0.625,87.0,1.0,0.25,mobile,0.25,2,0.25,300.0
1498,13,1029.7900000000002,W,0.7692307692307693,3,12,visa,0.6153846153846154,87.0,0.8461538461538461,0.23076923076923078,mobile,0.23076923076923078,1,0.07692307692307693,150.0
1499,28,3541.101,W,0.9642857142857143,2,25,visa,0.6428571428571429,87.0,0.9642857142857143,0.03571428571428571,desktop,0.03571428571428571,0,0.0,
1500,64,12876.321999999998,W,0.859375,4,53,visa,0.5625,87.0,0.9375,0.109375,desktop,0.0625,4,0.0625,1757.95
1501,108,17067.41,W,0.8425925925925926,5,85,visa,0.7592592592592593,87.0,0.9629629629629629,0.14814814814814814,desktop,0.09259259259259259,1,0.009259259259259259,300.0
1502,166,32467.533,W,0.8132530120481928,5,109,visa,0.6445783132530121,87.0,0.9096385542168675,0.18072289156626506,desktop,0.1144578313253012,3,0.018072289156626505,150.0
1503,169,31862.805999999997,W,0.8698224852071006,5,137,visa,0.7218934911242604,87.0,0.9349112426035503,0.11242603550295859,desktop,0.08284023668639054,8,0.047337278106508875,1411.45
1504,188,32305.643,W,0.8031914893617021,5,145,visa,0.6861702127659575,87.0,0.898936170212766,0.18085106382978725,desktop,0.13829787234042554,7,0.03723404255319149,1042.5
1505,196,44537.127,W,0.826530612244898,5,148,visa,0.6479591836734694,87.0,0.8775510204081632,0.14795918367346939,desktop,0.10204081632653061,4,0.02040816326530612,1760.8049999999998
1506,216,41348.119,W,0.8148148148148148,5,146,visa,0.6805555555555556,87.0,0.9074074074074074,0.14351851851851852,desktop,0.10648148148148148,12,0.05555555555555555,802.972
1507,222,38910.86400000001,W,0.7522522522522522,5,146,visa,0.6621621621621622,87.0,0.8783783783783784,0.23423423423423423,desktop,0.13513513513513514,26,0.11711711711711711,2034.5639999999999
1508,204,39441.954,W,0.7843137254901961,5,137,visa,0.7009803921568627,87.0,0.8578431372549019,0.19117647058823528,desktop,0.1323529411764706,12,0.058823529411764705,675.742
1509,203,35313.113000000005,W,0.8275862068965517,5,143,visa,0.7192118226600985,87.0,0.8719211822660099,0.12807881773399016,desktop,0.08374384236453201,16,0.07881773399014778,3093.6769999999997
1510,226,38402.626,W,0.8451327433628318,5,163,visa,0.6814159292035398,87.0,0.8805309734513275,0.13716814159292035,desktop,0.0752212389380531,9,0.03982300884955752,1222.886
1511,212,31516.436,W,0.7877358490566038,5,157,visa,0.6698113207547169,87.0,0.8537735849056604,0.1792452830188679,desktop,0.09433962264150944,6,0.02830188679245283,542.198
1512,219,30605.549000000003,W,0.8127853881278538,5,141,visa,0.6529680365296804,87.0,0.8584474885844748,0.1780821917808219,mobile,0.1141552511415525,12,0.0547945205479452,1042.554
1513,195,34150.848,W,0.8,5,137,visa,0.6615384615384615,87.0,0.8461538461538461,0.18974358974358974,desktop,0.10256410256410256,12,0.06153846153846154,1884.626
1514,134,22330.288,W,0.7910447761194029,4,105,visa,0.6417910447761194,87.0,0.835820895522388,0.19402985074626866,desktop,0.12686567164179105,7,0.05223880597014925,1003.6
1515,126,13553.276000000002,W,0.7222222222222222,3,92,visa,0.6904761904761905,87.0,0.7380952380952381,0.2777777777777778,mobile,0.16666666666666666,3,0.023809523809523808,186.664
1516,99,7741.47,W,0.6161616161616161,5,71,visa,0.8080808080808081,87.0,0.6868686868686869,0.3838383838383838,mobile,0.20202020202020202,4,0.04040404040404041,145.45600000000002
1517,62,8362.462000000001,W,0.6451612903225806,4,45,visa,0.6774193548387096,87.0,0.7096774193548387,0.3548387096774194,desktop,0.1774193548387097,4,0.06451612903225806,3325.338
1518,70,14995.656,W,0.8428571428571429,5,26,mastercard,0.6857142857142857,87.0,0.9,0.15714285714285714,desktop,0.1,2,0.02857142857142857,250.0
1519,54,8316.020999999999,W,0.8888888888888888,2,34,mastercard,0.5740740740740741,87.0,0.8888888888888888,0.1111111111111111,desktop,0.07407407407407407,6,0.1111111111111111,503.484
1520,35,8031.610999999999,W,0.9142857142857143,2,17,mastercard,0.5714285714285714,87.0,0.9142857142857143,0.08571428571428572,mobile,0.08571428571428572,7,0.2,2744.36
1521,33,3634.4299999999994,W,0.9696969696969697,2,21,visa,0.5757575757575758,87.0,1.0,0.030303030303030304,desktop,0.030303030303030304,0,0.0,
1522,27,2550.068,W,0.8518518518518519,4,18,visa,0.5555555555555556,87.0,0.9259259259259259,0.14814814814814814,desktop,0.07407407407407407,0,0.0,
1523,46,5287.244,W,0.9347826086956522,4,32,visa,0.5652173913043478,87.0,0.9782608695652174,0.06521739130434782,mobile,0.043478260869565216,2,0.043478260869565216,204.0
1524,106,12247.866000000002,W,0.9528301886792453,4,72,visa,0.5,87.0,0.9811320754716981,0.04716981132075472,desktop,0.02830188679245283,1,0.009433962264150943,108.5
1525,161,20134.947,W,0.9440993788819876,5,100,visa,0.5900621118012422,87.0,0.9937888198757764,0.049689440993788817,desktop,0.037267080745341616,3,0.018633540372670808,766.0
1526,228,31675.474000000002,W,0.8508771929824561,5,139,visa,0.543859649122807,87.0,0.9342105263157895,0.14912280701754385,mobile,0.07894736842105263,4,0.017543859649122806,417.901
1527,269,34163.40700000001,W,0.8996282527881041,5,167,visa,0.5613382899628253,87.0,0.9591078066914498,0.08550185873605948,desktop,0.06319702602230483,9,0.03345724907063197,1741.231
1528,259,39680.958,W,0.8803088803088803,5,169,visa,0.5714285714285714,87.0,0.9266409266409267,0.10810810810810811,desktop,0.07722007722007722,7,0.02702702702702703,601.45
1529,273,46169.618,W,0.8388278388278388,5,169,visa,0.5787545787545788,87.0,0.9377289377289377,0.15384615384615385,desktop,0.10622710622710622,5,0.018315018315018316,330.305
1530,253,33649.672,W,0.8616600790513834,5,172,visa,0.5731225296442688,87.0,0.9169960474308301,0.1383399209486166,mobile,0.07114624505928854,13,0.05138339920948617,770.2669999999998
1531,298,39797.876000000004,W,0.8120805369127517,5,198,visa,0.6208053691275168,87.0,0.8926174496644296,0.17785234899328858,desktop,0.14429530201342283,16,0.053691275167785234,1429.734
1532,246,37035.399000000005,W,0.7845528455284553,5,159,visa,0.6138211382113821,87.0,0.8536585365853658,0.18699186991869918,desktop,0.11382113821138211,9,0.036585365853658534,3052.1609999999996
1533,273,36336.72900000001,W,0.8827838827838828,4,161,visa,0.6593406593406593,87.0,0.9267399267399268,0.10622710622710622,desktop,0.06593406593406594,14,0.05128205128205128,1849.5420000000001
1534,272,35822.691999999995,W,0.8529411764705882,5,184,visa,0.6213235294117647,87.0,0.9007352941176471,0.1323529411764706,desktop,0.09558823529411764,11,0.04044117647058824,1455.2069999999999
1535,237,34347.64,W,0.810126582278481,5,144,visa,0.6118143459915611,87.0,0.8649789029535865,0.16455696202531644,desktop,0.10548523206751055,12,0.05063291139240506,1169.95
1536,249,32593.561999999998,W,0.7991967871485943,5,168,visa,0.6506024096385542,87.0,0.8473895582329317,0.18875502008032127,desktop,0.10040160642570281,9,0.03614457831325301,1392.3500000000001
1537,227,27543.685000000005,W,0.7929515418502202,5,153,visa,0.6343612334801763,87.0,0.8634361233480177,0.18502202643171806,mobile,0.11013215859030837,20,0.0881057268722467,1376.2649999999999
1538,163,22329.095,W,0.8220858895705522,5,104,visa,0.6134969325153374,87.0,0.8773006134969326,0.17177914110429449,desktop,0.10429447852760736,3,0.018404907975460124,461.21500000000003
1539,139,12350.600999999999,W,0.7122302158273381,5,98,visa,0.6834532374100719,87.0,0.7338129496402878,0.28776978417266186,desktop,0.14388489208633093,3,0.02158273381294964,357.81399999999996
1540,96,10168.474,W,0.6458333333333334,4,70,visa,0.6666666666666666,87.0,0.6770833333333334,0.34375,desktop,0.1875,4,0.041666666666666664,139.692
1541,88,7629.19,W,0.5,4,62,visa,0.6590909090909091,87.0,0.6022727272727273,0.5,desktop,0.29545454545454547,8,0.09090909090909091,964.0279999999999
1542,67,10153.432000000003,W,0.835820895522388,3,33,mastercard,0.6119402985074627,87.0,0.8507462686567164,0.16417910447761194,mobile,0.11940298507462686,1,0.014925373134328358,93.53
1543,35,3811.9769999999994,W,0.7142857142857143,2,21,mastercard,0.5142857142857142,87.0,0.7142857142857143,0.2857142857142857,desktop,0.17142857142857143,5,0.14285714285714285,741.096
1544,26,3175.8599999999997,W,0.8461538461538461,4,18,visa,0.5,87.0,0.9230769230769231,0.15384615384615385,mobile,0.11538461538461539,3,0.11538461538461539,990.6379999999999
1545,11,1457.72,W,0.9090909090909091,2,11,visa,0.6363636363636364,87.0,0.9090909090909091,0.0,,,0,0.0,
1546,31,5202.2699999999995,W,0.967741935483871,2,23,mastercard,0.5806451612903226,87.0,1.0,0.03225806451612903,desktop,0.03225806451612903,0,0.0,
1547,53,7152.687,W,0.9622641509433962,3,32,mastercard,0.5660377358490566,87.0,0.9811320754716981,0.03773584905660377,mobile,0.018867924528301886,5,0.09433962264150944,2226.5
1548,72,8450.052,W,0.8472222222222222,5,54,visa,0.625,87.0,0.9305555555555556,0.1527777777777778,desktop,0.08333333333333333,4,0.05555555555555555,353.236
1549,131,19683.332000000002,W,0.9007633587786259,5,81,visa,0.5572519083969466,87.0,0.9847328244274809,0.09923664122137404,desktop,0.06870229007633588,3,0.022900763358778626,370.95
1550,233,28156.327000000005,W,0.8927038626609443,5,146,visa,0.5836909871244635,87.0,0.927038626609442,0.10300429184549356,mobile,0.060085836909871244,10,0.04291845493562232,1530.521
1551,283,45724.403000000006,W,0.8551236749116607,5,168,visa,0.5406360424028268,87.0,0.911660777385159,0.10954063604240283,desktop,0.0636042402826855,9,0.03180212014134275,680.703
1552,308,53056.14,W,0.7922077922077922,5,195,visa,0.5909090909090909,87.0,0.8506493506493507,0.20454545454545456,desktop,0.1461038961038961,42,0.13636363636363635,4245.421
1553,282,43114.509999999995,W,0.74822695035461,5,195,visa,0.6453900709219859,87.0,0.8226950354609929,0.23404255319148937,desktop,0.1276595744680851,33,0.11702127659574468,3553.531
1554,313,43922.305,W,0.7763578274760383,5,188,visa,0.5910543130990416,87.0,0.8498402555910544,0.2012779552715655,desktop,0.13738019169329074,25,0.07987220447284345,1131.751
1555,305,48843.543000000005,W,0.8491803278688524,5,187,visa,0.6655737704918033,87.0,0.8918032786885246,0.13114754098360656,desktop,0.07868852459016394,11,0.036065573770491806,1373.69
1556,297,51969.153999999995,W,0.7744107744107744,5,181,visa,0.569023569023569,87.0,0.8956228956228957,0.21212121212121213,desktop,0.15488215488215487,12,0.04040404040404041,2191.363
1557,307,41131.903000000006,W,0.8501628664495114,5,185,visa,0.5798045602605864,87.0,0.9250814332247557,0.13355048859934854,desktop,0.09771986970684039,11,0.035830618892508145,850.954
1558,286,48211.452000000005,W,0.8706293706293706,5,193,visa,0.6013986013986014,87.0,0.9090909090909091,0.10839160839160839,desktop,0.06643356643356643,7,0.024475524475524476,2033.017
1559,315,38668.775,W,0.8539682539682539,5,182,visa,0.6031746031746031,87.0,0.9079365079365079,0.1365079365079365,desktop,0.07936507936507936,6,0.01904761904761905,459.25299999999993
1560,281,39995.848,W,0.7900355871886121,5,179,visa,0.594306049822064,87.0,0.8220640569395018,0.18149466192170818,desktop,0.12811387900355872,13,0.046263345195729534,589.999
1561,195,20343.72,W,0.7794871794871795,5,126,visa,0.7025641025641025,87.0,0.8256410256410256,0.2205128205128205,desktop,0.11282051282051282,13,0.06666666666666667,2481.434
1562,160,22487.75,W,0.8125,4,121,visa,0.59375,87.0,0.88125,0.1875,mobile,0.11875,7,0.04375,993.4269999999999
1563,126,12313.063000000002,W,0.746031746031746,5,83,visa,0.6507936507936508,87.0,0.8333333333333334,0.25396825396825395,desktop,0.1349206349206349,13,0.10317460317460317,958.242
1564,93,8910.479,W,0.6559139784946236,4,67,visa,0.5698924731182796,87.0,0.7096774193548387,0.34408602150537637,mobile,0.23655913978494625,8,0.08602150537634409,109.118
1565,86,15955.466,W,0.6395348837209303,4,68,visa,0.686046511627907,87.0,0.7093023255813954,0.3488372093023256,mobile,0.1744186046511628,9,0.10465116279069768,1491.328
1566,53,7755.182,W,0.5849056603773585,3,33,mastercard,0.5283018867924528,87.0,0.6037735849056604,0.39622641509433965,desktop,0.3018867924528302,15,0.2830188679245283,352.875
1567,22,2345.412,W,0.6818181818181818,2,17,visa,0.5454545454545454,87.0,0.6818181818181818,0.3181818181818182,mobile,0.22727272727272727,4,0.18181818181818182,124.127
1568,21,2631.751,W,0.7619047619047619,2,17,visa,0.7619047619047619,87.0,0.7619047619047619,0.23809523809523808,desktop,0.19047619047619047,5,0.23809523809523808,200.351
1569,12,2130.44,W,0.75,3,12,visa,0.4166666666666667,87.0,0.8333333333333334,0.25,desktop,0.16666666666666666,1,0.08333333333333333,100.0
1570,9,460.369,W,0.6666666666666666,3,9,visa,0.8888888888888888,87.0,0.7777777777777778,0.3333333333333333,desktop,0.2222222222222222,1,0.1111111111111111,25.0
1571,13,1248.693,W,0.9230769230769231,2,9,visa,0.6153846153846154,87.0,0.9230769230769231,0.07692307692307693,desktop,0.07692307692307693,0,0.0,
1572,31,4417.017,W,0.8709677419354839,2,26,mastercard,0.5161290322580645,87.0,0.8709677419354839,0.12903225806451613,mobile,0.0967741935483871,1,0.03225806451612903,15.468
1573,64,8523.128,W,0.8125,4,49,visa,0.65625,87.0,0.921875,0.1875,desktop,0.109375,7,0.109375,1805.0
1574,138,14973.929,W,0.855072463768116,5,105,visa,0.6231884057971014,87.0,0.8985507246376812,0.14492753623188406,mobile,0.09420289855072464,8,0.057971014492753624,808.5
1575,183,21540.237,W,0.8579234972677595,5,121,visa,0.6612021857923497,87.0,0.912568306010929,0.13114754098360656,mobile,0.06557377049180328,3,0.01639344262295082,249.95
1576,187,23123.056,W,0.8342245989304813,5,126,visa,0.6203208556149733,87.0,0.8770053475935828,0.12834224598930483,desktop,0.0748663101604278,4,0.0213903743315508,491.0
1577,225,32011.758,W,0.8533333333333334,5,150,visa,0.64,87.0,0.9155555555555556,0.13777777777777778,desktop,0.07555555555555556,13,0.057777777777777775,1338.772
1578,198,26801.040000000005,W,0.8333333333333334,5,136,visa,0.702020202020202,87.0,0.8939393939393939,0.13131313131313133,mobile,0.0707070707070707,13,0.06565656565656566,2363.839
1579,229,32901.455,W,0.8820960698689956,4,154,visa,0.6244541484716157,87.0,0.9606986899563319,0.11353711790393013,desktop,0.07423580786026202,7,0.03056768558951965,3757.0
1580,224,30004.024,W,0.8616071428571429,5,148,visa,0.6428571428571429,87.0,0.9464285714285714,0.13392857142857142,mobile,0.08035714285714286,12,0.05357142857142857,3208.0
1581,215,22504.215000000004,W,0.8883720930232558,5,154,visa,0.6139534883720931,87.0,0.9302325581395349,0.08837209302325581,mobile,0.046511627906976744,4,0.018604651162790697,530.0
1582,231,24295.432,W,0.7705627705627706,5,141,visa,0.6060606060606061,87.0,0.8874458874458875,0.2077922077922078,mobile,0.12987012987012986,12,0.05194805194805195,943.7720000000002
1583,213,20211.941000000003,W,0.8497652582159625,5,141,visa,0.6666666666666666,87.0,0.9107981220657277,0.13615023474178403,desktop,0.07981220657276995,10,0.046948356807511735,1824.032
1584,172,18732.358,W,0.8662790697674418,5,127,visa,0.6337209302325582,87.0,0.8953488372093024,0.11627906976744186,mobile,0.06976744186046512,11,0.06395348837209303,1245.895
1585,174,18699.782000000007,W,0.764367816091954,5,127,visa,0.735632183908046,87.0,0.8275862068965517,0.23563218390804597,mobile,0.14367816091954022,12,0.06896551724137931,885.6469999999999
1586,142,14266.214,W,0.704225352112676,4,99,visa,0.5915492957746479,87.0,0.7464788732394366,0.29577464788732394,desktop,0.14788732394366197,9,0.06338028169014084,396.87199999999996
1587,103,10331.961000000001,W,0.7087378640776699,5,80,visa,0.6019417475728155,87.0,0.7864077669902912,0.2815533980582524,desktop,0.1553398058252427,6,0.05825242718446602,198.339
1588,60,7494.82,W,0.7166666666666667,4,52,visa,0.65,87.0,0.85,0.2833333333333333,mobile,0.16666666666666666,2,0.03333333333333333,64.038
1589,42,7500.342,W,0.7619047619047619,2,35,visa,0.6428571428571429,87.0,0.7619047619047619,0.23809523809523808,desktop,0.16666666666666666,1,0.023809523809523808,82.775
1590,32,3750.4950000000003,W,0.78125,2,26,visa,0.625,87.0,0.78125,0.21875,mobile,0.1875,0,0.0,
1591,16,682.771,W,0.5,3,12,visa,0.6875,87.0,0.5625,0.5,mobile,0.4375,2,0.125,159.0
1592,11,494.82099999999997,W,0.5454545454545454,2,7,visa,0.7272727272727273,87.0,0.5454545454545454,0.45454545454545453,desktop,0.45454545454545453,0,0.0,
1593,10,4052.9429999999998,W,0.8,3,10,visa,0.7,87.0,0.9,0.2,desktop,0.1,1,0.1,117.0
1594,11,542.908,W,0.8181818181818182,2,11,visa,0.6363636363636364,87.0,0.8181818181818182,0.18181818181818182,mobile,0.18181818181818182,0,0.0,
1595,10,548.85,W,0.9,2,6,visa,0.8,87.0,1.0,0.0,,,0,0.0,
1596,27,2739.8009999999995,W,0.6296296296296297,3,19,mastercard,0.5555555555555556,87.0,0.9259259259259259,0.37037037037037035,mobile,0.2222222222222222,0,0.0,
1597,51,4983.922,W,0.7843137254901961,4,40,visa,0.7254901960784313,87.0,0.9411764705882353,0.17647058823529413,mobile,0.11764705882352941,1,0.0196078431372549,85.95
1598,98,11069.316000000003,W,0.8163265306122449,5,79,visa,0.673469387755102,87.0,0.8877551020408163,0.1836734693877551,mobile,0.14285714285714285,0,0.0,
1599,111,11475.451000000001,W,0.8468468468468469,5,89,visa,0.6486486486486487,87.0,0.9369369369369369,0.14414414414414414,desktop,0.10810810810810811,1,0.009009009009009009,15.0
1600,167,19375.717000000004,W,0.7844311377245509,5,123,visa,0.688622754491018,87.0,0.8682634730538922,0.17365269461077845,mobile,0.10179640718562874,4,0.023952095808383235,229.0
1601,186,18802.381,W,0.8387096774193549,5,125,visa,0.6451612903225806,87.0,0.8924731182795699,0.12903225806451613,desktop,0.0967741935483871,4,0.021505376344086023,794.0
1602,178,17263.275999999998,W,0.8539325842696629,4,119,visa,0.601123595505618,87.0,0.8876404494382022,0.12921348314606743,desktop,0.07865168539325842,6,0.033707865168539325,538.842
1603,224,21309.725000000002,W,0.8392857142857143,5,157,visa,0.6517857142857143,87.0,0.8928571428571429,0.15625,desktop,0.08928571428571429,10,0.044642857142857144,1811.37
1604,180,17438.28,W,0.8666666666666667,5,132,visa,0.5888888888888889,87.0,0.9166666666666666,0.1,mobile,0.06111111111111111,3,0.016666666666666666,379.228
1605,219,20472.887000000002,W,0.8401826484018264,4,151,visa,0.6712328767123288,87.0,0.863013698630137,0.1506849315068493,mobile,0.091324200913242,5,0.0228310502283105,551.0
1606,193,18823.458,W,0.7927461139896373,4,121,visa,0.689119170984456,87.0,0.8238341968911918,0.18134715025906736,desktop,0.12435233160621761,4,0.02072538860103627,1336.0
1607,167,19087.680000000004,W,0.8682634730538922,4,117,visa,0.6766467065868264,87.0,0.9041916167664671,0.11377245508982035,mobile,0.08383233532934131,3,0.017964071856287425,942.5
1608,181,17809.007,W,0.8121546961325967,5,120,visa,0.6298342541436464,87.0,0.8674033149171271,0.16574585635359115,desktop,0.08839779005524862,5,0.027624309392265192,543.95
1609,174,17738.036000000004,W,0.8448275862068966,5,130,visa,0.5747126436781609,87.0,0.8793103448275862,0.15517241379310345,mobile,0.09770114942528736,3,0.017241379310344827,152.596
1610,114,17882.272,W,0.8596491228070176,5,77,visa,0.6140350877192983,87.0,0.8947368421052632,0.14035087719298245,mobile,0.09649122807017543,1,0.008771929824561403,25.0
1611,95,7586.034000000001,W,0.7894736842105263,3,59,visa,0.5894736842105263,87.0,0.8,0.21052631578947367,mobile,0.16842105263157894,7,0.07368421052631578,224.27900000000002
1612,104,7567.495000000001,W,0.7019230769230769,5,75,visa,0.6346153846153846,87.0,0.8461538461538461,0.2980769230769231,desktop,0.18269230769230768,12,0.11538461538461539,613.0509999999999
1613,82,6419.969999999999,C,0.524390243902439,5,49,visa,0.7317073170731707,87.0,0.45121951219512196,0.573170731707317,mobile,0.4268292682926829,16,0.1951219512195122,500.768
1614,24,2441.026,W,0.75,2,21,visa,0.6666666666666666,87.0,0.75,0.25,mobile,0.125,0,0.0,
1615,27,1844.874,W,0.7777777777777778,2,23,visa,0.7407407407407407,87.0,0.7777777777777778,0.2222222222222222,desktop,0.14814814814814814,0,0.0,
1616,10,1476.0610000000001,W,0.9,2,10,visa,0.6,87.0,0.9,0.1,desktop,0.1,0,0.0,
1617,12,730.4970000000001,W,0.4166666666666667,4,12,visa,0.75,87.0,0.5,0.5833333333333334,desktop,0.4166666666666667,2,0.16666666666666666,131.95
1618,14,2867.5699999999993,W,1.0,1,14,visa,0.7857142857142857,87.0,1.0,0.0,,,0,0.0,
1619,35,3850.019,W,0.8571428571428571,3,30,visa,0.6571428571428571,87.0,0.9428571428571428,0.14285714285714285,desktop,0.08571428571428572,1,0.02857142857142857,22.114
1620,50,5240.116,W,0.76,4,43,visa,0.68,87.0,0.84,0.24,mobile,0.16,2,0.04,464.733
1621,84,10532.301000000001,W,0.8928571428571429,4,69,visa,0.6785714285714286,87.0,0.9523809523809523,0.09523809523809523,desktop,0.07142857142857142,1,0.011904761904761904,59.0
1622,152,19951.727,W,0.8486842105263158,5,125,visa,0.6644736842105263,87.0,0.9276315789473685,0.1513157894736842,desktop,0.08552631578947369,5,0.03289473684210526,418.9
1623,202,29760.952,W,0.8465346534653465,5,141,visa,0.6039603960396039,87.0,0.9158415841584159,0.13366336633663367,desktop,0.07425742574257425,3,0.01485148514851485,380.0
1624,212,36725.981,W,0.8679245283018868,5,161,visa,0.6415094339622641,87.0,0.9386792452830188,0.12264150943396226,mobile,0.07547169811320754,5,0.02358490566037736,329.0
1625,217,31385.936,W,0.815668202764977,5,146,visa,0.6082949308755761,87.0,0.880184331797235,0.14746543778801843,desktop,0.11981566820276497,5,0.02304147465437788,306.014
1626,257,34926.147,W,0.7509727626459144,5,172,visa,0.642023346303502,87.0,0.8132295719844358,0.2140077821011673,desktop,0.13618677042801555,18,0.07003891050583658,1213.8829999999998
1627,233,28330.844000000005,W,0.8454935622317596,5,160,visa,0.6738197424892703,87.0,0.8841201716738197,0.13733905579399142,mobile,0.07296137339055794,6,0.02575107296137339,334.71299999999997
1628,232,36604.964,W,0.8275862068965517,5,155,visa,0.6853448275862069,87.0,0.9051724137931034,0.15948275862068967,mobile,0.08189655172413793,9,0.03879310344827586,533.0600000000001
1629,227,30122.843,W,0.8766519823788547,5,162,visa,0.5903083700440529,87.0,0.8986784140969163,0.1145374449339207,mobile,0.06167400881057269,5,0.022026431718061675,257.65299999999996
1630,235,32660.724000000002,W,0.851063829787234,5,165,visa,0.6851063829787234,87.0,0.9191489361702128,0.14468085106382977,desktop,0.09361702127659574,4,0.01702127659574468,600.3009999999999
1631,250,34106.789,W,0.876,5,171,visa,0.608,87.0,0.928,0.112,desktop,0.076,10,0.04,908.0329999999999
1632,217,35274.745,W,0.8341013824884793,5,155,visa,0.6129032258064516,87.0,0.8894009216589862,0.12903225806451613,desktop,0.06451612903225806,2,0.009216589861751152,84.319
1633,197,23999.586000000007,W,0.8578680203045685,4,146,visa,0.6548223350253807,87.0,0.9086294416243654,0.1319796954314721,mobile,0.09137055837563451,5,0.025380710659898477,525.4
1634,192,22024.959000000003,W,0.78125,5,136,visa,0.671875,87.0,0.84375,0.20833333333333334,mobile,0.13541666666666666,13,0.06770833333333333,1666.4460000000001
1635,130,16411.525,W,0.9,5,95,visa,0.7,87.0,0.9461538461538461,0.09230769230769231,mobile,0.05384615384615385,0,0.0,
1636,96,12811.966,W,0.84375,5,77,visa,0.6979166666666666,87.0,0.9166666666666666,0.125,mobile,0.08333333333333333,3,0.03125,1026.636
1637,49,3924.018,W,0.8163265306122449,3,40,visa,0.6122448979591837,87.0,0.8775510204081632,0.1836734693877551,mobile,0.12244897959183673,0,0.0,
1638,41,5503.682,W,0.7804878048780488,2,26,visa,0.8536585365853658,87.0,0.7804878048780488,0.21951219512195122,mobile,0.1951219512195122,3,0.07317073170731707,60.482
1639,23,2525.0959999999995,W,0.8695652173913043,2,20,mastercard,0.5217391304347826,87.0,0.8695652173913043,0.13043478260869565,mobile,0.08695652173913043,3,0.13043478260869565,624.063
1640,19,1776.12,W,1.0,1,14,visa,0.6842105263157895,87.0,1.0,0.0,,,0,0.0,
1641,13,1728.191,W,0.8461538461538461,2,12,visa,0.5384615384615384,87.0,0.8461538461538461,0.15384615384615385,mobile,0.15384615384615385,0,0.0,
1642,12,1105.218,W,0.9166666666666666,2,10,visa,0.75,87.0,0.9166666666666666,0.08333333333333333,mobile,0.08333333333333333,0,0.0,
1643,30,3202.9099999999994,W,0.8666666666666667,3,27,visa,0.7333333333333333,87.0,1.0,0.13333333333333333,desktop,0.13333333333333333,1,0.03333333333333333,174.0
1644,46,6397.31,W,0.9347826086956522,3,38,visa,0.7608695652173914,87.0,1.0,0.06521739130434782,desktop,0.06521739130434782,2,0.043478260869565216,1576.0
1645,103,11517.460000000003,W,0.9223300970873787,4,74,visa,0.6699029126213593,87.0,0.9611650485436893,0.07766990291262135,desktop,0.04854368932038835,4,0.038834951456310676,167.5
1646,154,33017.709,W,0.8376623376623377,5,115,visa,0.5909090909090909,87.0,0.974025974025974,0.14285714285714285,desktop,0.11038961038961038,2,0.012987012987012988,359.0
1647,134,20670.636,W,0.8582089552238806,5,105,visa,0.6567164179104478,87.0,0.9253731343283582,0.11194029850746269,desktop,0.05970149253731343,1,0.007462686567164179,280.0
1648,212,36459.276,W,0.8349056603773585,5,157,visa,0.5943396226415094,87.0,0.9056603773584906,0.15566037735849056,desktop,0.09433962264150944,12,0.05660377358490566,4247.804
1649,199,35590.029,W,0.8391959798994975,5,138,visa,0.6080402010050251,87.0,0.9195979899497487,0.1507537688442211,desktop,0.11557788944723618,12,0.06030150753768844,2744.0
1650,220,49133.278000000006,W,0.8272727272727273,5,152,visa,0.6681818181818182,87.0,0.9409090909090909,0.16363636363636364,desktop,0.1318181818181818,2,0.00909090909090909,467.5
1651,201,32477.311999999998,W,0.8109452736318408,5,139,visa,0.6268656716417911,87.0,0.8805970149253731,0.17412935323383086,desktop,0.11940298507462686,13,0.06467661691542288,455.452
1652,230,34020.380000000005,W,0.8521739130434782,5,154,visa,0.6782608695652174,87.0,0.9173913043478261,0.13478260869565217,desktop,0.10434782608695652,8,0.034782608695652174,710.5409999999999
1653,200,27187.686,W,0.835,5,144,visa,0.59,87.0,0.92,0.14,desktop,0.075,6,0.03,1306.0
1654,220,39142.53600000001,W,0.8636363636363636,5,162,visa,0.6136363636363636,87.0,0.9045454545454545,0.11818181818181818,desktop,0.09545454545454546,6,0.02727272727272727,1452.9
1655,220,41091.502,W,0.8136363636363636,5,155,visa,0.6727272727272727,87.0,0.9409090909090909,0.18181818181818182,desktop,0.10909090909090909,13,0.05909090909090909,1558.845
1656,211,35728.212999999996,W,0.8104265402843602,5,155,visa,0.6919431279620853,87.0,0.8957345971563981,0.1895734597156398,desktop,0.13270142180094788,6,0.02843601895734597,2105.42
1657,181,24337.875,W,0.8342541436464088,5,124,visa,0.6464088397790055,87.0,0.9171270718232044,0.15469613259668508,desktop,0.08839779005524862,6,0.03314917127071823,1586.5
1658,165,22161.207000000002,W,0.806060606060606,5,125,visa,0.6060606060606061,87.0,0.8848484848484849,0.18787878787878787,desktop,0.10909090909090909,7,0.04242424242424243,904.0
1659,130,13608.802000000001,W,0.7923076923076923,5,95,visa,0.6230769230769231,87.0,0.8384615384615385,0.2,mobile,0.1,6,0.046153846153846156,1302.9
1660,101,9094.150000000001,W,0.8118811881188119,5,82,visa,0.6039603960396039,87.0,0.8910891089108911,0.18811881188118812,mobile,0.12871287128712872,2,0.019801980198019802,545.0
1661,48,4974.051,W,0.6875,3,39,visa,0.6875,87.0,0.7708333333333334,0.3125,mobile,0.1875,6,0.125,61.266000000000005
1662,20,2918.6499999999996,W,1.0,1,18,visa,0.6,87.0,1.0,0.0,,,0,0.0,
1663,21,2574.947,W,0.9523809523809523,2,15,visa,0.5714285714285714,87.0,0.9523809523809523,0.047619047619047616,mobile,0.047619047619047616,1,0.047619047619047616,280.0
1664,13,1611.69,W,1.0,1,13,visa,0.5384615384615384,87.0,0.9230769230769231,0.0,,,0,0.0,
1665,9,666.1800000000001,W,0.7777777777777778,3,8,visa,0.6666666666666666,87.0,1.0,0.2222222222222222,mobile,0.2222222222222222,0,0.0,
1666,10,1116.67,W,0.9,2,9,visa,0.9,87.0,1.0,0.1,mobile,0.1,1,0.1,25.0
1667,21,1297.678,W,0.8095238095238095,4,19,visa,0.6190476190476191,87.0,0.9523809523809523,0.19047619047619047,desktop,0.14285714285714285,0,0.0,
1668,43,4917.75,W,0.9302325581395349,3,35,visa,0.7209302325581395,87.0,0.9767441860465116,0.06976744186046512,desktop,0.046511627906976744,0,0.0,
1669,81,13264.638000000003,W,0.8518518518518519,4,61,visa,0.6049382716049383,87.0,0.9753086419753086,0.13580246913580246,desktop,0.1111111111111111,5,0.06172839506172839,847.0
1670,128,18080.953999999998,W,0.828125,4,97,visa,0.640625,87.0,0.890625,0.171875,desktop,0.109375,3,0.0234375,692.0
1671,184,26226.795000000002,W,0.842391304347826,5,139,visa,0.5869565217391305,87.0,0.907608695652174,0.14130434782608695,desktop,0.09782608695652174,4,0.021739130434782608,750.0
1672,199,31538.066000000003,W,0.7788944723618091,5,135,visa,0.6331658291457286,87.0,0.8844221105527639,0.18090452261306533,desktop,0.10050251256281408,9,0.04522613065326633,1831.5
1673,236,37209.939,W,0.7796610169491526,5,168,visa,0.5847457627118644,87.0,0.8983050847457628,0.2033898305084746,desktop,0.15254237288135594,6,0.025423728813559324,424.99399999999997
1674,226,40704.82,W,0.8053097345132744,5,144,visa,0.6814159292035398,87.0,0.8628318584070797,0.1504424778761062,desktop,0.11504424778761062,7,0.030973451327433628,1006.0
1675,225,39858.363,W,0.8444444444444444,5,148,visa,0.6711111111111111,87.0,0.9244444444444444,0.1511111111111111,desktop,0.08888888888888889,7,0.03111111111111111,5160.78
1676,196,29671.358000000004,W,0.8316326530612245,5,145,visa,0.6632653061224489,87.0,0.8979591836734694,0.14285714285714285,desktop,0.07653061224489796,13,0.0663265306122449,1195.696
1677,209,36829.4,W,0.8708133971291866,5,141,visa,0.6172248803827751,87.0,0.9138755980861244,0.11483253588516747,desktop,0.07655502392344497,16,0.07655502392344497,2668.741
1678,231,29035.542,W,0.8398268398268398,5,163,visa,0.6147186147186147,87.0,0.922077922077922,0.15151515151515152,desktop,0.12121212121212122,5,0.021645021645021644,761.83
1679,242,28011.773,W,0.8347107438016529,5,162,visa,0.6446280991735537,87.0,0.9049586776859504,0.1446280991735537,desktop,0.09504132231404959,8,0.03305785123966942,1737.4
1680,199,20990.591000000004,W,0.7587939698492462,5,138,visa,0.6934673366834171,87.0,0.8442211055276382,0.23115577889447236,mobile,0.16080402010050251,8,0.04020100502512563,714.774
1681,171,16981.394000000004,W,0.7777777777777778,5,139,visa,0.6198830409356725,87.0,0.8245614035087719,0.2222222222222222,desktop,0.13450292397660818,2,0.011695906432748537,116.494
1682,155,15876.62,W,0.7612903225806451,5,106,visa,0.5612903225806452,87.0,0.8064516129032258,0.23870967741935484,mobile,0.16774193548387098,17,0.10967741935483871,1686.908
1683,140,19817.033,W,0.6357142857142857,5,98,visa,0.6214285714285714,87.0,0.7357142857142858,0.36428571428571427,desktop,0.21428571428571427,9,0.06428571428571428,935.609
1684,76,6967.485,W,0.75,5,62,visa,0.618421052631579,87.0,0.8157894736842105,0.25,desktop,0.13157894736842105,3,0.039473684210526314,142.355
1685,53,3524.699,W,0.49056603773584906,4,40,visa,0.5849056603773585,87.0,0.660377358490566,0.5094339622641509,desktop,0.37735849056603776,7,0.1320754716981132,313.804
1686,35,3610.9880000000007,W,0.6571428571428571,3,29,visa,0.5714285714285714,87.0,0.6857142857142857,0.34285714285714286,mobile,0.2,4,0.11428571428571428,382.5799999999999
1687,23,2209.895,W,0.782608695652174,2,19,visa,0.6956521739130435,87.0,0.782608695652174,0.21739130434782608,desktop,0.13043478260869565,2,0.08695652173913043,98.0
1688,12,1059.03,W,0.6666666666666666,4,10,visa,0.5833333333333334,87.0,0.9166666666666666,0.3333333333333333,mobile,0.25,3,0.25,145.9
1689,7,2718.8,W,1.0,1,6,visa,0.5714285714285714,87.0,1.0,0.0,,,1,0.14285714285714285,2161.0
1690,19,3108.3819999999996,W,0.7368421052631579,3,14,visa,0.8947368421052632,87.0,0.9473684210526315,0.2631578947368421,mobile,0.15789473684210525,3,0.15789473684210525,1200.0
1691,17,2162.629,W,0.6470588235294118,4,16,mastercard,0.5882352941176471,87.0,0.8823529411764706,0.35294117647058826,desktop,0.23529411764705882,3,0.17647058823529413,225.0
1692,53,5278.958,W,0.9056603773584906,3,43,visa,0.6792452830188679,87.0,0.9811320754716981,0.09433962264150944,desktop,0.09433962264150944,0,0.0,
1693,96,10914.876,W,0.8541666666666666,4,80,visa,0.6458333333333334,87.0,0.9479166666666666,0.14583333333333334,desktop,0.08333333333333333,2,0.020833333333333332,244.95
1694,114,25136.839000000004,W,0.8070175438596491,5,88,visa,0.5789473684210527,87.0,0.8596491228070176,0.19298245614035087,desktop,0.14912280701754385,0,0.0,
1695,167,33698.201,W,0.7904191616766467,5,115,visa,0.5988023952095808,87.0,0.8802395209580839,0.19760479041916168,desktop,0.1497005988023952,5,0.029940119760479042,944.303
1696,196,27973.057999999997,W,0.75,5,145,visa,0.6785714285714286,87.0,0.8571428571428571,0.22959183673469388,desktop,0.14795918367346939,5,0.025510204081632654,318.144
1697,187,23200.698000000004,W,0.7433155080213903,5,136,visa,0.7112299465240641,87.0,0.8663101604278075,0.24064171122994651,desktop,0.20855614973262032,4,0.0213903743315508,2387.0
1698,185,29859.517,W,0.7675675675675676,5,127,visa,0.6,87.0,0.8594594594594595,0.22702702702702704,desktop,0.1891891891891892,14,0.07567567567567568,2465.905
1699,183,27527.939,W,0.7759562841530054,4,130,visa,0.6939890710382514,87.0,0.8360655737704918,0.21311475409836064,desktop,0.17486338797814208,9,0.04918032786885246,836.0260000000001
1700,206,30286.656000000003,W,0.8058252427184466,5,138,visa,0.6941747572815534,87.0,0.8495145631067961,0.13592233009708737,desktop,0.07281553398058252,10,0.04854368932038835,937.1790000000001
1701,203,30976.564,W,0.7832512315270936,5,146,visa,0.645320197044335,87.0,0.9064039408866995,0.20689655172413793,desktop,0.12315270935960591,12,0.059113300492610835,1455.938
1702,213,29530.939000000002,W,0.7511737089201878,5,149,visa,0.6103286384976526,87.0,0.8779342723004695,0.19718309859154928,desktop,0.10328638497652583,17,0.07981220657276995,2611.462
1703,203,22602.674,W,0.8078817733990148,5,152,visa,0.6009852216748769,87.0,0.8620689655172413,0.17733990147783252,desktop,0.09359605911330049,5,0.024630541871921183,292.981
1704,171,21769.184,W,0.695906432748538,5,124,visa,0.6374269005847953,87.0,0.7426900584795322,0.28654970760233917,desktop,0.21052631578947367,2,0.011695906432748537,96.007
1705,146,15894.991,W,0.7534246575342466,4,102,visa,0.6027397260273972,87.0,0.8424657534246576,0.2465753424657534,mobile,0.1232876712328767,8,0.0547945205479452,1147.523
1706,175,21805.063000000002,W,0.7371428571428571,4,125,visa,0.6342857142857142,87.0,0.8342857142857143,0.2571428571428571,desktop,0.14285714285714285,14,0.08,2236.853
1707,89,13150.989,W,0.6629213483146067,4,64,visa,0.7528089887640449,87.0,0.6853932584269663,0.33707865168539325,desktop,0.21348314606741572,10,0.11235955056179775,713.5
1708,67,5205.495999999999,W,0.582089552238806,4,48,visa,0.6268656716417911,87.0,0.6268656716417911,0.417910447761194,desktop,0.22388059701492538,0,0.0,
1709,74,5282.788,W,0.6621621621621622,4,62,visa,0.7297297297297297,87.0,0.7027027027027027,0.32432432432432434,mobile,0.1891891891891892,8,0.10810810810810811,751.894
1710,22,1638.423,W,0.5454545454545454,3,17,visa,0.5,87.0,0.6363636363636364,0.36363636363636365,mobile,0.22727272727272727,4,0.18181818181818182,281.134
1711,20,1978.162,W,0.7,3,16,mastercard,0.55,87.0,0.8,0.3,desktop,0.2,5,0.25,795.896
1712,16,3526.9750000000004,W,0.625,3,13,visa,0.9375,87.0,0.9375,0.375,mobile,0.3125,7,0.4375,2431.025
1713,15,2372.2929999999997,W,0.8,4,12,visa,0.7333333333333333,87.0,0.9333333333333333,0.2,desktop,0.13333333333333333,1,0.06666666666666667,450.0
1714,13,2031.6500000000003,W,0.9230769230769231,2,13,visa,0.6923076923076923,87.0,1.0,0.07692307692307693,mobile,0.07692307692307693,1,0.07692307692307693,450.0
1715,39,3409.68,W,0.9230769230769231,3,35,visa,0.6410256410256411,87.0,1.0,0.07692307692307693,desktop,0.07692307692307693,1,0.02564102564102564,49.0
1716,54,6644.196999999999,W,0.8333333333333334,5,42,visa,0.6481481481481481,87.0,0.9444444444444444,0.14814814814814814,desktop,0.09259259259259259,0,0.0,
1717,99,12423.262999999999,W,0.8585858585858586,5,76,visa,0.6363636363636364,87.0,0.9494949494949495,0.1414141414141414,desktop,0.1111111111111111,1,0.010101010101010102,59.0
1718,156,30179.486,W,0.8333333333333334,5,114,visa,0.7115384615384616,87.0,0.9230769230769231,0.16666666666666666,desktop,0.12179487179487179,1,0.00641025641025641,200.0
1719,202,29720.713,W,0.8118811881188119,5,142,visa,0.6138613861386139,87.0,0.8960396039603961,0.16336633663366337,desktop,0.11386138613861387,5,0.024752475247524754,561.952
1720,218,37272.22,W,0.8256880733944955,5,162,visa,0.6972477064220184,87.0,0.8807339449541285,0.15137614678899083,desktop,0.09174311926605505,5,0.022935779816513763,333.0
1721,228,34640.141,W,0.8289473684210527,5,164,visa,0.6622807017543859,87.0,0.9473684210526315,0.16228070175438597,desktop,0.11842105263157894,12,0.05263157894736842,1317.8200000000002
1722,245,45248.18500000001,W,0.7673469387755102,5,175,visa,0.6285714285714286,87.0,0.8734693877551021,0.20408163265306123,desktop,0.1673469387755102,6,0.024489795918367346,1217.696
1723,247,38081.137,W,0.728744939271255,5,166,visa,0.6882591093117408,87.0,0.7975708502024291,0.2388663967611336,desktop,0.145748987854251,14,0.05668016194331984,1953.329
1724,242,32819.736000000004,W,0.7479338842975206,5,166,visa,0.5785123966942148,87.0,0.8181818181818182,0.2190082644628099,desktop,0.1487603305785124,13,0.05371900826446281,2582.334
1725,230,32447.807,W,0.7913043478260869,5,162,visa,0.6608695652173913,87.0,0.8521739130434782,0.18695652173913044,desktop,0.1391304347826087,17,0.07391304347826087,1386.1279999999997
1726,253,35457.723,W,0.7549407114624506,4,168,visa,0.6245059288537549,87.0,0.8181818181818182,0.23715415019762845,desktop,0.1422924901185771,6,0.023715415019762844,232.46499999999997
1727,246,32879.088,W,0.7967479674796748,5,165,visa,0.6504065040650406,87.0,0.8414634146341463,0.17886178861788618,desktop,0.10975609756097561,11,0.044715447154471545,552.576
1728,237,27580.168999999998,W,0.7341772151898734,5,166,visa,0.5274261603375527,87.0,0.8143459915611815,0.24050632911392406,mobile,0.12658227848101267,7,0.029535864978902954,320.15700000000004
1729,179,25330.864,W,0.7597765363128491,5,132,visa,0.6201117318435754,87.0,0.8547486033519553,0.21787709497206703,desktop,0.13966480446927373,3,0.01675977653631285,206.5
1730,135,14029.960000000001,W,0.7481481481481481,5,97,visa,0.6444444444444445,87.0,0.7925925925925926,0.2518518518518518,mobile,0.15555555555555556,4,0.02962962962962963,929.952
1731,105,11424.932,W,0.6666666666666666,4,78,visa,0.6666666666666666,87.0,0.819047619047619,0.3333333333333333,mobile,0.23809523809523808,3,0.02857142857142857,289.0
1732,72,8298.564,W,0.7777777777777778,3,56,visa,0.6666666666666666,87.0,0.8055555555555556,0.2222222222222222,mobile,0.1527777777777778,1,0.013888888888888888,719.0
1733,45,4302.727,W,0.5555555555555556,4,38,visa,0.5333333333333333,87.0,0.6444444444444445,0.4222222222222222,mobile,0.26666666666666666,1,0.022222222222222223,150.0
1734,25,2762.854,W,0.68,3,25,visa,0.68,87.0,0.76,0.32,mobile,0.24,0,0.0,
1735,25,2462.859,W,0.36,5,14,visa,0.72,87.0,0.6,0.64,mobile,0.36,10,0.4,906.815
1736,12,1210.8,W,1.0,1,12,visa,0.9166666666666666,87.0,1.0,0.0,,,1,0.08333333333333333,80.0
1737,11,828.283,W,0.9090909090909091,2,11,visa,0.7272727272727273,87.0,0.9090909090909091,0.09090909090909091,mobile,0.09090909090909091,0,0.0,
1738,5,328.87,W,0.8,2,5,visa,0.8,87.0,1.0,0.2,mobile,0.2,0,0.0,
1739,19,2069.1000000000004,W,0.8947368421052632,2,16,visa,0.7894736842105263,87.0,0.8947368421052632,0.10526315789473684,mobile,0.10526315789473684,0,0.0,
1740,40,5013.934,W,0.725,5,30,visa,0.6,87.0,0.975,0.25,desktop,0.175,1,0.025,15.0
1741,57,6450.790000000001,W,0.9473684210526315,4,46,visa,0.7368421052631579,87.0,1.0,0.05263157894736842,desktop,0.03508771929824561,1,0.017543859649122806,30.95
1742,101,15291.419000000002,W,0.8712871287128713,5,82,visa,0.6435643564356436,87.0,0.9504950495049505,0.07920792079207921,desktop,0.0594059405940594,0,0.0,
1743,139,18684.858,W,0.8273381294964028,5,106,visa,0.6834532374100719,87.0,0.9856115107913669,0.15827338129496402,desktop,0.09352517985611511,5,0.03597122302158273,359.0
1744,189,24547.135000000002,W,0.8306878306878307,5,140,visa,0.6825396825396826,87.0,0.9682539682539683,0.13756613756613756,desktop,0.09523809523809523,3,0.015873015873015872,284.0
1745,180,20211.206000000002,W,0.8333333333333334,5,130,visa,0.6222222222222222,87.0,0.9277777777777778,0.12777777777777777,mobile,0.08333333333333333,8,0.044444444444444446,1656.804
1746,196,26002.508,W,0.8367346938775511,5,145,visa,0.6683673469387755,87.0,0.9030612244897959,0.12755102040816327,desktop,0.07653061224489796,6,0.030612244897959183,1132.0
1747,196,22957.683000000005,W,0.826530612244898,5,152,visa,0.6326530612244898,87.0,0.9081632653061225,0.1683673469387755,desktop,0.09693877551020408,5,0.025510204081632654,435.271
1748,187,23133.205,W,0.8181818181818182,5,134,visa,0.6310160427807486,87.0,0.8823529411764706,0.15508021390374332,mobile,0.09090909090909091,9,0.0481283422459893,1383.52
1749,192,19448.317000000003,W,0.859375,4,135,visa,0.703125,87.0,0.921875,0.13020833333333334,desktop,0.08333333333333333,8,0.041666666666666664,538.511
1750,200,19678.578,W,0.765,5,138,visa,0.705,87.0,0.86,0.225,mobile,0.145,7,0.035,925.968
1751,197,21673.074,W,0.817258883248731,5,143,visa,0.583756345177665,87.0,0.8934010152284264,0.14720812182741116,mobile,0.09644670050761421,11,0.05583756345177665,916.0550000000001
1752,192,19365.694,W,0.796875,5,136,visa,0.6614583333333334,87.0,0.8854166666666666,0.203125,desktop,0.109375,15,0.078125,1647.7830000000001
1753,142,12793.850999999999,W,0.8098591549295775,5,98,visa,0.7323943661971831,87.0,0.9014084507042254,0.176056338028169,mobile,0.1056338028169014,7,0.04929577464788732,896.0
1754,122,8741.614000000001,W,0.7622950819672131,5,94,visa,0.639344262295082,87.0,0.8442622950819673,0.23770491803278687,mobile,0.16393442622950818,5,0.040983606557377046,499.717
1755,83,8175.8240000000005,W,0.6987951807228916,4,66,visa,0.6626506024096386,87.0,0.7590361445783133,0.30120481927710846,mobile,0.2289156626506024,2,0.024096385542168676,102.667
1756,78,6281.892,W,0.5897435897435898,4,63,visa,0.5256410256410257,87.0,0.6282051282051282,0.3717948717948718,mobile,0.28205128205128205,14,0.1794871794871795,927.5910000000001
1757,53,4688.94,W,0.5660377358490566,4,39,visa,0.6981132075471698,87.0,0.7735849056603774,0.4339622641509434,mobile,0.3018867924528302,10,0.18867924528301888,788.635
1758,36,2243.0660000000003,W,0.5277777777777778,4,26,mastercard,0.5277777777777778,87.0,0.5833333333333334,0.4722222222222222,mobile,0.2777777777777778,6,0.16666666666666666,207.63500000000002
1759,15,1620.651,W,0.6,3,14,visa,0.8666666666666667,87.0,0.6666666666666666,0.4,desktop,0.26666666666666666,0,0.0,
1760,11,1061.963,W,0.45454545454545453,3,10,visa,0.8181818181818182,87.0,0.6363636363636364,0.36363636363636365,desktop,0.18181818181818182,0,0.0,
1761,8,713.845,W,0.375,3,6,visa,0.75,87.0,0.75,0.625,desktop,0.375,0,0.0,
1762,11,1632.95,W,0.5454545454545454,2,5,visa,0.7272727272727273,87.0,1.0,0.45454545454545453,mobile,0.45454545454545453,8,0.7272727272727273,1334.0
1763,14,1234.486,W,0.9285714285714286,2,12,visa,0.6428571428571429,87.0,0.9285714285714286,0.07142857142857142,mobile,0.07142857142857142,1,0.07142857142857142,117.0
1764,19,1521.273,W,0.6842105263157895,3,18,visa,0.7368421052631579,87.0,0.7368421052631579,0.3157894736842105,mobile,0.15789473684210525,1,0.05263157894736842,50.0
1765,40,3555.7029999999995,W,0.8,4,36,visa,0.55,87.0,0.9,0.175,mobile,0.1,0,0.0,
1766,52,6606.397999999999,W,0.7115384615384616,5,47,visa,0.6538461538461539,87.0,0.8461538461538461,0.28846153846153844,mobile,0.19230769230769232,2,0.038461538461538464,176.0
1767,112,14128.086,W,0.6160714285714286,5,85,visa,0.5982142857142857,87.0,0.7857142857142857,0.3392857142857143,mobile,0.24107142857142858,11,0.09821428571428571,863.27
1768,134,14096.943000000001,W,0.753731343283582,5,105,visa,0.5970149253731343,87.0,0.9029850746268657,0.23134328358208955,desktop,0.12686567164179105,7,0.05223880597014925,1415.841
1769,146,12887.807,W,0.7397260273972602,5,107,visa,0.726027397260274,87.0,0.8493150684931506,0.2328767123287671,mobile,0.1506849315068493,4,0.0273972602739726,283.0
1770,171,14269.922999999999,W,0.7426900584795322,5,132,visa,0.6608187134502924,87.0,0.847953216374269,0.21052631578947367,mobile,0.15789473684210525,11,0.06432748538011696,418.575
1771,169,17017.779000000002,W,0.8520710059171598,5,134,visa,0.6686390532544378,87.0,0.8994082840236687,0.14201183431952663,mobile,0.10059171597633136,7,0.04142011834319527,415.336
1772,165,17636.700000000004,W,0.8606060606060606,5,119,visa,0.6606060606060606,87.0,0.9393939393939394,0.12121212121212122,desktop,0.06666666666666667,7,0.04242424242424243,386.168
1773,164,13405.708,W,0.774390243902439,5,120,visa,0.6463414634146342,87.0,0.8597560975609756,0.21341463414634146,desktop,0.11585365853658537,8,0.04878048780487805,1052.086
1774,188,17501.994000000002,W,0.7659574468085106,4,131,visa,0.6276595744680851,87.0,0.8563829787234043,0.19680851063829788,mobile,0.11170212765957446,4,0.02127659574468085,847.0
1775,179,15604.805,W,0.8324022346368715,5,132,visa,0.6368715083798883,87.0,0.8994413407821229,0.12849162011173185,desktop,0.08379888268156424,5,0.027932960893854747,1043.9
1776,171,17165.43,W,0.6900584795321637,5,117,visa,0.6842105263157895,87.0,0.7894736842105263,0.29239766081871343,mobile,0.16374269005847952,11,0.06432748538011696,255.21099999999998
1777,162,18109.965,W,0.8333333333333334,5,119,visa,0.6728395061728395,87.0,0.9012345679012346,0.16049382716049382,mobile,0.09876543209876543,1,0.006172839506172839,200.0
1778,150,11896.29,W,0.8,5,105,visa,0.6933333333333334,87.0,0.8666666666666667,0.19333333333333333,mobile,0.12,7,0.04666666666666667,461.808
1779,113,10203.872000000001,W,0.7699115044247787,4,80,visa,0.7079646017699115,87.0,0.8053097345132744,0.23008849557522124,mobile,0.13274336283185842,0,0.0,
1780,96,9881.796999999999,W,0.7395833333333334,4,79,visa,0.7604166666666666,87.0,0.8333333333333334,0.2604166666666667,mobile,0.14583333333333334,4,0.041666666666666664,134.586
1781,50,4579.092,W,0.64,4,44,visa,0.56,87.0,0.74,0.36,mobile,0.22,3,0.06,388.454
1782,46,2880.8610000000003,W,0.6086956521739131,3,40,visa,0.5652173913043478,87.0,0.6521739130434783,0.391304347826087,mobile,0.30434782608695654,7,0.15217391304347827,169.9
1783,24,3124.849,W,0.625,3,22,visa,0.8333333333333334,87.0,0.7916666666666666,0.375,mobile,0.2916666666666667,6,0.25,512.638
1784,12,1374.155,W,0.75,2,12,visa,0.8333333333333334,87.0,0.75,0.25,mobile,0.25,1,0.08333333333333333,28.76
1785,11,2213.805,W,0.6363636363636364,3,10,visa,0.6363636363636364,87.0,0.7272727272727273,0.36363636363636365,mobile,0.2727272727272727,3,0.2727272727272727,1678.76
1786,15,2115.71,W,1.0,1,14,visa,0.6,87.0,1.0,0.0,,,0,0.0,
1787,40,4253.341,W,0.675,5,36,visa,0.6,87.0,0.95,0.3,desktop,0.275,0,0.0,
1788,53,7055.536,W,0.8679245283018868,4,45,visa,0.7169811320754716,87.0,0.9811320754716981,0.1320754716981132,desktop,0.11320754716981132,1,0.018867924528301886,15.0
1789,103,12963.118000000002,W,0.8446601941747572,4,87,visa,0.5825242718446602,87.0,0.9320388349514563,0.14563106796116504,desktop,0.07766990291262135,4,0.038834951456310676,522.0
1790,147,30397.952999999994,W,0.9183673469387755,5,100,visa,0.5578231292517006,87.0,0.9659863945578231,0.08163265306122448,desktop,0.07482993197278912,6,0.04081632653061224,1189.0
1791,161,37050.832,W,0.84472049689441,5,118,visa,0.6086956521739131,87.0,0.9316770186335404,0.14906832298136646,desktop,0.11180124223602485,8,0.049689440993788817,880.0619999999999
1792,220,31934.688,W,0.7863636363636364,5,159,visa,0.6181818181818182,87.0,0.8727272727272727,0.18636363636363637,desktop,0.1,6,0.02727272727272727,1266.9
1793,208,40295.532,W,0.7836538461538461,5,146,visa,0.6971153846153846,87.0,0.9038461538461539,0.1971153846153846,desktop,0.11057692307692307,4,0.019230769230769232,965.32
1794,222,46036.273,W,0.7792792792792793,5,153,visa,0.6261261261261262,87.0,0.9324324324324325,0.20270270270270271,desktop,0.15765765765765766,12,0.05405405405405406,1391.466
1795,229,28527.903000000002,W,0.759825327510917,5,162,visa,0.6375545851528385,87.0,0.8777292576419214,0.18340611353711792,desktop,0.13100436681222707,9,0.039301310043668124,635.974
1796,202,28196.824000000004,W,0.7425742574257426,5,147,visa,0.6831683168316832,87.0,0.8712871287128713,0.2376237623762376,desktop,0.13366336633663367,6,0.0297029702970297,1005.2620000000001
1797,243,38433.063,W,0.8024691358024691,5,168,visa,0.6790123456790124,87.0,0.9218106995884774,0.18930041152263374,mobile,0.09876543209876543,5,0.0205761316872428,1275.0690000000002
1798,236,40113.852,W,0.8305084745762712,4,169,visa,0.6101694915254238,87.0,0.8898305084745762,0.1483050847457627,mobile,0.07627118644067797,11,0.046610169491525424,1171.17
1799,208,29072.786,W,0.8076923076923077,5,147,visa,0.6826923076923077,87.0,0.8653846153846154,0.15384615384615385,desktop,0.07692307692307693,5,0.02403846153846154,523.585
1800,236,29726.456,W,0.826271186440678,5,168,visa,0.6864406779661016,87.0,0.8940677966101694,0.16101694915254236,desktop,0.09745762711864407,5,0.0211864406779661,584.085
1801,179,19367.263,W,0.7877094972067039,5,120,visa,0.6033519553072626,87.0,0.8715083798882681,0.20670391061452514,mobile,0.11731843575418995,3,0.01675977653631285,129.813
1802,202,20040.182,W,0.7376237623762376,5,139,visa,0.6831683168316832,87.0,0.8762376237623762,0.2623762376237624,desktop,0.13861386138613863,12,0.0594059405940594,1321.31
1803,127,18300.631999999998,W,0.6535433070866141,5,100,visa,0.7086614173228346,87.0,0.7637795275590551,0.3464566929133858,desktop,0.1732283464566929,4,0.031496062992125984,92.564
1804,103,14210.462000000001,W,0.7281553398058253,5,77,visa,0.6893203883495146,87.0,0.7669902912621359,0.27184466019417475,mobile,0.18446601941747573,2,0.019417475728155338,24.772
1805,65,3932.6389999999997,W,0.6461538461538462,4,44,visa,0.7692307692307693,87.0,0.6923076923076923,0.35384615384615387,mobile,0.27692307692307694,5,0.07692307692307693,78.30399999999999
1806,31,1963.1629999999998,W,0.5161290322580645,3,21,visa,0.5806451612903226,87.0,0.5806451612903226,0.45161290322580644,mobile,0.3225806451612903,3,0.0967741935483871,336.37199999999996
1807,15,1009.9850000000001,W,0.8,3,14,visa,0.8,87.0,0.8666666666666667,0.2,mobile,0.2,0,0.0,
1808,12,737.49,W,0.8333333333333334,2,12,mastercard,0.5,87.0,0.8333333333333334,0.16666666666666666,mobile,0.16666666666666666,1,0.08333333333333333,51.236
1809,16,2016.6999999999998,W,0.9375,2,14,visa,0.75,87.0,1.0,0.0625,desktop,0.0625,2,0.125,215.9
1810,15,1579.77,W,0.5333333333333333,4,15,visa,0.8,87.0,1.0,0.4666666666666667,mobile,0.26666666666666666,4,0.26666666666666666,743.0
1811,25,2918.25,W,0.96,2,23,visa,0.8,87.0,1.0,0.04,mobile,0.04,1,0.04,40.0
1812,60,6299.2699999999995,W,0.8833333333333333,5,50,visa,0.6166666666666667,87.0,0.9666666666666667,0.11666666666666667,desktop,0.06666666666666667,0,0.0,
1813,75,12630.772000000003,W,0.84,5,61,visa,0.64,87.0,0.9466666666666667,0.16,desktop,0.09333333333333334,4,0.05333333333333334,549.85
1814,116,19902.084,W,0.8103448275862069,5,96,visa,0.646551724137931,87.0,0.9224137931034483,0.1810344827586207,desktop,0.15517241379310345,5,0.04310344827586207,755.0
1815,132,17362.64,W,0.8106060606060606,5,100,visa,0.6742424242424242,87.0,0.946969696969697,0.18181818181818182,desktop,0.13636363636363635,5,0.03787878787878788,327.328
1816,201,28611.17,W,0.7711442786069652,5,144,visa,0.6368159203980099,87.0,0.9203980099502488,0.19402985074626866,desktop,0.15422885572139303,4,0.01990049751243781,254.0
1817,211,40567.948000000004,W,0.8151658767772512,5,144,visa,0.6872037914691943,87.0,0.9241706161137441,0.15639810426540285,desktop,0.10900473933649289,4,0.018957345971563982,285.064
1818,215,35083.282,W,0.772093023255814,5,152,visa,0.6139534883720931,87.0,0.9255813953488372,0.2186046511627907,desktop,0.17209302325581396,6,0.027906976744186046,1628.0
1819,203,32220.587,W,0.7536945812807881,5,141,visa,0.6650246305418719,87.0,0.8817733990147784,0.22660098522167488,desktop,0.15763546798029557,7,0.034482758620689655,869.281
1820,209,24985.181000000004,W,0.784688995215311,5,148,visa,0.7033492822966507,87.0,0.8851674641148325,0.21052631578947367,desktop,0.14354066985645933,10,0.04784688995215311,2218.0
1821,175,19924.124000000003,W,0.7314285714285714,5,133,visa,0.5657142857142857,87.0,0.8857142857142857,0.22285714285714286,desktop,0.18857142857142858,0,0.0,
1822,217,38820.00199999999,W,0.728110599078341,5,150,visa,0.6820276497695853,87.0,0.8709677419354839,0.25806451612903225,desktop,0.12903225806451613,6,0.027649769585253458,308.95
1823,214,29019.467,W,0.780373831775701,5,139,visa,0.6682242990654206,87.0,0.8738317757009346,0.18691588785046728,desktop,0.11682242990654206,17,0.0794392523364486,3775.879
1824,183,25961.743000000002,W,0.7158469945355191,5,136,visa,0.6666666666666666,87.0,0.8852459016393442,0.273224043715847,mobile,0.17486338797814208,5,0.0273224043715847,390.142
1825,237,30230.052000000003,W,0.7763713080168776,5,145,visa,0.6497890295358649,87.0,0.9071729957805907,0.22362869198312235,mobile,0.11814345991561181,9,0.0379746835443038,1522.9
1826,171,19090.447999999997,W,0.695906432748538,5,123,visa,0.5964912280701754,87.0,0.8187134502923976,0.30409356725146197,mobile,0.16374269005847952,8,0.04678362573099415,1074.936
1827,140,13407.304,W,0.7214285714285714,5,96,visa,0.7142857142857143,87.0,0.8285714285714286,0.2785714285714286,mobile,0.15714285714285714,5,0.03571428571428571,374.01099999999997
1828,89,9923.965,W,0.7191011235955056,5,71,visa,0.651685393258427,87.0,0.8426966292134831,0.2696629213483146,desktop,0.1348314606741573,5,0.056179775280898875,690.164
1829,65,6402.163,W,0.5384615384615384,4,48,visa,0.676923076923077,87.0,0.7230769230769231,0.46153846153846156,mobile,0.35384615384615387,4,0.06153846153846154,944.75
1830,37,3221.2779999999993,W,0.6486486486486487,5,32,visa,0.6756756756756757,87.0,0.8378378378378378,0.35135135135135137,desktop,0.21621621621621623,0,0.0,
1831,19,1405.262,W,0.6842105263157895,3,17,visa,0.7894736842105263,87.0,0.7894736842105263,0.3157894736842105,desktop,0.15789473684210525,2,0.10526315789473684,215.9
1832,8,596.246,W,0.875,2,8,visa,0.875,87.0,0.875,0.125,desktop,0.125,0,0.0,
1833,10,1031.8500000000001,W,0.7,3,8,visa,0.9,87.0,1.0,0.3,desktop,0.3,0,0.0,
1834,13,1869.75,W,0.7692307692307693,2,12,visa,0.6923076923076923,87.0,1.0,0.23076923076923078,mobile,0.23076923076923078,1,0.07692307692307693,525.0
1835,52,5028.32,W,0.6538461538461539,4,36,visa,0.7115384615384616,87.0,0.8846153846153846,0.34615384615384615,desktop,0.23076923076923078,2,0.038461538461538464,282.0
1836,73,7501.171,W,0.6027397260273972,5,58,visa,0.6986301369863014,87.0,0.9178082191780822,0.3972602739726027,mobile,0.2328767123287671,0,0.0,
1837,134,17792.283,W,0.7238805970149254,5,98,visa,0.6940298507462687,87.0,0.9328358208955224,0.26865671641791045,desktop,0.16417910447761194,0,0.0,
1838,197,26055.245000000003,W,0.7106598984771574,5,131,visa,0.7258883248730964,87.0,0.9390862944162437,0.27918781725888325,mobile,0.14720812182741116,3,0.015228426395939087,440.0
1839,260,41199.458,W,0.7038461538461539,5,173,visa,0.65,87.0,0.9153846153846154,0.28076923076923077,desktop,0.19230769230769232,9,0.03461538461538462,369.688
1840,215,38990.747,W,0.7534883720930232,5,152,visa,0.7627906976744186,87.0,0.958139534883721,0.22325581395348837,desktop,0.14418604651162792,5,0.023255813953488372,669.0
1841,207,38586.448000000004,W,0.7922705314009661,5,154,visa,0.6280193236714976,87.0,0.9371980676328503,0.18840579710144928,desktop,0.11594202898550725,8,0.03864734299516908,3271.0
1842,224,31881.027,W,0.7455357142857143,5,159,visa,0.6919642857142857,87.0,0.8928571428571429,0.23660714285714285,desktop,0.16071428571428573,8,0.03571428571428571,763.692
1843,224,28598.946,W,0.7142857142857143,5,150,visa,0.6651785714285714,87.0,0.90625,0.27232142857142855,desktop,0.1875,17,0.07589285714285714,2565.486
1844,229,31712.596000000005,W,0.6943231441048034,5,160,visa,0.6462882096069869,87.0,0.8995633187772926,0.2925764192139738,desktop,0.2183406113537118,22,0.09606986899563319,2614.9500000000007
1845,241,34015.699,W,0.6804979253112033,5,156,visa,0.6348547717842323,87.0,0.9336099585062241,0.2863070539419087,desktop,0.16597510373443983,12,0.04979253112033195,3027.0
1846,184,21521.663999999997,W,0.75,5,130,visa,0.6141304347826086,87.0,0.8858695652173914,0.20652173913043478,desktop,0.13043478260869565,12,0.06521739130434782,2289.95
1847,244,108152.309,W,0.7622950819672131,5,174,visa,0.5942622950819673,87.0,0.8934426229508197,0.20901639344262296,mobile,0.12295081967213115,7,0.028688524590163935,229.411
1848,218,27994.299,W,0.8211009174311926,5,154,visa,0.7110091743119266,87.0,0.944954128440367,0.16972477064220184,desktop,0.09174311926605505,4,0.01834862385321101,976.452
1849,168,23106.361,W,0.7678571428571429,5,131,visa,0.6726190476190477,87.0,0.8511904761904762,0.23214285714285715,desktop,0.14285714285714285,5,0.02976190476190476,403.575
1850,158,22086.502,W,0.7721518987341772,5,109,visa,0.7341772151898734,87.0,0.8481012658227848,0.22784810126582278,desktop,0.12025316455696203,0,0.0,
1851,113,11238.447,W,0.6106194690265486,5,83,visa,0.6902654867256637,87.0,0.7256637168141593,0.3805309734513274,mobile,0.23008849557522124,5,0.04424778761061947,254.99800000000002
1852,74,6965.956,W,0.7162162162162162,5,61,visa,0.6756756756756757,87.0,0.8378378378378378,0.28378378378378377,mobile,0.17567567567567569,4,0.05405405405405406,499.79999999999995
1853,54,4587.452,W,0.5740740740740741,5,41,visa,0.6666666666666666,87.0,0.7037037037037037,0.42592592592592593,mobile,0.35185185185185186,10,0.18518518518518517,908.027
1854,25,2522.738,W,0.76,4,20,visa,0.64,87.0,0.84,0.24,mobile,0.12,6,0.24,468.25399999999996
1855,18,3449.544,W,0.7777777777777778,4,15,visa,0.7222222222222222,87.0,0.8888888888888888,0.2222222222222222,mobile,0.1111111111111111,0,0.0,
1856,9,976.45,W,0.7777777777777778,3,9,visa,1.0,87.0,1.0,0.2222222222222222,mobile,0.1111111111111111,0,0.0,
1857,8,652.8,W,0.875,2,8,visa,1.0,87.0,1.0,0.125,desktop,0.125,0,0.0,
1858,27,2614.0709999999995,W,0.7777777777777778,4,24,visa,0.6666666666666666,87.0,0.8518518518518519,0.2222222222222222,desktop,0.14814814814814814,0,0.0,
1859,24,2874.879,W,0.7083333333333334,5,22,visa,0.5416666666666666,87.0,0.875,0.2916666666666667,desktop,0.16666666666666666,1,0.041666666666666664,49.0
1860,54,6461.972999999999,W,0.8703703703703703,4,47,visa,0.7407407407407407,87.0,0.9814814814814815,0.12962962962962962,desktop,0.1111111111111111,0,0.0,
1861,82,10962.671,W,0.926829268292683,4,65,visa,0.6097560975609756,87.0,0.9634146341463414,0.07317073170731707,mobile,0.06097560975609756,2,0.024390243902439025,80.0
1862,163,33505.402,W,0.852760736196319,5,125,visa,0.6257668711656442,87.0,0.9570552147239264,0.147239263803681,mobile,0.07975460122699386,8,0.049079754601226995,532.143
1863,209,33271.202,W,0.7942583732057417,5,148,visa,0.7177033492822966,87.0,0.9043062200956937,0.19138755980861244,desktop,0.11004784688995216,10,0.04784688995215311,551.241
1864,186,34267.723999999995,W,0.8172043010752689,5,135,visa,0.6559139784946236,87.0,0.9301075268817204,0.17204301075268819,desktop,0.12903225806451613,6,0.03225806451612903,418.0
1865,220,38251.042,W,0.8545454545454545,4,150,visa,0.6727272727272727,87.0,0.8681818181818182,0.12727272727272726,desktop,0.08636363636363636,5,0.022727272727272728,196.27200000000005
1866,191,34715.283,W,0.7696335078534031,5,140,visa,0.6649214659685864,87.0,0.8743455497382199,0.19895287958115182,desktop,0.1256544502617801,12,0.06282722513089005,1998.7559999999999
1867,202,23939.470999999998,W,0.7326732673267327,5,136,visa,0.6237623762376238,87.0,0.8465346534653465,0.22277227722772278,desktop,0.1782178217821782,14,0.06930693069306931,1938.584
1868,210,33891.805,W,0.719047619047619,5,136,visa,0.6285714285714286,87.0,0.8238095238095238,0.23809523809523808,desktop,0.14761904761904762,8,0.0380952380952381,104.136
1869,214,36726.174,W,0.7663551401869159,4,140,visa,0.6682242990654206,87.0,0.8271028037383178,0.22429906542056074,desktop,0.14953271028037382,7,0.03271028037383177,919.45
1870,230,34620.264,W,0.7260869565217392,5,164,visa,0.6,87.0,0.8,0.23478260869565218,desktop,0.12173913043478261,11,0.04782608695652174,755.607
1871,149,21014.127,W,0.8389261744966443,5,112,visa,0.6510067114093959,87.0,0.87248322147651,0.12080536912751678,desktop,0.08053691275167785,7,0.04697986577181208,987.9069999999999
1872,77,8230.173999999999,W,0.4155844155844156,4,59,visa,0.7272727272727273,87.0,0.6233766233766234,0.5194805194805194,mobile,0.2727272727272727,6,0.07792207792207792,689.4639999999999
1873,190,22577.160000000003,W,0.8052631578947368,4,132,visa,0.6947368421052632,87.0,0.8473684210526315,0.18947368421052632,desktop,0.1,8,0.042105263157894736,511.78999999999996
1874,151,16220.079000000002,W,0.7284768211920529,5,111,visa,0.7284768211920529,87.0,0.8278145695364238,0.26490066225165565,desktop,0.16556291390728478,5,0.033112582781456956,105.615
1875,142,12938.136999999999,W,0.647887323943662,5,88,visa,0.6056338028169014,87.0,0.6830985915492958,0.352112676056338,mobile,0.24647887323943662,4,0.028169014084507043,107.243
1876,110,12305.192,W,0.5454545454545454,5,78,visa,0.6181818181818182,87.0,0.6636363636363637,0.44545454545454544,desktop,0.2727272727272727,4,0.03636363636363636,639.0
1877,86,14857.935000000003,W,0.5348837209302325,4,63,visa,0.686046511627907,87.0,0.627906976744186,0.45348837209302323,desktop,0.26744186046511625,7,0.08139534883720931,1247.973
1878,36,4482.407,W,0.7777777777777778,4,27,visa,0.5555555555555556,87.0,0.8611111111111112,0.2222222222222222,desktop,0.19444444444444445,5,0.1388888888888889,1062.382
1879,21,3762.4139999999998,W,0.8095238095238095,3,16,visa,0.8571428571428571,87.0,0.9523809523809523,0.19047619047619047,mobile,0.09523809523809523,2,0.09523809523809523,400.0
1880,13,1015.26,W,0.6923076923076923,5,12,visa,0.6153846153846154,87.0,0.9230769230769231,0.3076923076923077,desktop,0.23076923076923078,0,0.0,
1881,15,1614.0880000000002,W,0.9333333333333333,2,13,visa,0.6,87.0,0.9333333333333333,0.06666666666666667,desktop,0.06666666666666667,1,0.06666666666666667,280.0
1882,9,1436.3,W,1.0,1,9,mastercard,0.5555555555555556,87.0,1.0,0.0,,,0,0.0,
1883,30,3099.127,W,0.9333333333333333,3,29,visa,0.6333333333333333,87.0,0.9666666666666667,0.06666666666666667,mobile,0.06666666666666667,1,0.03333333333333333,450.0
1884,72,9244.039,W,0.7916666666666666,5,55,visa,0.6944444444444444,87.0,0.9027777777777778,0.20833333333333334,desktop,0.1527777777777778,2,0.027777777777777776,465.0
1885,109,17847.042,W,0.8348623853211009,5,88,visa,0.6972477064220184,87.0,0.926605504587156,0.1651376146788991,desktop,0.10091743119266056,2,0.01834862385321101,215.9
1886,140,18555.374,W,0.7857142857142857,5,109,visa,0.6714285714285714,87.0,0.8642857142857143,0.2,desktop,0.14285714285714285,0,0.0,
1887,182,29180.645000000004,W,0.8021978021978022,5,128,visa,0.6373626373626373,87.0,0.8846153846153846,0.15934065934065933,desktop,0.1043956043956044,4,0.02197802197802198,98.726
1888,217,36305.202000000005,W,0.7926267281105991,5,156,visa,0.6497695852534562,87.0,0.8940092165898618,0.17972350230414746,desktop,0.1152073732718894,7,0.03225806451612903,499.95
1889,205,33333.784,W,0.7121951219512195,5,144,visa,0.7073170731707317,87.0,0.8634146341463415,0.2780487804878049,desktop,0.2,6,0.02926829268292683,331.43699999999995
1890,250,36183.24799999999,W,0.836,5,179,visa,0.684,87.0,0.884,0.14,mobile,0.08,6,0.024,733.268
1891,200,40364.489,W,0.865,5,144,visa,0.675,87.0,0.925,0.105,mobile,0.055,3,0.015,262.95
1892,234,42380.287,W,0.8589743589743589,5,153,visa,0.7478632478632479,87.0,0.9102564102564102,0.1282051282051282,mobile,0.07692307692307693,11,0.04700854700854701,838.022
1893,255,41638.578,W,0.7333333333333333,4,159,visa,0.615686274509804,87.0,0.796078431372549,0.21568627450980393,desktop,0.12156862745098039,4,0.01568627450980392,710.0219999999999
1894,280,39063.829,W,0.7571428571428571,5,179,visa,0.6678571428571428,87.0,0.8035714285714286,0.17857142857142858,desktop,0.11785714285714285,8,0.02857142857142857,1223.987
1895,142,14896.489999999998,W,0.676056338028169,5,109,visa,0.7183098591549296,87.0,0.795774647887324,0.2323943661971831,desktop,0.14788732394366197,4,0.028169014084507043,133.65
1896,197,20128.172000000002,W,0.8477157360406091,4,145,visa,0.6548223350253807,87.0,0.883248730964467,0.14720812182741116,desktop,0.08629441624365482,8,0.04060913705583756,577.915
1897,175,30543.852,W,0.8457142857142858,5,132,visa,0.6514285714285715,87.0,0.9028571428571428,0.14285714285714285,mobile,0.08571428571428572,2,0.011428571428571429,342.174
1898,150,18584.450000000004,W,0.7533333333333333,4,102,visa,0.72,87.0,0.8133333333333334,0.24666666666666667,desktop,0.13333333333333333,5,0.03333333333333333,187.56799999999998
1899,97,8825.571,W,0.6597938144329897,5,76,visa,0.6804123711340206,87.0,0.7319587628865979,0.31958762886597936,desktop,0.16494845360824742,5,0.05154639175257732,199.022
1900,84,7366.162,W,0.7976190476190477,5,60,visa,0.75,87.0,0.8928571428571429,0.20238095238095238,desktop,0.15476190476190477,2,0.023809523809523808,45.95
1901,49,4441.918000000001,W,0.6938775510204082,4,42,visa,0.7346938775510204,87.0,0.7346938775510204,0.30612244897959184,mobile,0.16326530612244897,2,0.04081632653061224,234.0
1902,20,1432.633,C,0.5,3,18,mastercard,0.55,87.0,0.5,0.55,mobile,0.35,2,0.1,130.836
1903,13,1534.861,W,0.6923076923076923,2,11,visa,0.6923076923076923,87.0,0.6923076923076923,0.07692307692307693,mobile,0.07692307692307693,1,0.07692307692307693,117.0
1904,17,1769.903,W,0.5294117647058824,2,16,visa,0.9411764705882353,87.0,0.5294117647058824,0.47058823529411764,mobile,0.47058823529411764,6,0.35294117647058826,420.522
1905,10,803.5,W,0.6,2,9,visa,0.7,87.0,1.0,0.4,desktop,0.4,4,0.4,400.0
1906,6,445.9,W,1.0,1,6,mastercard,0.6666666666666666,87.0,1.0,0.0,,,0,0.0,
1907,16,3211.2200000000003,W,0.875,3,12,mastercard,0.5625,87.0,1.0,0.125,mobile,0.0625,0,0.0,
1908,31,3608.2099999999996,W,0.9032258064516129,2,27,visa,0.7419354838709677,87.0,1.0,0.0967741935483871,desktop,0.0967741935483871,1,0.03225806451612903,209.95
1909,61,7800.5,W,0.9344262295081968,3,49,visa,0.6229508196721312,87.0,1.0,0.06557377049180328,desktop,0.04918032786885246,0,0.0,
1910,86,8584.947000000002,W,0.8837209302325582,5,74,visa,0.5697674418604651,87.0,0.9883720930232558,0.11627906976744186,desktop,0.06976744186046512,0,0.0,
1911,118,14174.735000000002,W,0.847457627118644,5,94,visa,0.6016949152542372,87.0,0.9322033898305084,0.15254237288135594,mobile,0.09322033898305085,2,0.01694915254237288,115.20100000000001
1912,194,25245.042999999998,W,0.7216494845360825,5,133,visa,0.6752577319587629,87.0,0.8195876288659794,0.26804123711340205,desktop,0.14432989690721648,4,0.020618556701030927,2767.95
1913,211,24262.483,W,0.7772511848341233,5,149,visa,0.6777251184834123,87.0,0.9241706161137441,0.1895734597156398,desktop,0.13270142180094788,12,0.05687203791469194,2056.95
1914,186,23576.183000000005,W,0.8279569892473119,5,136,visa,0.6505376344086021,87.0,0.8870967741935484,0.15591397849462366,mobile,0.08602150537634409,5,0.026881720430107527,668.8699999999999
1915,228,27428.804000000004,W,0.793859649122807,5,154,visa,0.631578947368421,87.0,0.8596491228070176,0.18859649122807018,desktop,0.11403508771929824,14,0.06140350877192982,1412.28
1916,219,26727.118,W,0.8082191780821918,5,147,visa,0.639269406392694,87.0,0.8949771689497716,0.182648401826484,mobile,0.1050228310502283,10,0.045662100456621,994.4559999999999
1917,179,21153.875,W,0.7821229050279329,5,126,visa,0.6424581005586593,87.0,0.8715083798882681,0.21787709497206703,desktop,0.1340782122905028,1,0.00558659217877095,250.0
1918,188,25545.112,W,0.7340425531914894,5,139,visa,0.6702127659574468,87.0,0.8829787234042553,0.25,desktop,0.14361702127659576,16,0.0851063829787234,3658.196
1919,153,15810.877,W,0.803921568627451,5,118,visa,0.7058823529411765,87.0,0.869281045751634,0.1830065359477124,mobile,0.1111111111111111,11,0.0718954248366013,674.698
1920,159,16009.093000000003,W,0.7861635220125787,5,113,visa,0.6855345911949685,87.0,0.8490566037735849,0.18238993710691823,desktop,0.10062893081761007,3,0.018867924528301886,249.0
1921,117,9910.665,W,0.8290598290598291,4,98,visa,0.6068376068376068,87.0,0.8803418803418803,0.15384615384615385,mobile,0.10256410256410256,2,0.017094017094017096,321.95
1922,106,9618.454,W,0.8018867924528302,5,77,visa,0.6886792452830188,87.0,0.8867924528301887,0.1792452830188679,mobile,0.09433962264150944,1,0.009433962264150943,184.0
1923,79,8222.211000000001,W,0.7721518987341772,4,73,visa,0.620253164556962,87.0,0.8354430379746836,0.21518987341772153,mobile,0.11392405063291139,2,0.02531645569620253,88.454
1924,42,3326.453,W,0.6190476190476191,2,30,visa,0.6666666666666666,87.0,0.6190476190476191,0.38095238095238093,mobile,0.2619047619047619,1,0.023809523809523808,554.0
1925,18,1421.284,C,0.6666666666666666,4,14,visa,0.6111111111111112,87.0,0.3333333333333333,0.7777777777777778,desktop,0.5555555555555556,0,0.0,
1926,11,740.026,C,0.45454545454545453,3,11,visa,0.7272727272727273,87.0,0.5454545454545454,0.6363636363636364,mobile,0.45454545454545453,2,0.18181818181818182,208.95
1927,13,1108.2169999999999,C,0.46153846153846156,4,11,visa,0.6923076923076923,87.0,0.5384615384615384,0.6923076923076923,mobile,0.46153846153846156,7,0.5384615384615384,411.172
1928,10,876.472,W,0.6,2,10,mastercard,0.7,87.0,0.6,0.0,,,4,0.4,111.172
1929,9,1164.059,W,0.8888888888888888,2,8,visa,0.8888888888888888,87.0,0.8888888888888888,0.0,,,1,0.1111111111111111,117.0
1930,5,184.535,W,0.8,2,5,visa,0.8,87.0,0.8,0.0,,,0,0.0,
1931,7,983.8000000000002,W,1.0,1,7,visa,0.7142857142857143,87.0,1.0,0.0,,,0,0.0,
1932,18,2974.0699999999997,W,0.8333333333333334,3,18,visa,0.7222222222222222,87.0,1.0,0.16666666666666666,desktop,0.16666666666666666,0,0.0,
1933,52,3985.8619999999996,W,0.8076923076923077,4,41,visa,0.5961538461538461,87.0,0.8461538461538461,0.1346153846153846,mobile,0.09615384615384616,0,0.0,
1934,73,6305.009,W,0.8082191780821918,4,59,visa,0.6575342465753424,87.0,0.8904109589041096,0.1917808219178082,desktop,0.1232876712328767,2,0.0273972602739726,130.0
1935,116,14473.025,W,0.7241379310344828,4,87,visa,0.5862068965517241,87.0,0.8362068965517241,0.23275862068965517,desktop,0.13793103448275862,2,0.017241379310344827,745.0
1936,128,13382.864000000001,W,0.859375,5,100,visa,0.6796875,87.0,0.9375,0.140625,mobile,0.09375,2,0.015625,494.0
1937,144,15611.057,W,0.7847222222222222,5,106,visa,0.5972222222222222,87.0,0.8888888888888888,0.2152777777777778,mobile,0.11805555555555555,1,0.006944444444444444,335.0
1938,187,22892.512,W,0.7272727272727273,5,129,visa,0.6203208556149733,87.0,0.786096256684492,0.24598930481283424,desktop,0.1497326203208556,1,0.0053475935828877,59.0
1939,203,25675.357000000004,W,0.7881773399014779,5,149,visa,0.6551724137931034,87.0,0.8423645320197044,0.19704433497536947,mobile,0.12315270935960591,8,0.03940886699507389,1373.504
1940,179,25070.767,W,0.7821229050279329,5,126,visa,0.6983240223463687,87.0,0.8491620111731844,0.20670391061452514,desktop,0.1340782122905028,4,0.0223463687150838,824.0
1941,168,16395.18,W,0.7440476190476191,4,123,visa,0.5952380952380952,87.0,0.8333333333333334,0.23214285714285715,mobile,0.125,4,0.023809523809523808,264.03
1942,180,15293.406,W,0.85,5,129,visa,0.6166666666666667,87.0,0.9055555555555556,0.14444444444444443,mobile,0.1111111111111111,11,0.06111111111111111,734.545
1943,180,18101.469,W,0.8166666666666667,5,129,visa,0.6555555555555556,87.0,0.9055555555555556,0.17777777777777778,mobile,0.11666666666666667,8,0.044444444444444446,1160.44
1944,198,27151.492000000006,W,0.8181818181818182,5,132,visa,0.6414141414141414,87.0,0.8636363636363636,0.16666666666666666,desktop,0.09595959595959595,4,0.020202020202020204,532.95
1945,176,14588.420000000002,W,0.75,5,123,visa,0.7045454545454546,87.0,0.8181818181818182,0.24431818181818182,mobile,0.13068181818181818,9,0.05113636363636364,1175.884
1946,119,13197.478000000003,W,0.8487394957983193,3,87,visa,0.680672268907563,87.0,0.8571428571428571,0.14285714285714285,mobile,0.09243697478991597,0,0.0,
1947,109,9699.570000000002,W,0.7706422018348624,4,80,visa,0.6972477064220184,87.0,0.8073394495412844,0.22935779816513763,desktop,0.12844036697247707,1,0.009174311926605505,445.0
1948,87,7224.486999999999,W,0.5287356321839081,5,64,visa,0.7011494252873564,87.0,0.7126436781609196,0.47126436781609193,mobile,0.28735632183908044,9,0.10344827586206896,1746.5520000000001
1949,68,4422.311,W,0.7352941176470589,4,46,mastercard,0.5,87.0,0.7647058823529411,0.25,mobile,0.23529411764705882,7,0.10294117647058823,346.388
1950,42,3206.161,W,0.6190476190476191,5,30,visa,0.5714285714285714,87.0,0.7619047619047619,0.38095238095238093,desktop,0.2619047619047619,1,0.023809523809523808,117.0
1951,13,1095.2630000000001,W,0.9230769230769231,2,12,visa,0.6923076923076923,87.0,0.9230769230769231,0.07692307692307693,mobile,0.07692307692307693,0,0.0,
1952,17,1112.623,W,0.6470588235294118,2,11,mastercard,0.5294117647058824,87.0,0.6470588235294118,0.35294117647058826,mobile,0.23529411764705882,4,0.23529411764705882,327.44399999999996
1953,11,1521.7,W,1.0,1,10,visa,0.5454545454545454,87.0,1.0,0.0,,,0,0.0,
1954,12,626.2120000000001,W,0.9166666666666666,2,11,visa,0.75,87.0,0.9166666666666666,0.08333333333333333,mobile,0.08333333333333333,0,0.0,
1955,28,2271.0739999999996,W,0.8214285714285714,4,22,visa,0.6428571428571429,87.0,0.8928571428571429,0.17857142857142858,mobile,0.10714285714285714,0,0.0,
1956,50,7029.722,W,0.84,4,39,visa,0.72,87.0,0.96,0.16,desktop,0.1,0,0.0,
1957,89,12064.48,W,0.8876404494382022,5,70,visa,0.651685393258427,87.0,0.9550561797752809,0.11235955056179775,desktop,0.07865168539325842,7,0.07865168539325842,3257.0
1958,134,15947.796999999999,W,0.7388059701492538,5,100,visa,0.5597014925373134,87.0,0.917910447761194,0.26119402985074625,desktop,0.15671641791044777,14,0.1044776119402985,698.227
1959,167,25788.513,W,0.8203592814371258,5,119,visa,0.5868263473053892,87.0,0.9281437125748503,0.16766467065868262,mobile,0.09580838323353294,16,0.09580838323353294,1626.8719999999998
1960,169,20420.168,W,0.8402366863905325,5,126,visa,0.6923076923076923,87.0,0.9171597633136095,0.13609467455621302,mobile,0.08284023668639054,2,0.011834319526627219,176.0
1961,173,19533.661,W,0.7803468208092486,5,133,visa,0.6763005780346821,87.0,0.8497109826589595,0.18497109826589594,desktop,0.12716763005780346,12,0.06936416184971098,202.75
1962,217,27545.752,W,0.8387096774193549,5,154,visa,0.6267281105990783,87.0,0.9262672811059908,0.1336405529953917,desktop,0.08294930875576037,3,0.013824884792626729,37.16
1963,197,25385.259000000002,W,0.8071065989847716,5,134,visa,0.6751269035532995,87.0,0.868020304568528,0.17766497461928935,desktop,0.12690355329949238,2,0.01015228426395939,303.0
1964,183,27455.147000000004,W,0.8797814207650273,5,130,visa,0.73224043715847,87.0,0.9672131147540983,0.11475409836065574,desktop,0.09836065573770492,3,0.01639344262295082,461.0
1965,201,27937.008,W,0.8009950248756219,5,144,visa,0.6019900497512438,87.0,0.8706467661691543,0.19402985074626866,desktop,0.13930348258706468,4,0.01990049751243781,1192.258
1966,204,25411.980000000003,W,0.8529411764705882,4,153,visa,0.6470588235294118,87.0,0.8970588235294118,0.12745098039215685,desktop,0.09313725490196079,3,0.014705882352941176,661.6070000000001
1967,199,21543.500000000004,W,0.8492462311557789,4,153,visa,0.6834170854271356,87.0,0.8743718592964824,0.135678391959799,desktop,0.08542713567839195,4,0.020100502512562814,746.9010000000001
1968,169,16770.236,W,0.8402366863905325,4,123,visa,0.650887573964497,87.0,0.8816568047337278,0.13609467455621302,mobile,0.08284023668639054,5,0.029585798816568046,1270.84
1969,184,23270.415999999997,W,0.7663043478260869,5,132,visa,0.657608695652174,87.0,0.8260869565217391,0.22282608695652173,desktop,0.1358695652173913,9,0.04891304347826087,220.83800000000002
1970,156,16258.858000000002,W,0.782051282051282,5,108,visa,0.6794871794871795,87.0,0.8461538461538461,0.1987179487179487,mobile,0.1346153846153846,4,0.02564102564102564,137.228
1971,125,11924.329000000003,W,0.824,5,98,visa,0.608,87.0,0.848,0.176,desktop,0.104,4,0.032,688.309
1972,106,12369.920999999998,W,0.6981132075471698,4,84,visa,0.6792452830188679,87.0,0.8018867924528302,0.3018867924528302,mobile,0.1792452830188679,6,0.05660377358490566,1649.045
1973,64,9047.212,W,0.78125,2,48,visa,0.6875,87.0,0.765625,0.21875,mobile,0.125,0,0.0,
1974,27,2188.859,W,0.8518518518518519,3,26,visa,0.7777777777777778,87.0,0.9259259259259259,0.14814814814814814,desktop,0.07407407407407407,0,0.0,
1975,14,1449.747,W,0.7857142857142857,3,10,visa,0.7857142857142857,87.0,0.8571428571428571,0.21428571428571427,mobile,0.14285714285714285,0,0.0,
1976,16,2200.568,W,0.8125,2,14,visa,0.5,87.0,0.8125,0.1875,desktop,0.125,0,0.0,
1977,6,437.69999999999993,W,1.0,1,6,visa,0.5,87.0,1.0,0.0,,,0,0.0,
1978,11,690.1200000000001,W,1.0,1,11,visa,0.6363636363636364,87.0,1.0,0.0,,,0,0.0,
1979,27,2662.0119999999997,W,0.7407407407407407,5,25,visa,0.6666666666666666,87.0,0.8888888888888888,0.25925925925925924,desktop,0.18518518518518517,2,0.07407407407407407,200.0
1980,48,3904.91,W,0.8333333333333334,4,34,visa,0.625,87.0,0.8958333333333334,0.14583333333333334,desktop,0.125,6,0.125,476.0
1981,111,13281.254000000003,W,0.7837837837837838,5,91,visa,0.6036036036036037,87.0,0.9099099099099099,0.2072072072072072,desktop,0.12612612612612611,3,0.02702702702702703,291.94
1982,126,19856.673,W,0.8253968253968254,5,91,visa,0.6587301587301587,87.0,0.9682539682539683,0.1746031746031746,desktop,0.11904761904761904,1,0.007936507936507936,100.0
1983,156,21252.652000000002,W,0.9038461538461539,5,124,visa,0.6217948717948718,87.0,0.9551282051282052,0.09615384615384616,mobile,0.057692307692307696,3,0.019230769230769232,553.0
1984,196,20848.244000000002,W,0.7959183673469388,5,144,visa,0.5918367346938775,87.0,0.9030612244897959,0.1989795918367347,desktop,0.12244897959183673,10,0.05102040816326531,880.194
1985,214,33117.416,W,0.8271028037383178,5,151,visa,0.6448598130841121,87.0,0.8644859813084113,0.14485981308411214,desktop,0.07476635514018691,8,0.037383177570093455,1153.8400000000001
1986,172,28269.312,W,0.8255813953488372,5,131,visa,0.6918604651162791,87.0,0.9186046511627907,0.12209302325581395,desktop,0.08139534883720931,3,0.01744186046511628,815.0
1987,208,34461.915,W,0.8365384615384616,5,143,visa,0.6105769230769231,87.0,0.9278846153846154,0.15865384615384615,desktop,0.08173076923076923,7,0.03365384615384615,3490.4
1988,229,28506.623000000003,W,0.8078602620087336,5,148,visa,0.6506550218340611,87.0,0.8908296943231441,0.18777292576419213,desktop,0.1091703056768559,11,0.048034934497816595,1792.98
1989,199,29455.073000000004,W,0.8190954773869347,5,145,visa,0.6482412060301508,87.0,0.8994974874371859,0.17587939698492464,mobile,0.09547738693467336,1,0.005025125628140704,994.0
1990,211,29506.249000000003,W,0.8056872037914692,5,139,visa,0.6018957345971564,87.0,0.8483412322274881,0.17535545023696683,desktop,0.14218009478672985,8,0.037914691943127965,920.5
1991,195,23491.544,W,0.7948717948717948,5,143,visa,0.6410256410256411,87.0,0.9230769230769231,0.18461538461538463,desktop,0.1282051282051282,4,0.020512820512820513,1137.58
1992,202,32325.75,W,0.7920792079207921,5,149,visa,0.6881188118811881,87.0,0.8564356435643564,0.18316831683168316,desktop,0.1188118811881188,1,0.0049504950495049506,87.0
1993,164,18556.762000000002,W,0.8109756097560976,5,127,visa,0.6646341463414634,87.0,0.8780487804878049,0.17682926829268292,desktop,0.09146341463414634,1,0.006097560975609756,44.0
1994,141,15256.909,W,0.8581560283687943,5,113,visa,0.7304964539007093,87.0,0.8865248226950354,0.14184397163120568,desktop,0.09219858156028368,1,0.0070921985815602835,480.0
1995,107,8966.935,W,0.7757009345794392,4,69,visa,0.6355140186915887,87.0,0.822429906542056,0.21495327102803738,desktop,0.11214953271028037,0,0.0,
1996,96,9197.549,W,0.7395833333333334,3,75,visa,0.6458333333333334,87.0,0.7604166666666666,0.2604166666666667,desktop,0.15625,1,0.010416666666666666,44.952
1997,31,2434.9719999999993,W,0.7096774193548387,3,27,visa,0.7096774193548387,87.0,0.7419354838709677,0.2903225806451613,mobile,0.1935483870967742,1,0.03225806451612903,33.714
1998,34,4239.12,W,0.7352941176470589,4,26,mastercard,0.5294117647058824,87.0,0.8529411764705882,0.2647058823529412,desktop,0.14705882352941177,5,0.14705882352941177,1370.3020000000001
1999,11,1342.026,W,0.8181818181818182,3,10,visa,0.6363636363636364,87.0,0.9090909090909091,0.18181818181818182,desktop,0.18181818181818182,1,0.09090909090909091,450.0
2000,19,1880.862,W,0.9473684210526315,2,17,visa,0.6842105263157895,87.0,0.9473684210526315,0.05263157894736842,desktop,0.05263157894736842,1,0.05263157894736842,44.952
2001,9,1276.3000000000002,W,0.8888888888888888,2,9,visa,0.5555555555555556,87.0,1.0,0.1111111111111111,desktop,0.1111111111111111,1,0.1111111111111111,445.0
2002,8,515.6500000000001,W,1.0,1,8,visa,0.625,87.0,1.0,0.0,,,0,0.0,
2003,29,2612.3389999999995,W,0.896551724137931,3,24,visa,0.5517241379310345,87.0,0.9310344827586207,0.10344827586206896,mobile,0.06896551724137931,0,0.0,
2004,68,8514.378,W,0.9117647058823529,3,51,visa,0.6029411764705882,87.0,0.9264705882352942,0.08823529411764706,mobile,0.058823529411764705,1,0.014705882352941176,226.0
2005,96,12673.929,W,0.8541666666666666,5,71,visa,0.71875,87.0,0.9583333333333334,0.14583333333333334,mobile,0.08333333333333333,0,0.0,
2006,149,19105.267,W,0.8859060402684564,5,105,visa,0.6308724832214765,87.0,0.9530201342281879,0.11409395973154363,desktop,0.0738255033557047,6,0.040268456375838924,488.0
2007,159,20200.048000000003,W,0.7672955974842768,5,118,visa,0.6226415094339622,87.0,0.8553459119496856,0.20754716981132076,desktop,0.14465408805031446,6,0.03773584905660377,788.0
2008,176,23329.838000000003,W,0.7386363636363636,5,132,visa,0.6988636363636364,87.0,0.8636363636363636,0.20454545454545456,desktop,0.13068181818181818,5,0.028409090909090908,1297.0
2009,177,29635.893000000004,W,0.8418079096045198,5,136,visa,0.7175141242937854,87.0,0.9491525423728814,0.13559322033898305,desktop,0.11864406779661017,3,0.01694915254237288,710.99
2010,218,27554.029000000002,W,0.8899082568807339,5,157,visa,0.7155963302752294,87.0,0.9220183486238532,0.10550458715596331,desktop,0.06880733944954129,8,0.03669724770642202,784.578
2011,195,26593.787000000004,W,0.7897435897435897,5,143,visa,0.6307692307692307,87.0,0.8974358974358975,0.18974358974358974,desktop,0.14358974358974358,11,0.05641025641025641,909.6469999999999
2012,185,21292.397,W,0.8648648648648649,5,128,visa,0.6648648648648648,87.0,0.9297297297297298,0.11351351351351352,desktop,0.06486486486486487,8,0.043243243243243246,1541.5
2013,218,31307.358,W,0.8256880733944955,5,153,visa,0.5871559633027523,87.0,0.9174311926605505,0.16055045871559634,desktop,0.11009174311926606,4,0.01834862385321101,680.0
2014,231,35003.72,W,0.8095238095238095,5,146,visa,0.658008658008658,87.0,0.9004329004329005,0.1774891774891775,desktop,0.11255411255411256,9,0.03896103896103896,1494.0
2015,211,25345.099000000002,W,0.7819905213270142,5,146,visa,0.6540284360189573,87.0,0.9004739336492891,0.2132701421800948,desktop,0.13270142180094788,7,0.03317535545023697,1474.511
2016,181,34102.033,W,0.8342541436464088,5,134,visa,0.6961325966850829,87.0,0.8895027624309392,0.14917127071823205,desktop,0.08839779005524862,0,0.0,
2017,194,26208.96,W,0.7989690721649485,5,145,visa,0.7268041237113402,87.0,0.8711340206185567,0.19072164948453607,desktop,0.0979381443298969,5,0.02577319587628866,186.82700000000003
2018,124,13078.351000000002,W,0.75,4,103,visa,0.6370967741935484,87.0,0.8145161290322581,0.23387096774193547,mobile,0.13709677419354838,7,0.056451612903225805,537.494
2019,125,11753.783,W,0.72,5,88,visa,0.616,87.0,0.824,0.272,mobile,0.2,4,0.032,63.804
2020,114,14099.326000000001,W,0.6052631578947368,3,79,visa,0.6666666666666666,87.0,0.6754385964912281,0.37719298245614036,mobile,0.22807017543859648,6,0.05263157894736842,160.236
2021,62,8141.581,W,0.5967741935483871,4,43,visa,0.6612903225806451,87.0,0.7419354838709677,0.3548387096774194,desktop,0.25806451612903225,4,0.06451612903225806,434.13300000000004
2022,32,4028.9300000000003,W,0.71875,3,29,visa,0.53125,87.0,0.75,0.28125,mobile,0.15625,0,0.0,
2023,23,3316.589,W,0.9130434782608695,2,19,mastercard,0.5217391304347826,87.0,0.9130434782608695,0.08695652173913043,mobile,0.08695652173913043,0,0.0,
2024,25,2399.0209999999997,W,0.64,3,17,visa,0.64,87.0,0.68,0.36,desktop,0.32,8,0.32,410.321
2025,19,6090.739,W,0.8421052631578947,2,17,visa,0.9473684210526315,87.0,0.8421052631578947,0.15789473684210525,mobile,0.15789473684210525,3,0.15789473684210525,91.839
2026,19,2902.2999999999997,W,0.9473684210526315,2,16,visa,0.7894736842105263,87.0,1.0,0.05263157894736842,desktop,0.05263157894736842,0,0.0,
2027,33,4981.409,W,0.9393939393939394,3,22,visa,0.5454545454545454,87.0,0.9696969696969697,0.06060606060606061,desktop,0.030303030303030304,0,0.0,
2028,76,16644.675,W,0.881578947368421,5,60,visa,0.5921052631578947,87.0,0.9605263157894737,0.11842105263157894,mobile,0.07894736842105263,3,0.039473684210526314,273.97
2029,118,21377.722000000005,W,0.864406779661017,4,90,visa,0.5847457627118644,87.0,0.9067796610169492,0.13559322033898305,desktop,0.06779661016949153,1,0.00847457627118644,28.519
2030,176,31974.894,W,0.8465909090909091,5,131,visa,0.625,87.0,0.9545454545454546,0.1534090909090909,desktop,0.07954545454545454,5,0.028409090909090908,408.851
2031,226,37536.397,W,0.7477876106194691,5,160,visa,0.7035398230088495,87.0,0.8761061946902655,0.22123893805309736,desktop,0.1504424778761062,9,0.03982300884955752,704.596
2032,197,41915.366,W,0.8223350253807107,4,126,visa,0.6192893401015228,87.0,0.8375634517766497,0.17258883248730963,desktop,0.10152284263959391,4,0.02030456852791878,122.07900000000001
2033,207,36400.605,W,0.821256038647343,5,144,visa,0.6135265700483091,87.0,0.893719806763285,0.15942028985507245,desktop,0.08695652173913043,4,0.01932367149758454,586.328
2034,236,46888.576,W,0.8135593220338984,5,167,visa,0.6313559322033898,87.0,0.902542372881356,0.17372881355932204,desktop,0.13983050847457626,15,0.0635593220338983,998.0319999999999
2035,233,43829.184,W,0.8283261802575107,5,155,visa,0.6351931330472103,87.0,0.8884120171673819,0.16738197424892703,desktop,0.11587982832618025,5,0.02145922746781116,384.348
2036,241,40689.676999999996,W,0.7593360995850622,5,167,visa,0.6639004149377593,87.0,0.8630705394190872,0.22406639004149378,desktop,0.15767634854771784,16,0.06639004149377593,2152.085
2037,227,50698.868,W,0.8986784140969163,4,154,visa,0.6431718061674009,87.0,0.9427312775330396,0.09691629955947137,mobile,0.05726872246696035,4,0.01762114537444934,3406.4539999999997
2038,238,36388.003,W,0.8277310924369747,5,154,visa,0.6260504201680672,87.0,0.8907563025210085,0.14705882352941177,desktop,0.07983193277310924,7,0.029411764705882353,1231.134
2039,224,33252.674,W,0.8080357142857143,5,150,visa,0.6651785714285714,87.0,0.875,0.16071428571428573,desktop,0.09821428571428571,6,0.026785714285714284,1298.217
2040,214,30004.506,W,0.8364485981308412,5,152,visa,0.616822429906542,87.0,0.8785046728971962,0.11682242990654206,desktop,0.0794392523364486,12,0.056074766355140186,1712.9
2041,225,26415.919,W,0.7288888888888889,5,144,visa,0.6622222222222223,87.0,0.8044444444444444,0.27111111111111114,mobile,0.14222222222222222,10,0.044444444444444446,2018.415
2042,154,18603.617,W,0.7272727272727273,5,111,visa,0.6623376623376623,87.0,0.8181818181818182,0.2662337662337662,desktop,0.15584415584415584,1,0.006493506493506494,97.0
2043,121,11715.739000000001,W,0.743801652892562,4,93,visa,0.6363636363636364,87.0,0.768595041322314,0.256198347107438,desktop,0.1322314049586777,3,0.024793388429752067,133.556
2044,90,9074.326000000001,W,0.6222222222222222,5,58,visa,0.7,87.0,0.6888888888888889,0.34444444444444444,mobile,0.17777777777777778,1,0.011111111111111112,425.0
2045,50,4896.562,W,0.68,3,41,visa,0.66,87.0,0.7,0.32,mobile,0.16,3,0.06,273.95
2046,37,3653.2709999999997,W,0.6216216216216216,5,29,visa,0.7027027027027027,87.0,0.7027027027027027,0.3783783783783784,desktop,0.24324324324324326,2,0.05405405405405406,125.497
2047,23,2877.08,W,0.6956521739130435,2,18,visa,0.5652173913043478,87.0,0.6956521739130435,0.30434782608695654,mobile,0.17391304347826086,6,0.2608695652173913,735.456
2048,20,3124.0299999999997,W,0.7,2,16,visa,0.65,87.0,0.7,0.3,desktop,0.3,3,0.15,1744.0
2049,24,1819.0279999999998,W,0.5,2,17,visa,0.5,87.0,0.5,0.5,mobile,0.5,13,0.5416666666666666,953.8279999999999
2050,22,2416.8999999999996,W,0.6818181818181818,4,21,visa,0.6363636363636364,87.0,0.9545454545454546,0.3181818181818182,desktop,0.22727272727272727,7,0.3181818181818182,626.63
2051,48,5900.934,W,0.6458333333333334,3,40,visa,0.7083333333333334,87.0,0.6666666666666666,0.3541666666666667,mobile,0.3333333333333333,16,0.3333333333333333,411.824
2052,92,20227.977000000003,W,0.8804347826086957,5,73,visa,0.6413043478260869,87.0,0.9565217391304348,0.11956521739130435,mobile,0.06521739130434782,3,0.03260869565217391,720.0
2053,108,22003.963,W,0.8611111111111112,5,80,visa,0.7037037037037037,87.0,0.9444444444444444,0.12037037037037036,desktop,0.08333333333333333,0,0.0,
2054,186,37597.515,W,0.8118279569892473,5,137,visa,0.6290322580645161,87.0,0.9408602150537635,0.1827956989247312,desktop,0.10215053763440861,9,0.04838709677419355,586.67
2055,167,26028.246,W,0.8083832335329342,4,113,visa,0.6047904191616766,87.0,0.844311377245509,0.17365269461077845,desktop,0.10179640718562874,3,0.017964071856287425,569.0
2056,231,41550.14,W,0.7489177489177489,5,163,visa,0.6190476190476191,87.0,0.8268398268398268,0.21645021645021645,desktop,0.15584415584415584,4,0.017316017316017316,685.0
2057,238,40455.484000000004,W,0.8067226890756303,5,157,visa,0.7016806722689075,87.0,0.8739495798319328,0.19327731092436976,desktop,0.12605042016806722,16,0.06722689075630252,2075.996
2058,230,45748.585,W,0.8565217391304348,5,153,visa,0.6652173913043479,87.0,0.9521739130434783,0.13043478260869565,desktop,0.1,7,0.030434782608695653,3075.0
2059,235,36241.538,W,0.8085106382978723,5,156,visa,0.6553191489361702,87.0,0.8808510638297873,0.17872340425531916,desktop,0.12340425531914893,13,0.05531914893617021,1265.0900000000001
2060,279,47248.672000000006,W,0.8673835125448028,5,180,visa,0.6379928315412187,87.0,0.921146953405018,0.11827956989247312,desktop,0.08243727598566308,5,0.017921146953405017,1485.8000000000002
2061,271,47264.625,W,0.8154981549815498,5,172,visa,0.6678966789667896,87.0,0.8560885608856088,0.17712177121771217,desktop,0.1033210332103321,12,0.04428044280442804,1085.993
2062,241,42953.392,W,0.8464730290456431,4,160,visa,0.6721991701244814,87.0,0.91701244813278,0.12863070539419086,desktop,0.0954356846473029,16,0.06639004149377593,4446.148
2063,268,39357.888,W,0.8283582089552238,5,156,visa,0.6529850746268657,87.0,0.8768656716417911,0.16417910447761194,mobile,0.09701492537313433,22,0.08208955223880597,3283.786
2064,252,37150.441999999995,W,0.8174603174603174,5,157,visa,0.626984126984127,87.0,0.873015873015873,0.17063492063492064,desktop,0.1111111111111111,16,0.06349206349206349,1596.9009999999998
2065,180,20138.628,W,0.7555555555555555,5,124,visa,0.7,87.0,0.8166666666666667,0.24444444444444444,desktop,0.19444444444444445,9,0.05,788.6419999999999
2066,155,20270.995000000003,W,0.8064516129032258,5,113,visa,0.567741935483871,87.0,0.8580645161290322,0.1870967741935484,desktop,0.0967741935483871,12,0.07741935483870968,1051.6419999999998
2067,112,11603.511999999999,W,0.7678571428571429,5,84,visa,0.6696428571428571,87.0,0.8125,0.21428571428571427,desktop,0.10714285714285714,2,0.017857142857142856,1988.0
2068,79,9408.399,W,0.7974683544303798,4,65,visa,0.7215189873417721,87.0,0.8481012658227848,0.20253164556962025,mobile,0.13924050632911392,1,0.012658227848101266,53.29
2069,35,4339.708,W,0.7714285714285715,3,31,visa,0.7428571428571429,87.0,0.8,0.22857142857142856,mobile,0.17142857142857143,3,0.08571428571428572,93.531
2070,33,6164.968,W,0.42424242424242425,4,22,visa,0.8484848484848485,87.0,0.7878787878787878,0.5757575757575758,mobile,0.5151515151515151,1,0.030303030303030304,213.0
2071,29,2162.1469999999995,C,0.3793103448275862,4,23,visa,0.5517241379310345,87.0,0.6206896551724138,0.6206896551724138,mobile,0.5517241379310345,13,0.4482758620689655,1195.9150000000002
2072,11,1321.3700000000001,W,0.9090909090909091,2,7,visa,0.9090909090909091,87.0,1.0,0.09090909090909091,desktop,0.09090909090909091,0,0.0,
2073,6,680.8200000000002,W,1.0,1,6,visa,1.0,87.0,1.0,0.0,,,0,0.0,
2074,12,1589.6380000000001,W,0.75,3,11,mastercard,0.5833333333333334,87.0,0.9166666666666666,0.25,desktop,0.16666666666666666,0,0.0,
2075,15,2577.285,W,0.9333333333333333,2,11,mastercard,0.6,87.0,0.9333333333333333,0.06666666666666667,desktop,0.06666666666666667,0,0.0,
2076,31,4385.101,W,0.8064516129032258,3,28,visa,0.7096774193548387,87.0,0.8387096774193549,0.1935483870967742,desktop,0.16129032258064516,1,0.03225806451612903,44.107
2077,69,8925.326000000001,W,0.8840579710144928,4,60,visa,0.7246376811594203,87.0,0.9565217391304348,0.11594202898550725,mobile,0.08695652173913043,3,0.043478260869565216,260.706
2078,129,16658.024,W,0.8062015503875969,4,101,visa,0.5968992248062015,87.0,0.9147286821705426,0.1937984496124031,desktop,0.10077519379844961,1,0.007751937984496124,213.0
2079,142,22942.541,W,0.7816901408450704,5,111,visa,0.6197183098591549,87.0,0.9014084507042254,0.19718309859154928,desktop,0.11267605633802817,1,0.007042253521126761,59.0
2080,180,30970.764000000003,W,0.8666666666666667,4,136,visa,0.6388888888888888,87.0,0.9222222222222223,0.11666666666666667,mobile,0.06111111111111111,3,0.016666666666666666,848.291
2081,200,24800.343,W,0.85,5,146,visa,0.655,87.0,0.93,0.135,desktop,0.085,4,0.02,1219.0
2082,186,20297.236,W,0.8602150537634409,5,136,visa,0.6774193548387096,87.0,0.9086021505376344,0.11827956989247312,desktop,0.08064516129032258,8,0.043010752688172046,525.652
2083,182,25551.668999999998,W,0.8076923076923077,4,130,visa,0.5824175824175825,87.0,0.8846153846153846,0.18681318681318682,mobile,0.10989010989010989,6,0.03296703296703297,543.8520000000001
2084,193,25643.233999999997,W,0.8031088082901554,5,130,visa,0.6787564766839378,87.0,0.8963730569948186,0.17616580310880828,mobile,0.08808290155440414,6,0.031088082901554404,445.59000000000003
2085,195,20579.849000000002,W,0.7743589743589744,5,136,visa,0.6256410256410256,87.0,0.8256410256410256,0.20512820512820512,mobile,0.1076923076923077,23,0.11794871794871795,2141.146
2086,103,12160.384,W,0.6601941747572816,4,74,visa,0.7087378640776699,87.0,0.7766990291262136,0.2912621359223301,desktop,0.1650485436893204,6,0.05825242718446602,446.065
2087,132,16025.630999999998,W,0.7651515151515151,5,96,visa,0.7045454545454546,87.0,0.8787878787878788,0.2196969696969697,mobile,0.12121212121212122,6,0.045454545454545456,1458.0
2088,225,24902.775,W,0.8755555555555555,5,156,visa,0.6177777777777778,87.0,0.8933333333333333,0.1111111111111111,mobile,0.057777777777777775,8,0.035555555555555556,1508.45
2089,162,21119.034,W,0.8950617283950617,4,118,visa,0.6604938271604939,87.0,0.9629629629629629,0.10493827160493827,mobile,0.05555555555555555,6,0.037037037037037035,1501.9
2090,160,22063.695,W,0.75625,5,122,visa,0.6625,87.0,0.84375,0.24375,desktop,0.125,5,0.03125,468.60699999999997
2091,103,11687.739,W,0.6407766990291263,5,67,visa,0.6699029126213593,87.0,0.8155339805825242,0.3592233009708738,desktop,0.21359223300970873,1,0.009708737864077669,107.95
2092,80,9869.6,W,0.7,4,57,visa,0.625,87.0,0.775,0.3,desktop,0.225,4,0.05,966.0
2093,42,3741.6459999999997,W,0.6904761904761905,3,33,visa,0.6666666666666666,87.0,0.7142857142857143,0.30952380952380953,desktop,0.21428571428571427,2,0.047619047619047616,720.0
2094,22,2007.9379999999999,W,0.8636363636363636,2,20,visa,0.5909090909090909,87.0,0.8636363636363636,0.13636363636363635,mobile,0.09090909090909091,1,0.045454545454545456,34.0
2095,19,1463.4600000000003,W,0.631578947368421,3,16,visa,0.631578947368421,87.0,0.6842105263157895,0.2631578947368421,mobile,0.15789473684210525,2,0.10526315789473684,53.5
2096,16,1387.7820000000002,W,0.5625,2,13,visa,0.6875,87.0,0.5625,0.4375,mobile,0.25,1,0.0625,24.5
2097,10,2184.047,W,0.9,2,10,mastercard,0.6,87.0,0.9,0.1,desktop,0.1,1,0.1,141.0
2098,9,1439.85,W,1.0,1,9,mastercard,0.5555555555555556,87.0,1.0,0.0,,,0,0.0,
2099,26,2553.275,W,0.5,4,20,mastercard,0.5769230769230769,87.0,0.5769230769230769,0.23076923076923078,desktop,0.15384615384615385,1,0.038461538461538464,325.0
2100,21,2782.046,W,0.9047619047619048,3,17,mastercard,0.6190476190476191,87.0,0.9523809523809523,0.09523809523809523,mobile,0.09523809523809523,3,0.14285714285714285,97.0
2101,50,5605.1140000000005,W,0.78,3,42,visa,0.62,87.0,0.82,0.22,desktop,0.16,0,0.0,
2102,95,11930.482000000004,W,0.8105263157894737,5,81,visa,0.6421052631578947,87.0,0.8421052631578947,0.18947368421052632,mobile,0.10526315789473684,3,0.031578947368421054,571.0
2103,86,9695.440000000002,W,0.686046511627907,5,70,visa,0.686046511627907,87.0,0.7906976744186046,0.27906976744186046,mobile,0.18604651162790697,9,0.10465116279069768,1791.1680000000001
2104,139,17342.32,W,0.7841726618705036,5,104,visa,0.5683453237410072,87.0,0.8848920863309353,0.16546762589928057,desktop,0.09352517985611511,12,0.08633093525179857,2719.0
2105,142,17596.008,W,0.8732394366197183,4,112,visa,0.6338028169014085,87.0,0.9154929577464789,0.09859154929577464,mobile,0.06338028169014084,2,0.014084507042253521,1036.0
2106,185,23411.574,W,0.8162162162162162,5,134,visa,0.7135135135135136,87.0,0.8648648648648649,0.15675675675675677,desktop,0.0972972972972973,5,0.02702702702702703,1070.426
2107,186,26484.125,W,0.7634408602150538,5,134,visa,0.6075268817204301,87.0,0.8602150537634409,0.1989247311827957,desktop,0.10752688172043011,2,0.010752688172043012,396.387
2108,173,17454.731,W,0.7803468208092486,5,128,visa,0.6416184971098265,87.0,0.8670520231213873,0.1907514450867052,desktop,0.10982658959537572,5,0.028901734104046242,1188.0
2109,177,26092.748,W,0.8700564971751412,5,120,visa,0.6101694915254238,87.0,0.9152542372881356,0.11299435028248588,mobile,0.07909604519774012,16,0.0903954802259887,6795.08
2110,216,22147.437000000005,W,0.8472222222222222,5,144,visa,0.6157407407407407,87.0,0.9444444444444444,0.14814814814814814,mobile,0.10185185185185185,6,0.027777777777777776,1759.0
2111,205,23694.72,W,0.7951219512195122,5,150,visa,0.6536585365853659,87.0,0.8634146341463415,0.1902439024390244,desktop,0.1024390243902439,4,0.01951219512195122,1416.0
2112,173,17271.751000000004,W,0.8554913294797688,5,131,visa,0.6705202312138728,87.0,0.8901734104046243,0.09826589595375723,mobile,0.07514450867052024,0,0.0,
2113,186,17849.870000000003,W,0.8333333333333334,5,134,visa,0.6559139784946236,87.0,0.8602150537634409,0.16666666666666666,mobile,0.08602150537634409,5,0.026881720430107527,50.15
2114,144,13956.544000000002,W,0.7916666666666666,5,103,visa,0.6388888888888888,87.0,0.8263888888888888,0.20833333333333334,desktop,0.1388888888888889,7,0.04861111111111111,240.097
2115,147,14629.454,W,0.8027210884353742,5,107,visa,0.5850340136054422,87.0,0.8707482993197279,0.14965986394557823,desktop,0.08163265306122448,4,0.027210884353741496,734.9300000000001
2116,120,13119.631000000001,W,0.8083333333333333,5,89,visa,0.6833333333333333,87.0,0.8333333333333334,0.025,desktop,0.016666666666666666,7,0.058333333333333334,729.217
2117,61,7418.859,W,0.7868852459016393,4,50,visa,0.6065573770491803,87.0,0.8524590163934426,0.06557377049180328,mobile,0.04918032786885246,0,0.0,
2118,34,4664.842000000001,W,0.8529411764705882,2,27,visa,0.6764705882352942,87.0,0.8529411764705882,0.0,,,1,0.029411764705882353,112.99
2119,26,5202.031,W,0.7692307692307693,2,20,visa,0.5384615384615384,87.0,0.7692307692307693,0.0,,,0,0.0,
2120,9,3527.3499999999995,W,1.0,1,9,visa,0.5555555555555556,87.0,1.0,0.0,,,2,0.2222222222222222,586.0
2121,8,1508.0800000000002,W,0.5,3,7,visa,0.625,87.0,0.875,0.5,desktop,0.375,2,0.25,900.0
2122,16,2028.3000000000002,W,0.8125,2,13,visa,0.5,87.0,1.0,0.1875,mobile,0.1875,2,0.125,725.0
2123,23,2069.732,W,0.6956521739130435,3,17,visa,0.7391304347826086,87.0,0.6956521739130435,0.13043478260869565,desktop,0.13043478260869565,0,0.0,
2124,42,4507.326,W,0.9761904761904762,2,38,visa,0.6904761904761905,87.0,0.9761904761904762,0.0,,,0,0.0,
2125,87,16011.976999999999,W,0.9425287356321839,5,74,visa,0.6091954022988506,87.0,0.9885057471264368,0.04597701149425287,mobile,0.034482758620689655,0,0.0,
2126,149,26733.405000000002,W,0.8120805369127517,5,111,visa,0.7181208053691275,87.0,0.9261744966442953,0.11409395973154363,desktop,0.0738255033557047,3,0.020134228187919462,829.681
2127,182,32021.704,W,0.8791208791208791,5,137,visa,0.6593406593406593,87.0,0.9285714285714286,0.08241758241758242,desktop,0.054945054945054944,0,0.0,
2128,199,31709.967000000004,W,0.8090452261306532,5,144,visa,0.6834170854271356,87.0,0.8944723618090452,0.16080402010050251,desktop,0.1306532663316583,5,0.02512562814070352,970.0
2129,210,37101.475999999995,W,0.8095238095238095,5,153,visa,0.6857142857142857,87.0,0.8714285714285714,0.14761904761904762,desktop,0.08571428571428572,2,0.009523809523809525,342.0
2130,234,53230.299999999996,W,0.7905982905982906,5,157,visa,0.5897435897435898,87.0,0.8461538461538461,0.16666666666666666,mobile,0.09401709401709402,6,0.02564102564102564,307.261
2131,215,32432.416,W,0.8093023255813954,5,154,visa,0.6,87.0,0.8930232558139535,0.14883720930232558,desktop,0.09767441860465116,7,0.03255813953488372,1206.1180000000002
2132,226,39284.642,W,0.8230088495575221,4,166,visa,0.6238938053097345,87.0,0.8761061946902655,0.14601769911504425,desktop,0.09292035398230089,9,0.03982300884955752,1873.292
2133,65,4818.529,W,0.4307692307692308,5,53,visa,0.5538461538461539,87.0,0.6461538461538462,0.49230769230769234,desktop,0.3076923076923077,2,0.03076923076923077,110.845
2134,203,34116.108,W,0.8226600985221675,5,150,visa,0.6600985221674877,87.0,0.8719211822660099,0.15763546798029557,desktop,0.11330049261083744,4,0.019704433497536946,2823.0
2135,262,41022.122,W,0.8931297709923665,4,173,visa,0.6068702290076335,87.0,0.9351145038167938,0.10305343511450382,desktop,0.07633587786259542,7,0.026717557251908396,2116.85
2136,265,34654.352,W,0.8377358490566038,5,196,visa,0.6377358490566037,87.0,0.8981132075471698,0.14339622641509434,desktop,0.07547169811320754,11,0.04150943396226415,1478.982
2137,257,37314.207,W,0.8638132295719845,5,163,visa,0.6614785992217899,87.0,0.9182879377431906,0.13618677042801555,desktop,0.08949416342412451,7,0.027237354085603113,224.928
2138,189,30617.199000000004,W,0.8888888888888888,5,133,visa,0.6878306878306878,87.0,0.9576719576719577,0.09523809523809523,mobile,0.0582010582010582,3,0.015873015873015872,532.283
2139,145,18058.510000000002,W,0.8275862068965517,5,106,visa,0.7379310344827587,87.0,0.8551724137931035,0.1310344827586207,mobile,0.1103448275862069,10,0.06896551724137931,1700.8249999999998
2140,108,13305.624000000003,W,0.7314814814814815,4,82,visa,0.6759259259259259,87.0,0.8240740740740741,0.26851851851851855,desktop,0.17592592592592593,0,0.0,
2141,51,4042.473,W,0.803921568627451,5,45,visa,0.6862745098039216,87.0,0.9019607843137255,0.13725490196078433,desktop,0.0784313725490196,0,0.0,
2142,32,3631.5899999999992,W,0.9375,2,27,visa,0.75,87.0,1.0,0.0625,desktop,0.0625,0,0.0,
2143,15,3091.7719999999995,W,0.8666666666666667,3,15,mastercard,0.4666666666666667,87.0,0.9333333333333333,0.13333333333333333,mobile,0.13333333333333333,3,0.2,742.002
2144,16,1325.981,W,0.75,3,13,visa,0.75,87.0,0.8125,0.25,desktop,0.1875,3,0.1875,113.83099999999999
2145,14,1746.7050000000002,W,0.7857142857142857,3,13,visa,0.7857142857142857,87.0,0.8571428571428571,0.21428571428571427,desktop,0.14285714285714285,1,0.07142857142857142,60.0
2146,18,3558.535,W,0.8888888888888888,2,17,visa,0.6666666666666666,87.0,0.8888888888888888,0.1111111111111111,mobile,0.1111111111111111,4,0.2222222222222222,303.03499999999997
2147,27,2560.8899999999994,W,0.8518518518518519,4,24,visa,0.5555555555555556,87.0,1.0,0.14814814814814814,mobile,0.1111111111111111,0,0.0,
2148,60,7347.883,W,0.9166666666666666,4,54,visa,0.65,87.0,0.9833333333333333,0.08333333333333333,mobile,0.06666666666666667,4,0.06666666666666667,330.0
2149,111,13612.440000000002,W,0.8468468468468469,5,89,visa,0.6306306306306306,87.0,0.954954954954955,0.14414414414414414,desktop,0.10810810810810811,3,0.02702702702702703,721.0
2150,136,24207.337,W,0.7941176470588235,5,107,visa,0.6544117647058824,87.0,0.9558823529411765,0.20588235294117646,desktop,0.17647058823529413,1,0.007352941176470588,59.0
2151,161,26895.596,W,0.8509316770186336,5,130,visa,0.6459627329192547,87.0,0.9006211180124224,0.11180124223602485,desktop,0.08074534161490683,0,0.0,
2152,199,36714.798,W,0.7537688442211056,5,132,visa,0.5879396984924623,87.0,0.8291457286432161,0.23618090452261306,desktop,0.19597989949748743,8,0.04020100502512563,1269.417
2153,206,46690.702999999994,W,0.7815533980582524,5,153,visa,0.6893203883495146,87.0,0.8932038834951457,0.20388349514563106,desktop,0.16019417475728157,9,0.043689320388349516,1177.373
2154,166,30828.362999999998,W,0.8072289156626506,5,113,visa,0.6807228915662651,87.0,0.9216867469879518,0.1566265060240964,desktop,0.13855421686746988,9,0.05421686746987952,2065.0
2155,193,26915.689,W,0.8341968911917098,5,129,visa,0.6373056994818653,87.0,0.9222797927461139,0.16062176165803108,desktop,0.12953367875647667,7,0.03626943005181347,1150.871
2156,216,44011.956999999995,W,0.8009259259259259,5,147,visa,0.7129629629629629,87.0,0.8888888888888888,0.19907407407407407,desktop,0.14351851851851852,13,0.06018518518518518,1543.818
2157,186,30139.841,W,0.8064516129032258,5,141,visa,0.6505376344086021,87.0,0.9086021505376344,0.1881720430107527,desktop,0.13440860215053763,4,0.021505376344086023,1677.95
2158,230,33367.036,W,0.7913043478260869,5,155,visa,0.6869565217391305,87.0,0.8434782608695652,0.2,desktop,0.12608695652173912,6,0.02608695652173913,1168.0
2159,225,29097.117,W,0.8622222222222222,5,159,visa,0.6533333333333333,87.0,0.9066666666666666,0.09777777777777778,desktop,0.07111111111111111,8,0.035555555555555556,625.6139999999999
2160,263,35314.952000000005,W,0.8745247148288974,4,176,visa,0.6349809885931559,87.0,0.935361216730038,0.10266159695817491,desktop,0.053231939163498096,1,0.0038022813688212928,884.0
2161,176,32405.805,W,0.7954545454545454,5,126,visa,0.6079545454545454,87.0,0.8522727272727273,0.1875,desktop,0.13068181818181818,12,0.06818181818181818,5943.646000000001
2162,162,17282.862999999998,W,0.7962962962962963,5,116,visa,0.6851851851851852,87.0,0.8641975308641975,0.2037037037037037,desktop,0.10493827160493827,8,0.04938271604938271,825.892
2163,135,21970.026,W,0.8074074074074075,5,96,visa,0.6888888888888889,87.0,0.8666666666666667,0.1925925925925926,desktop,0.13333333333333333,0,0.0,
2164,92,10854.796999999999,W,0.6847826086956522,4,70,visa,0.5543478260869565,87.0,0.7391304347826086,0.29347826086956524,desktop,0.2391304347826087,2,0.021739130434782608,68.0
2165,60,4788.741,W,0.7833333333333333,2,43,visa,0.7333333333333333,87.0,0.7833333333333333,0.21666666666666667,desktop,0.16666666666666666,2,0.03333333333333333,174.0
2166,37,3907.5479999999993,W,0.7567567567567568,3,29,visa,0.7027027027027027,87.0,0.8108108108108109,0.24324324324324326,desktop,0.21621621621621623,3,0.08108108108108109,209.014
2167,12,1162.526,W,0.75,3,11,visa,0.8333333333333334,87.0,0.8333333333333334,0.25,desktop,0.25,2,0.16666666666666666,28.156
2168,16,2484.42,W,1.0,1,14,visa,0.5625,87.0,1.0,0.0,,,0,0.0,
2169,7,1346.8000000000002,W,1.0,1,6,visa,0.5714285714285714,87.0,1.0,0.0,,,0,0.0,
2170,14,2521.72,W,0.9285714285714286,2,13,visa,0.5714285714285714,87.0,0.9285714285714286,0.07142857142857142,desktop,0.07142857142857142,0,0.0,
2171,38,5428.8,W,0.9473684210526315,3,31,visa,0.5789473684210527,87.0,1.0,0.05263157894736842,mobile,0.02631578947368421,1,0.02631578947368421,201.0
2172,79,13672.177000000001,W,0.8987341772151899,5,65,visa,0.759493670886076,87.0,0.9746835443037974,0.10126582278481013,desktop,0.05063291139240506,3,0.0379746835443038,183.0
2173,115,19814.639000000003,W,0.8260869565217391,5,93,visa,0.2956521739130435,87.0,0.9130434782608695,0.17391304347826086,desktop,0.10434782608695652,7,0.06086956521739131,2421.0
2174,173,31839.852000000006,W,0.8786127167630058,5,121,visa,0.057803468208092484,87.0,0.9479768786127167,0.12138728323699421,desktop,0.08670520231213873,5,0.028901734104046242,896.0
2175,183,38824.155,W,0.8142076502732241,5,141,visa,0.08743169398907104,87.0,0.912568306010929,0.15846994535519127,desktop,0.1092896174863388,5,0.0273224043715847,1451.95
2176,193,30657.284,W,0.8393782383419689,5,142,visa,0.04145077720207254,87.0,0.9067357512953368,0.13989637305699482,desktop,0.08290155440414508,9,0.046632124352331605,1399.5580000000002
2177,229,52391.634999999995,W,0.8558951965065502,5,159,visa,0.20087336244541484,87.0,0.925764192139738,0.1091703056768559,desktop,0.07423580786026202,12,0.05240174672489083,2462.7819999999997
2178,211,30277.141000000003,W,0.8341232227488151,5,151,visa,0.3222748815165877,87.0,0.8957345971563981,0.14691943127962084,desktop,0.0995260663507109,8,0.037914691943127965,659.0
2179,230,51237.262,W,0.808695652173913,5,162,visa,0.7130434782608696,87.0,0.9043478260869565,0.14782608695652175,desktop,0.09130434782608696,11,0.04782608695652174,1657.9260000000002
2180,240,36206.978,W,0.8041666666666667,5,155,visa,0.7041666666666667,87.0,0.8708333333333333,0.17083333333333334,desktop,0.11666666666666667,11,0.04583333333333333,651.22
2181,238,40256.963,W,0.8403361344537815,5,160,visa,0.6470588235294118,87.0,0.8949579831932774,0.13445378151260504,desktop,0.07563025210084033,7,0.029411764705882353,318.969
2182,238,43891.28,W,0.8319327731092437,5,168,visa,0.6596638655462185,87.0,0.9033613445378151,0.15126050420168066,mobile,0.07983193277310924,10,0.04201680672268908,1439.95
2183,212,30252.021,W,0.8160377358490566,5,155,visa,0.6509433962264151,87.0,0.8584905660377359,0.16037735849056603,desktop,0.10849056603773585,13,0.06132075471698113,1477.5770000000002
2184,216,40601.361,W,0.875,4,152,visa,0.6064814814814815,87.0,0.9212962962962963,0.10185185185185185,mobile,0.05555555555555555,3,0.013888888888888888,180.321
2185,206,32827.021,W,0.6844660194174758,5,149,visa,0.6601941747572816,87.0,0.7524271844660194,0.2961165048543689,desktop,0.16019417475728157,21,0.10194174757281553,2227.7419999999997
2186,207,21721.353000000003,W,0.642512077294686,5,140,visa,0.6570048309178744,87.0,0.714975845410628,0.357487922705314,desktop,0.24154589371980675,22,0.10628019323671498,1136.3359999999998
2187,146,17761.134,W,0.7534246575342466,5,111,visa,0.6986301369863014,87.0,0.8082191780821918,0.2465753424657534,desktop,0.136986301369863,8,0.0547945205479452,737.794
2188,110,15447.962000000003,W,0.7545454545454545,4,82,visa,0.6636363636363637,87.0,0.7909090909090909,0.23636363636363636,desktop,0.14545454545454545,8,0.07272727272727272,736.97
2189,56,9844.343,W,0.8214285714285714,5,50,visa,0.6607142857142857,87.0,0.8571428571428571,0.17857142857142858,mobile,0.16071428571428573,3,0.05357142857142857,357.325
2190,65,7663.51,W,0.7076923076923077,5,29,mastercard,0.7076923076923077,87.0,0.8615384615384616,0.2923076923076923,mobile,0.24615384615384617,8,0.12307692307692308,1010.568
2191,42,4587.902999999999,W,0.9047619047619048,2,28,mastercard,0.5476190476190477,87.0,0.9047619047619048,0.09523809523809523,mobile,0.07142857142857142,2,0.047619047619047616,288.0
2192,30,7941.9400000000005,W,0.6,3,18,visa,0.5666666666666667,87.0,0.6666666666666666,0.4,mobile,0.4,10,0.3333333333333333,319.02
2193,28,5385.1,W,0.9285714285714286,2,18,visa,0.6071428571428571,87.0,1.0,0.07142857142857142,mobile,0.07142857142857142,0,0.0,
2194,33,6374.624999999999,W,0.8484848484848485,2,27,visa,0.5454545454545454,87.0,0.8484848484848485,0.15151515151515152,mobile,0.15151515151515152,5,0.15151515151515152,132.925
2195,46,6031.611999999999,W,0.8913043478260869,4,32,mastercard,0.5434782608695652,87.0,0.9782608695652174,0.10869565217391304,mobile,0.06521739130434782,2,0.043478260869565216,97.5
2196,79,12877.507000000001,W,0.9620253164556962,4,55,visa,0.5822784810126582,87.0,0.9873417721518988,0.0379746835443038,desktop,0.02531645569620253,0,0.0,
2197,178,25470.184000000005,W,0.9101123595505618,5,109,visa,0.5842696629213483,87.0,0.9550561797752809,0.0898876404494382,desktop,0.0449438202247191,3,0.016853932584269662,1218.95
2198,216,34818.92799999999,W,0.8842592592592593,5,139,visa,0.5879629629629629,87.0,0.9398148148148148,0.1111111111111111,desktop,0.09722222222222222,1,0.004629629629629629,77.95
2199,245,44311.191999999995,W,0.8408163265306122,5,160,visa,0.6,87.0,0.9224489795918367,0.13877551020408163,desktop,0.08979591836734693,4,0.0163265306122449,938.95
2200,285,47141.435,W,0.8736842105263158,5,191,visa,0.6105263157894737,87.0,0.9333333333333333,0.09824561403508772,desktop,0.05263157894736842,6,0.021052631578947368,1152.8000000000002
2201,245,34685.33500000001,W,0.8326530612244898,5,159,visa,0.6,87.0,0.8857142857142857,0.13877551020408163,desktop,0.08979591836734693,3,0.012244897959183673,1546.0
2202,289,43048.296,W,0.8269896193771626,5,174,visa,0.643598615916955,87.0,0.8927335640138409,0.15916955017301038,desktop,0.10380622837370242,18,0.06228373702422145,4037.719
2203,296,54248.459,W,0.7837837837837838,5,179,visa,0.5844594594594594,87.0,0.8918918918918919,0.20270270270270271,desktop,0.1554054054054054,17,0.057432432432432436,3704.518
2204,251,44828.315,W,0.8207171314741036,5,169,visa,0.5856573705179283,87.0,0.896414342629482,0.14741035856573706,desktop,0.10756972111553785,10,0.0398406374501992,2128.99
2205,250,48097.367999999995,W,0.804,5,161,visa,0.624,87.0,0.876,0.168,desktop,0.092,13,0.052,598.883
2206,251,35885.747,W,0.852589641434263,5,149,visa,0.6932270916334662,87.0,0.9043824701195219,0.13545816733067728,desktop,0.07569721115537849,4,0.01593625498007968,876.255
2207,237,32742.996,W,0.8523206751054853,4,158,visa,0.5780590717299579,87.0,0.8734177215189873,0.12236286919831224,desktop,0.08860759493670886,9,0.0379746835443038,784.256
2208,227,32054.878,W,0.9251101321585903,5,150,visa,0.6431718061674009,87.0,0.960352422907489,0.06607929515418502,desktop,0.048458149779735685,12,0.05286343612334802,2609.923
2209,204,24222.049,W,0.7254901960784313,5,134,visa,0.5833333333333334,87.0,0.7990196078431373,0.27450980392156865,desktop,0.19607843137254902,10,0.049019607843137254,680.014
2210,164,22650.819000000003,W,0.7865853658536586,4,120,visa,0.6707317073170732,87.0,0.823170731707317,0.2073170731707317,desktop,0.12195121951219512,6,0.036585365853658534,382.11
2211,120,13197.731000000002,W,0.6666666666666666,4,93,visa,0.675,87.0,0.7166666666666667,0.325,desktop,0.2,5,0.041666666666666664,569.7740000000001
2212,116,11547.228000000001,W,0.5862068965517241,5,77,visa,0.6637931034482759,87.0,0.6379310344827587,0.39655172413793105,mobile,0.20689655172413793,5,0.04310344827586207,88.876
2213,67,6009.800000000001,W,0.746268656716418,3,52,visa,0.6865671641791045,87.0,0.7761194029850746,0.2537313432835821,desktop,0.13432835820895522,3,0.04477611940298507,175.143
2214,51,5434.546,W,0.8627450980392157,4,25,mastercard,0.5294117647058824,87.0,0.9019607843137255,0.13725490196078433,mobile,0.11764705882352941,2,0.0392156862745098,188.788
2215,33,4222.367,W,0.8484848484848485,4,20,visa,0.6060606060606061,87.0,0.9696969696969697,0.15151515151515152,desktop,0.12121212121212122,2,0.06060606060606061,450.0
2216,36,5424.731,W,0.8055555555555556,2,20,visa,0.6111111111111112,87.0,0.8055555555555556,0.19444444444444445,desktop,0.19444444444444445,7,0.19444444444444445,798.615
2217,19,2543.54,W,0.9473684210526315,2,11,visa,0.5263157894736842,87.0,1.0,0.05263157894736842,mobile,0.05263157894736842,1,0.05263157894736842,146.0
2218,37,5220.713,W,0.8108108108108109,3,26,mastercard,0.6486486486486487,87.0,0.918918918918919,0.1891891891891892,mobile,0.16216216216216217,0,0.0,
2219,36,3708.419999999999,W,0.9722222222222222,2,27,visa,0.5,87.0,1.0,0.027777777777777776,mobile,0.027777777777777776,0,0.0,
2220,79,11168.614000000003,W,0.8607594936708861,5,55,visa,0.569620253164557,87.0,0.9746835443037974,0.13924050632911392,desktop,0.10126582278481013,2,0.02531645569620253,527.95
2221,169,30792.170000000006,W,0.863905325443787,5,111,visa,0.5266272189349113,87.0,0.9289940828402367,0.13609467455621302,desktop,0.08875739644970414,4,0.023668639053254437,1267.95
2222,256,55541.172999999995,W,0.8984375,5,158,visa,0.53125,87.0,0.96484375,0.09375,desktop,0.078125,8,0.03125,1006.278
2223,361,54411.965,W,0.8975069252077562,5,231,visa,0.556786703601108,87.0,0.9418282548476454,0.09418282548476455,desktop,0.08587257617728532,2,0.00554016620498615,259.0
2224,506,73520.295,W,0.9169960474308301,5,312,visa,0.6620553359683794,87.0,0.9466403162055336,0.06719367588932806,desktop,0.05533596837944664,9,0.017786561264822136,780.31
2225,649,112872.127,W,0.9167950693374423,5,355,visa,0.6332819722650231,87.0,0.9537750385208013,0.07395993836671803,desktop,0.04468412942989214,25,0.03852080123266564,3316.259
2226,687,114315.955,W,0.9359534206695779,5,349,visa,0.61863173216885,87.0,0.9592430858806404,0.055312954876273655,desktop,0.039301310043668124,9,0.013100436681222707,1893.0
2227,748,124518.748,W,0.9358288770053476,5,371,visa,0.6270053475935828,87.0,0.963903743315508,0.053475935828877004,desktop,0.034759358288770054,7,0.009358288770053475,1093.172
2228,661,114161.412,W,0.9213313161875946,5,344,visa,0.6565809379727685,87.0,0.9561270801815431,0.07261724659606657,desktop,0.036308623298033284,5,0.007564296520423601,454.771
2229,447,87511.71900000001,W,0.8948545861297539,5,266,visa,0.6957494407158836,87.0,0.9194630872483222,0.09395973154362416,desktop,0.05145413870246085,7,0.015659955257270694,1416.1070000000002
2230,245,36269.474,W,0.8571428571428571,5,166,visa,0.6,87.0,0.9183673469387755,0.11428571428571428,desktop,0.06938775510204082,2,0.00816326530612245,506.0
2231,334,49339.92600000001,W,0.8652694610778443,5,225,visa,0.5988023952095808,87.0,0.907185628742515,0.11077844311377245,desktop,0.0658682634730539,14,0.041916167664670656,1406.518
2232,462,63214.130000000005,W,0.8874458874458875,5,243,visa,0.6883116883116883,87.0,0.9047619047619048,0.09090909090909091,desktop,0.06277056277056277,14,0.030303030303030304,509.15999999999997
2233,407,47911.558000000005,W,0.9041769041769042,5,246,visa,0.6928746928746928,87.0,0.9361179361179361,0.09090909090909091,desktop,0.05405405405405406,5,0.012285012285012284,411.016
2234,297,34973.16,W,0.8821548821548821,5,187,visa,0.6835016835016835,87.0,0.9158249158249159,0.11784511784511785,desktop,0.06397306397306397,5,0.016835016835016835,989.782
2235,270,32018.316000000003,W,0.8703703703703703,5,175,visa,0.6259259259259259,87.0,0.9111111111111111,0.12962962962962962,desktop,0.06666666666666667,6,0.022222222222222223,438.048
2236,126,15944.873000000001,W,0.8333333333333334,4,83,visa,0.6746031746031746,87.0,0.8571428571428571,0.16666666666666666,mobile,0.11904761904761904,2,0.015873015873015872,326.0
2237,63,7511.053999999999,W,0.7777777777777778,3,44,visa,0.5396825396825397,87.0,0.7936507936507936,0.2222222222222222,mobile,0.1746031746031746,3,0.047619047619047616,488.788
2238,38,3895.892999999999,W,0.6052631578947368,3,26,visa,0.7894736842105263,87.0,0.631578947368421,0.39473684210526316,desktop,0.23684210526315788,8,0.21052631578947367,1005.998
2239,30,3436.899,W,0.7666666666666667,2,23,visa,0.6333333333333333,87.0,0.7666666666666667,0.23333333333333334,desktop,0.13333333333333333,2,0.06666666666666667,122.95
2240,16,2423.55,W,0.9375,2,14,visa,0.75,87.0,1.0,0.0625,mobile,0.0625,1,0.0625,92.0
2241,21,4861.785,W,0.7619047619047619,2,16,visa,0.5238095238095238,87.0,0.7619047619047619,0.23809523809523808,mobile,0.23809523809523808,5,0.23809523809523808,212.075
2242,17,2503.248,W,0.8235294117647058,3,15,visa,0.6470588235294118,87.0,0.8823529411764706,0.17647058823529413,mobile,0.17647058823529413,2,0.11764705882352941,44.348
2243,28,2788.29,W,0.9642857142857143,2,24,visa,0.7142857142857143,87.0,1.0,0.03571428571428571,mobile,0.03571428571428571,0,0.0,
2244,38,3435.026,W,0.868421052631579,4,33,visa,0.6052631578947368,87.0,0.9473684210526315,0.13157894736842105,mobile,0.13157894736842105,1,0.02631578947368421,100.0
2245,104,12437.343,W,0.8365384615384616,4,70,visa,0.5865384615384616,87.0,0.9038461538461539,0.16346153846153846,desktop,0.09615384615384616,3,0.028846153846153848,1168.95
2246,139,21481.128000000004,W,0.8776978417266187,5,105,visa,0.5251798561151079,87.0,0.9568345323741008,0.1223021582733813,desktop,0.08633093525179857,5,0.03597122302158273,3570.0
2247,181,36508.573,W,0.861878453038674,4,139,visa,0.6464088397790055,87.0,0.8950276243093923,0.12154696132596685,mobile,0.07734806629834254,8,0.04419889502762431,2877.3889999999997
2248,231,32533.568,W,0.8138528138528138,5,151,visa,0.5584415584415584,87.0,0.8701298701298701,0.18181818181818182,desktop,0.11255411255411256,18,0.07792207792207792,908.147
2249,238,32353.591000000004,W,0.8613445378151261,5,163,visa,0.6302521008403361,87.0,0.9201680672268907,0.12184873949579832,mobile,0.08403361344537816,6,0.025210084033613446,1223.0
2250,248,28746.841,W,0.8991935483870968,4,160,visa,0.592741935483871,87.0,0.9193548387096774,0.08870967741935484,mobile,0.06451612903225806,2,0.008064516129032258,489.10699999999997
2251,277,42930.467,W,0.8014440433212996,5,179,visa,0.5956678700361011,87.0,0.8664259927797834,0.148014440433213,desktop,0.09386281588447654,11,0.039711191335740074,685.716
2252,281,37436.562000000005,W,0.8825622775800712,5,173,visa,0.6298932384341637,87.0,0.9288256227758007,0.10676156583629894,desktop,0.06405693950177936,12,0.042704626334519574,1183.408
2253,269,31342.607000000004,W,0.8884758364312267,5,161,visa,0.6245353159851301,87.0,0.9256505576208178,0.10408921933085502,desktop,0.06319702602230483,9,0.03345724907063197,1151.654
2254,403,47823.539000000004,W,0.890818858560794,5,257,visa,0.6228287841191067,87.0,0.9404466501240695,0.10421836228287841,desktop,0.062034739454094295,11,0.02729528535980149,667.235
2255,340,33509.196,W,0.9,5,219,visa,0.6647058823529411,87.0,0.9294117647058824,0.08529411764705883,mobile,0.05588235294117647,12,0.03529411764705882,1367.979
2256,225,30340.246,W,0.8666666666666667,4,138,visa,0.64,87.0,0.8977777777777778,0.11555555555555555,mobile,0.07555555555555556,6,0.02666666666666667,691.7180000000001
2257,203,28505.279000000002,W,0.8669950738916257,5,143,visa,0.6206896551724138,87.0,0.9014778325123153,0.12315270935960591,mobile,0.10344827586206896,9,0.04433497536945813,645.604
2258,138,14353.199,W,0.8260869565217391,3,90,visa,0.6594202898550725,87.0,0.8333333333333334,0.17391304347826086,mobile,0.11594202898550725,4,0.028985507246376812,358.9
2259,102,16973.052000000003,W,0.7254901960784313,4,72,visa,0.696078431372549,87.0,0.7843137254901961,0.2647058823529412,mobile,0.16666666666666666,2,0.0196078431372549,136.45499999999998
2260,86,8502.051000000001,W,0.7674418604651163,4,68,visa,0.5581395348837209,87.0,0.8372093023255814,0.09302325581395349,desktop,0.05813953488372093,3,0.03488372093023256,730.84
2261,47,7638.507999999999,W,0.7021276595744681,3,36,visa,0.7021276595744681,87.0,0.7446808510638298,0.2978723404255319,mobile,0.2127659574468085,3,0.06382978723404255,494.586
2262,36,5570.825000000001,W,0.8888888888888888,2,29,visa,0.5277777777777778,87.0,0.8888888888888888,0.1111111111111111,mobile,0.1111111111111111,0,0.0,
2263,19,2612.73,W,0.8947368421052632,3,17,visa,0.8421052631578947,87.0,0.9473684210526315,0.10526315789473684,mobile,0.10526315789473684,0,0.0,
2264,11,1310.8,W,1.0,1,10,visa,0.5454545454545454,87.0,1.0,0.0,,,1,0.09090909090909091,65.0
2265,14,3321.3399999999992,W,0.9285714285714286,2,11,visa,0.7142857142857143,87.0,1.0,0.07142857142857142,desktop,0.07142857142857142,1,0.07142857142857142,49.0
2266,8,592.163,W,0.875,2,8,mastercard,0.625,87.0,0.875,0.125,desktop,0.125,0,0.0,
2267,13,1300.1290000000001,W,0.6923076923076923,4,12,visa,0.5384615384615384,87.0,0.8461538461538461,0.3076923076923077,desktop,0.23076923076923078,0,0.0,
2268,30,2599.033,W,0.8333333333333334,4,27,visa,0.7,87.0,0.9666666666666667,0.16666666666666666,mobile,0.1,1,0.03333333333333333,117.0
2269,68,6542.071,W,0.8235294117647058,5,49,visa,0.6617647058823529,87.0,0.9558823529411765,0.17647058823529413,mobile,0.10294117647058823,0,0.0,
2270,96,11642.691,W,0.84375,5,77,visa,0.6354166666666666,87.0,0.9270833333333334,0.14583333333333334,desktop,0.07291666666666667,1,0.010416666666666666,29.0
2271,139,20626.498,W,0.8489208633093526,5,99,visa,0.6187050359712231,87.0,0.9064748201438849,0.12949640287769784,desktop,0.07194244604316546,2,0.014388489208633094,73.39699999999999
2272,212,22307.889000000003,W,0.7924528301886793,5,150,visa,0.6415094339622641,87.0,0.8301886792452831,0.15566037735849056,desktop,0.08018867924528301,2,0.009433962264150943,68.95
2273,181,18338.617000000002,W,0.7679558011049724,5,134,visa,0.6132596685082873,87.0,0.8729281767955801,0.2154696132596685,desktop,0.11602209944751381,5,0.027624309392265192,752.0
2274,203,22919.795000000002,W,0.8029556650246306,5,136,visa,0.6157635467980296,87.0,0.8620689655172413,0.1477832512315271,mobile,0.08374384236453201,5,0.024630541871921183,1131.0
2275,218,27746.15,W,0.8440366972477065,5,165,visa,0.6467889908256881,87.0,0.8944954128440367,0.14220183486238533,mobile,0.07339449541284404,5,0.022935779816513763,499.182
2276,192,20986.995000000003,W,0.8229166666666666,4,132,visa,0.7083333333333334,87.0,0.9166666666666666,0.14583333333333334,mobile,0.078125,3,0.015625,738.067
2277,203,20410.541000000005,W,0.8472906403940886,5,149,visa,0.6502463054187192,87.0,0.8866995073891626,0.1477832512315271,mobile,0.08374384236453201,7,0.034482758620689655,477.0
2278,254,28254.314,W,0.8228346456692913,5,166,visa,0.594488188976378,87.0,0.8976377952755905,0.16535433070866143,desktop,0.08267716535433071,7,0.027559055118110236,565.476
2279,233,24106.224000000002,W,0.7982832618025751,5,156,visa,0.6266094420600858,87.0,0.8497854077253219,0.18454935622317598,desktop,0.11587982832618025,14,0.060085836909871244,1352.717
2280,225,24512.398,W,0.8133333333333334,4,155,visa,0.6755555555555556,87.0,0.8488888888888889,0.15555555555555556,mobile,0.08444444444444445,9,0.04,1743.014
2281,220,22650.327000000005,W,0.8363636363636363,4,148,visa,0.6727272727272727,87.0,0.8954545454545455,0.15454545454545454,mobile,0.08636363636363636,7,0.031818181818181815,1180.8500000000001
2282,194,19677.311,W,0.8350515463917526,4,133,visa,0.6958762886597938,87.0,0.8762886597938144,0.16494845360824742,mobile,0.1134020618556701,8,0.041237113402061855,1484.3329999999999
2283,165,18649.134000000002,W,0.7393939393939394,5,113,visa,0.6424242424242425,87.0,0.7878787878787878,0.2606060606060606,desktop,0.18787878787878787,5,0.030303030303030304,1103.141
2284,122,12881.614000000001,W,0.7540983606557377,5,81,visa,0.7213114754098361,87.0,0.819672131147541,0.2459016393442623,mobile,0.12295081967213115,7,0.05737704918032787,607.95
2285,76,7890.709000000001,W,0.7631578947368421,4,61,visa,0.7368421052631579,87.0,0.7894736842105263,0.23684210526315788,mobile,0.17105263157894737,10,0.13157894736842105,1547.8029999999999
2286,41,4328.338,W,0.8292682926829268,3,32,visa,0.7560975609756098,87.0,0.8780487804878049,0.17073170731707318,mobile,0.12195121951219512,1,0.024390243902439025,774.0
2287,12,1101.548,W,0.8333333333333334,3,11,visa,0.5,87.0,0.9166666666666666,0.16666666666666666,desktop,0.08333333333333333,0,0.0,
2288,10,832.251,W,0.9,2,10,visa,0.9,87.0,0.9,0.1,mobile,0.1,0,0.0,
2289,12,1533.6039999999998,W,0.8333333333333334,2,9,visa,0.75,87.0,0.8333333333333334,0.16666666666666666,mobile,0.16666666666666666,4,0.3333333333333333,450.894
2290,25,2906.741,W,0.84,3,21,visa,0.6,87.0,0.84,0.16,mobile,0.12,6,0.24,1009.841
2291,30,2886.667999999999,W,0.8,4,23,visa,0.8666666666666667,87.0,0.9,0.2,desktop,0.1,3,0.1,263.45799999999997
2292,65,8477.311000000002,W,0.9384615384615385,5,55,visa,0.6307692307692307,87.0,0.9846153846153847,0.06153846153846154,desktop,0.046153846153846156,6,0.09230769230769231,1051.5
2293,131,24488.483,W,0.8778625954198473,5,98,visa,0.648854961832061,87.0,0.9618320610687023,0.12213740458015267,mobile,0.09923664122137404,6,0.04580152671755725,908.1640000000001
2294,159,26857.424,W,0.89937106918239,5,129,visa,0.6226415094339622,87.0,0.9433962264150944,0.10062893081761007,mobile,0.05660377358490566,6,0.03773584905660377,918.0
2295,234,47438.24799999999,W,0.8717948717948718,5,177,visa,0.6196581196581197,87.0,0.9273504273504274,0.10683760683760683,desktop,0.05555555555555555,10,0.042735042735042736,2232.5240000000003
2296,213,38004.473,W,0.8685446009389671,5,152,visa,0.5821596244131455,87.0,0.9342723004694836,0.11267605633802817,desktop,0.08450704225352113,4,0.018779342723004695,917.344
2297,266,38386.405,W,0.9210526315789473,5,158,visa,0.6466165413533834,87.0,0.9887218045112782,0.07518796992481203,desktop,0.05263157894736842,14,0.05263157894736842,1842.8500000000001
2298,270,40564.291,W,0.8851851851851852,5,175,visa,0.5962962962962963,87.0,0.9444444444444444,0.0962962962962963,desktop,0.07777777777777778,9,0.03333333333333333,1551.95
2299,256,46453.022,W,0.8671875,5,168,visa,0.6171875,87.0,0.94140625,0.12109375,desktop,0.08984375,6,0.0234375,781.9
2300,264,37091.62700000001,W,0.8560606060606061,5,173,visa,0.6401515151515151,87.0,0.9242424242424242,0.125,desktop,0.07954545454545454,8,0.030303030303030304,1518.163
2301,231,36315.796,W,0.8917748917748918,4,160,visa,0.670995670995671,87.0,0.935064935064935,0.08658008658008658,desktop,0.06060606060606061,6,0.025974025974025976,1354.95
2302,247,39271.189,W,0.8906882591093117,5,176,visa,0.6396761133603239,87.0,0.9392712550607287,0.07692307692307693,desktop,0.06477732793522267,8,0.032388663967611336,4784.5
2303,243,38687.019,W,0.8847736625514403,5,167,visa,0.6255144032921811,87.0,0.9300411522633745,0.10699588477366255,desktop,0.09053497942386832,7,0.02880658436213992,3451.0200000000004
2304,234,27771.899000000005,W,0.8162393162393162,5,179,visa,0.6025641025641025,87.0,0.8974358974358975,0.16666666666666666,desktop,0.1111111111111111,12,0.05128205128205128,3471.0
2305,260,32402.433,W,0.8846153846153846,5,173,visa,0.6692307692307692,87.0,0.9192307692307692,0.09230769230769231,desktop,0.06538461538461539,3,0.011538461538461539,948.0
2306,176,23267.93,W,0.8011363636363636,5,122,visa,0.6022727272727273,87.0,0.8920454545454546,0.19318181818181818,desktop,0.10227272727272728,1,0.005681818181818182,161.0
2307,127,12974.626000000002,W,0.8110236220472441,5,102,visa,0.6771653543307087,87.0,0.84251968503937,0.1889763779527559,mobile,0.10236220472440945,2,0.015748031496062992,105.372
2308,106,15647.84,W,0.8301886792452831,3,83,visa,0.6132075471698113,87.0,0.839622641509434,0.16981132075471697,mobile,0.11320754716981132,4,0.03773584905660377,737.292
2309,59,5041.707,W,0.7288135593220338,5,49,visa,0.6101694915254238,87.0,0.8305084745762712,0.2542372881355932,mobile,0.1694915254237288,0,0.0,
2310,34,4190.744000000001,W,0.7647058823529411,5,29,visa,0.7058823529411765,87.0,0.9117647058823529,0.20588235294117646,desktop,0.14705882352941177,2,0.058823529411764705,1200.0
2311,30,4090.5599999999995,W,0.7333333333333333,3,23,visa,0.5,87.0,0.9,0.26666666666666666,mobile,0.2,5,0.16666666666666666,1500.0
2312,20,1870.1499999999999,W,1.0,1,19,mastercard,0.55,87.0,1.0,0.0,,,1,0.05,141.0
2313,9,868.75,W,0.6666666666666666,3,9,visa,0.6666666666666666,87.0,1.0,0.3333333333333333,desktop,0.3333333333333333,2,0.2222222222222222,300.0
2314,14,2145.65,W,0.7857142857142857,2,12,mastercard,0.5,87.0,1.0,0.21428571428571427,desktop,0.21428571428571427,0,0.0,
2315,28,2725.113,W,0.8928571428571429,3,23,visa,0.75,87.0,0.9285714285714286,0.10714285714285714,desktop,0.07142857142857142,0,0.0,
2316,53,8463.988000000001,W,0.9622641509433962,2,46,visa,0.5849056603773585,87.0,0.9622641509433962,0.03773584905660377,desktop,0.018867924528301886,2,0.03773584905660377,176.346
2317,120,16183.65,W,0.9416666666666667,3,91,mastercard,0.5,87.0,0.95,0.058333333333333334,desktop,0.05,3,0.025,683.95
2318,128,18603.619,W,0.828125,5,103,visa,0.6171875,87.0,0.9375,0.15625,desktop,0.0859375,4,0.03125,1398.0
2319,165,27598.604,W,0.8666666666666667,4,114,visa,0.6303030303030303,87.0,0.9454545454545454,0.10303030303030303,desktop,0.09090909090909091,2,0.012121212121212121,161.107
2320,195,31546.044,W,0.9025641025641026,5,143,visa,0.6,87.0,0.9384615384615385,0.08205128205128205,desktop,0.05128205128205128,4,0.020512820512820513,1653.0
2321,164,23277.847,W,0.8475609756097561,5,129,visa,0.6036585365853658,87.0,0.9024390243902439,0.13414634146341464,desktop,0.08536585365853659,3,0.018292682926829267,984.95
2322,224,37850.421,W,0.84375,5,163,visa,0.6205357142857143,87.0,0.8928571428571429,0.14285714285714285,desktop,0.10267857142857142,14,0.0625,2524.1130000000003
2323,231,39258.951,W,0.8614718614718615,5,163,visa,0.6233766233766234,87.0,0.9567099567099567,0.12121212121212122,desktop,0.11255411255411256,1,0.004329004329004329,209.95
2324,218,32937.017,W,0.8394495412844036,5,153,visa,0.5596330275229358,87.0,0.9036697247706422,0.15137614678899083,desktop,0.11009174311926606,7,0.03211009174311927,565.11
2325,228,33682.009000000005,W,0.7807017543859649,5,154,visa,0.5921052631578947,87.0,0.8596491228070176,0.18859649122807018,desktop,0.12719298245614036,7,0.03070175438596491,890.66
2326,209,26832.354,W,0.7703349282296651,5,140,visa,0.6411483253588517,87.0,0.9138755980861244,0.22488038277511962,desktop,0.15789473684210525,6,0.028708133971291867,1417.95
2327,211,26755.527000000002,W,0.7867298578199052,5,157,visa,0.6540284360189573,87.0,0.9146919431279621,0.1943127962085308,desktop,0.10426540284360189,6,0.02843601895734597,536.0
2328,221,32767.503000000004,W,0.8506787330316742,5,150,visa,0.6244343891402715,87.0,0.9547511312217195,0.12669683257918551,desktop,0.07692307692307693,8,0.03619909502262444,3262.0
2329,178,28337.975000000002,W,0.8707865168539326,5,129,visa,0.6629213483146067,87.0,0.9382022471910112,0.12921348314606743,desktop,0.09550561797752809,3,0.016853932584269662,1568.95
2330,143,22281.325,W,0.8531468531468531,4,106,visa,0.6503496503496503,87.0,0.8741258741258742,0.14685314685314685,desktop,0.1048951048951049,6,0.04195804195804196,1860.068
2331,139,17719.939000000006,W,0.7194244604316546,4,98,visa,0.6618705035971223,87.0,0.762589928057554,0.2805755395683453,desktop,0.20863309352517986,5,0.03597122302158273,494.592
2332,72,8764.223,W,0.6388888888888888,3,57,visa,0.625,87.0,0.6527777777777778,0.3611111111111111,desktop,0.2361111111111111,1,0.013888888888888888,10.354
2333,50,5596.424,W,0.78,4,38,visa,0.54,87.0,0.82,0.2,desktop,0.12,3,0.06,1946.0
2334,33,2686.7200000000003,W,0.7272727272727273,3,26,visa,0.696969696969697,87.0,0.7575757575757576,0.2727272727272727,mobile,0.18181818181818182,5,0.15151515151515152,422.024
2335,22,3199.4539999999997,W,0.8181818181818182,2,19,visa,0.5454545454545454,87.0,0.8181818181818182,0.18181818181818182,mobile,0.13636363636363635,3,0.13636363636363635,362.776
2336,9,451.128,W,0.8888888888888888,2,8,visa,0.5555555555555556,87.0,0.8888888888888888,0.1111111111111111,mobile,0.1111111111111111,1,0.1111111111111111,12.688
2337,9,786.8,W,1.0,1,8,visa,0.7777777777777778,87.0,1.0,0.0,,,0,0.0,
2338,8,1096.4569999999999,W,0.875,2,6,visa,0.75,87.0,0.875,0.125,mobile,0.125,1,0.125,42.657
2339,18,2417.474,W,0.9444444444444444,2,18,visa,0.7777777777777778,87.0,0.9444444444444444,0.05555555555555555,mobile,0.05555555555555555,0,0.0,
2340,50,7365.581,W,0.96,2,44,visa,0.66,87.0,0.96,0.04,desktop,0.04,3,0.06,643.95
2341,97,16324.29,W,0.9278350515463918,3,83,visa,0.5979381443298969,87.0,0.9587628865979382,0.07216494845360824,mobile,0.041237113402061855,2,0.020618556701030927,122.0
2342,125,17755.617,W,0.904,5,105,visa,0.648,87.0,0.976,0.096,desktop,0.08,5,0.04,593.9000000000001
2343,180,33136.702,W,0.8555555555555555,5,117,visa,0.6111111111111112,87.0,0.8944444444444445,0.12222222222222222,desktop,0.08333333333333333,10,0.05555555555555555,571.78
2344,195,26852.381,W,0.7846153846153846,5,147,visa,0.6153846153846154,87.0,0.8871794871794871,0.18974358974358974,desktop,0.1282051282051282,2,0.010256410256410256,138.403
2345,217,35062.768000000004,W,0.8433179723502304,5,150,visa,0.6405529953917051,87.0,0.8894009216589862,0.15207373271889402,desktop,0.12903225806451613,11,0.05069124423963134,828.155
2346,206,40907.603,W,0.8592233009708737,5,134,visa,0.6359223300970874,87.0,0.9174757281553398,0.11650485436893204,desktop,0.08737864077669903,2,0.009708737864077669,268.0
2347,216,39093.382,W,0.8055555555555556,5,142,visa,0.5833333333333334,87.0,0.9027777777777778,0.17592592592592593,desktop,0.12962962962962962,11,0.05092592592592592,2453.5
2348,242,28362.318999999996,W,0.7892561983471075,5,173,visa,0.5950413223140496,87.0,0.8884297520661157,0.19421487603305784,desktop,0.12396694214876033,12,0.049586776859504134,834.985
2349,217,31200.688000000002,W,0.8110599078341014,5,156,visa,0.6036866359447005,87.0,0.8617511520737328,0.18433179723502305,desktop,0.14746543778801843,16,0.07373271889400922,1216.8380000000002
2350,221,36693.591,W,0.7601809954751131,5,144,visa,0.6877828054298643,87.0,0.8235294117647058,0.22624434389140272,desktop,0.12217194570135746,16,0.07239819004524888,1164.2849999999999
2351,234,33030.102,W,0.8247863247863247,5,160,visa,0.6965811965811965,87.0,0.8760683760683761,0.16666666666666666,desktop,0.10683760683760683,9,0.038461538461538464,2807.348
2352,200,27332.676999999996,W,0.86,5,143,visa,0.665,87.0,0.905,0.125,desktop,0.09,11,0.055,2142.2889999999998
2353,194,24159.865,W,0.7628865979381443,5,131,visa,0.654639175257732,87.0,0.8402061855670103,0.23711340206185566,desktop,0.17010309278350516,13,0.06701030927835051,1944.279
2354,165,21703.33,W,0.8,5,114,visa,0.7454545454545455,87.0,0.8424242424242424,0.18181818181818182,desktop,0.11515151515151516,11,0.06666666666666667,1718.0300000000002
2355,142,15009.336,W,0.7605633802816901,5,103,visa,0.7112676056338029,87.0,0.8591549295774648,0.23943661971830985,desktop,0.14788732394366197,5,0.035211267605633804,2642.305
2356,103,8928.653000000002,W,0.5339805825242718,4,63,visa,0.5242718446601942,87.0,0.6504854368932039,0.46601941747572817,desktop,0.2524271844660194,3,0.02912621359223301,88.334
2357,66,7982.948,W,0.7272727272727273,4,51,visa,0.6363636363636364,87.0,0.803030303030303,0.25757575757575757,desktop,0.13636363636363635,1,0.015151515151515152,9.546
2358,32,5011.554,W,0.78125,5,27,visa,0.71875,87.0,0.96875,0.21875,desktop,0.1875,1,0.03125,49.0
2359,19,2264.226,W,0.7894736842105263,2,16,visa,0.6842105263157895,87.0,0.7894736842105263,0.15789473684210525,mobile,0.15789473684210525,6,0.3157894736842105,239.898
2360,14,1416.842,W,0.7857142857142857,3,14,mastercard,0.5,87.0,0.8571428571428571,0.21428571428571427,mobile,0.21428571428571427,2,0.14285714285714285,518.97
2361,8,821.3109999999999,W,0.875,2,7,visa,0.5,87.0,0.875,0.125,desktop,0.125,0,0.0,
2362,11,897.106,W,0.8181818181818182,2,10,visa,0.7272727272727273,87.0,0.8181818181818182,0.18181818181818182,desktop,0.18181818181818182,3,0.2727272727272727,383.336
2363,24,2386.95,W,0.9166666666666666,2,21,visa,0.625,87.0,1.0,0.08333333333333333,mobile,0.08333333333333333,3,0.125,431.5
2364,74,9200.460000000001,W,0.8108108108108109,5,62,visa,0.6351351351351351,87.0,0.9459459459459459,0.1891891891891892,desktop,0.12162162162162163,1,0.013513513513513514,54.0
2365,118,18272.940000000002,W,0.8559322033898306,4,88,visa,0.7372881355932204,87.0,0.9830508474576272,0.1440677966101695,desktop,0.09322033898305085,0,0.0,
2366,156,23063.54,W,0.8076923076923077,5,111,visa,0.7243589743589743,87.0,0.8846153846153846,0.1858974358974359,mobile,0.09615384615384616,19,0.12179487179487179,2080.0499999999997
2367,144,22493.915,W,0.7361111111111112,5,115,visa,0.6736111111111112,87.0,0.9305555555555556,0.2569444444444444,desktop,0.19444444444444445,3,0.020833333333333332,620.95
2368,193,26629.559,W,0.8186528497409327,5,132,visa,0.6217616580310881,87.0,0.9430051813471503,0.17098445595854922,desktop,0.12435233160621761,8,0.04145077720207254,1923.85
2369,241,44002.884000000005,W,0.8132780082987552,5,161,visa,0.6473029045643154,87.0,0.9253112033195021,0.16597510373443983,desktop,0.12863070539419086,8,0.03319502074688797,4413.981
2370,214,30944.112999999998,W,0.7897196261682243,5,153,visa,0.616822429906542,87.0,0.8644859813084113,0.20093457943925233,desktop,0.11682242990654206,2,0.009345794392523364,405.0
2371,203,30779.394,W,0.8275862068965517,5,135,visa,0.6748768472906403,87.0,0.8719211822660099,0.1477832512315271,desktop,0.08374384236453201,3,0.014778325123152709,191.057
2372,240,38551.216,W,0.8333333333333334,5,169,visa,0.7,87.0,0.8916666666666667,0.14583333333333334,desktop,0.08333333333333333,6,0.025,766.0
2373,336,50192.75199999999,W,0.8244047619047619,5,211,visa,0.6369047619047619,87.0,0.8958333333333334,0.15476190476190477,desktop,0.1130952380952381,8,0.023809523809523808,1063.017
2374,384,59487.481999999996,W,0.9348958333333334,5,233,visa,0.6953125,87.0,0.9713541666666666,0.057291666666666664,desktop,0.044270833333333336,9,0.0234375,2357.75
2375,385,43490.691000000006,W,0.9246753246753247,5,229,visa,0.6623376623376623,87.0,0.948051948051948,0.06753246753246753,desktop,0.03896103896103896,3,0.007792207792207792,416.0
2376,207,26593.351000000002,W,0.8647342995169082,5,137,visa,0.642512077294686,87.0,0.9033816425120773,0.12560386473429952,mobile,0.06280193236714976,7,0.033816425120772944,592.014
2377,173,20268.049000000003,W,0.838150289017341,5,119,visa,0.6763005780346821,87.0,0.8959537572254336,0.15606936416184972,mobile,0.09248554913294797,6,0.03468208092485549,1855.834
2378,132,14375.275000000001,W,0.7575757575757576,4,98,visa,0.696969696969697,87.0,0.8560606060606061,0.24242424242424243,desktop,0.15151515151515152,0,0.0,
2379,123,10749.759000000002,W,0.5447154471544715,5,83,visa,0.6178861788617886,87.0,0.6422764227642277,0.45528455284552843,desktop,0.2682926829268293,5,0.04065040650406504,493.852
2380,106,12001.069,W,0.6226415094339622,4,73,visa,0.7075471698113207,87.0,0.6886792452830188,0.37735849056603776,desktop,0.24528301886792453,2,0.018867924528301886,58.486
2381,58,5635.255,W,0.603448275862069,4,45,visa,0.7068965517241379,87.0,0.6551724137931034,0.3620689655172414,desktop,0.20689655172413793,1,0.017241379310344827,27.793
2382,25,2092.34,W,0.6,3,23,visa,0.72,87.0,0.64,0.4,desktop,0.24,2,0.08,61.628
2383,16,1829.093,W,0.75,2,13,visa,0.6875,87.0,0.75,0.25,mobile,0.125,1,0.0625,40.238
2384,14,1801.72,W,0.8571428571428571,3,13,visa,0.7142857142857143,87.0,1.0,0.14285714285714285,desktop,0.07142857142857142,1,0.07142857142857142,554.0
2385,16,2113.163,W,0.6875,2,12,visa,0.8125,87.0,0.6875,0.3125,desktop,0.3125,2,0.125,224.0
2386,19,3321.468,W,0.8947368421052632,2,17,visa,0.7368421052631579,87.0,0.8947368421052632,0.10526315789473684,desktop,0.10526315789473684,2,0.10526315789473684,1097.5
2387,34,4067.7799999999997,W,0.8823529411764706,2,31,visa,0.6176470588235294,87.0,1.0,0.11764705882352941,mobile,0.058823529411764705,0,0.0,
2388,59,5469.741,W,0.8135593220338984,4,46,visa,0.6271186440677966,87.0,0.9491525423728814,0.1864406779661017,desktop,0.1016949152542373,3,0.05084745762711865,150.0
2389,108,17904.0,W,0.8518518518518519,5,84,visa,0.5833333333333334,87.0,0.9907407407407407,0.14814814814814814,desktop,0.12962962962962962,2,0.018518518518518517,890.0
2390,149,27909.767,W,0.8657718120805369,5,118,visa,0.610738255033557,87.0,0.9463087248322147,0.12751677852348994,desktop,0.087248322147651,5,0.03355704697986577,528.76
2391,188,38380.404,W,0.851063829787234,4,151,visa,0.6223404255319149,87.0,0.8936170212765957,0.11702127659574468,desktop,0.10106382978723404,1,0.005319148936170213,966.95
2392,227,40753.436,W,0.8546255506607929,5,154,visa,0.6035242290748899,87.0,0.9427312775330396,0.1277533039647577,desktop,0.1013215859030837,8,0.03524229074889868,2064.5
2393,216,33168.938,W,0.7638888888888888,5,154,visa,0.6388888888888888,87.0,0.8564814814814815,0.18518518518518517,desktop,0.12037037037037036,3,0.013888888888888888,92.718
2394,225,44875.325,W,0.8755555555555555,5,165,visa,0.6622222222222223,87.0,0.9377777777777778,0.1111111111111111,desktop,0.08888888888888889,10,0.044444444444444446,3410.7920000000004
2395,228,31649.137000000002,W,0.8157894736842105,5,143,visa,0.6535087719298246,87.0,0.881578947368421,0.17105263157894737,desktop,0.14473684210526316,14,0.06140350877192982,1035.335
2396,253,35271.316000000006,W,0.7984189723320159,5,181,visa,0.5454545454545454,87.0,0.8735177865612648,0.18181818181818182,desktop,0.12648221343873517,11,0.043478260869565216,1591.319
2397,275,41967.418000000005,W,0.8218181818181818,4,187,visa,0.6181818181818182,87.0,0.88,0.16727272727272727,desktop,0.10545454545454545,13,0.04727272727272727,2373.182
2398,224,31810.322999999997,W,0.8303571428571429,5,151,visa,0.6607142857142857,87.0,0.8973214285714286,0.15178571428571427,desktop,0.10267857142857142,5,0.022321428571428572,490.0
2399,226,36786.859000000004,W,0.8893805309734514,5,153,visa,0.6814159292035398,87.0,0.9292035398230089,0.09734513274336283,desktop,0.05752212389380531,1,0.004424778761061947,39.0
2400,233,36060.60999999999,W,0.8626609442060086,5,158,visa,0.6051502145922747,87.0,0.8969957081545065,0.11158798283261803,desktop,0.060085836909871244,5,0.02145922746781116,930.0
2401,215,26760.707000000002,W,0.8418604651162791,4,138,visa,0.7023255813953488,87.0,0.8651162790697674,0.15348837209302327,desktop,0.09767441860465116,7,0.03255813953488372,718.621
2402,169,23076.316,W,0.8224852071005917,4,120,visa,0.6627218934911243,87.0,0.8579881656804734,0.17159763313609466,mobile,0.13609467455621302,2,0.011834319526627219,207.434
2403,100,10199.103000000001,W,0.86,5,75,visa,0.65,87.0,0.92,0.14,mobile,0.08,2,0.02,44.0
2404,72,12231.75,W,0.7638888888888888,4,56,visa,0.7361111111111112,87.0,0.8055555555555556,0.2361111111111111,mobile,0.1388888888888889,6,0.08333333333333333,514.138
2405,51,8561.954000000002,W,0.7843137254901961,3,42,visa,0.6274509803921569,87.0,0.8235294117647058,0.21568627450980393,desktop,0.13725490196078433,2,0.0392156862745098,300.0
2406,36,3434.0759999999996,W,0.7777777777777778,2,31,visa,0.6388888888888888,87.0,0.7777777777777778,0.2222222222222222,mobile,0.19444444444444445,0,0.0,
2407,10,1195.7340000000002,W,0.6,2,10,visa,0.9,87.0,0.6,0.4,mobile,0.3,1,0.1,35.346
2408,15,1567.748,W,0.7333333333333333,3,13,visa,0.6666666666666666,87.0,0.8,0.26666666666666666,mobile,0.2,1,0.06666666666666667,84.105
2409,4,610.17,W,1.0,1,4,visa,0.75,87.0,1.0,0.0,,,0,0.0,
2410,8,1012.36,W,0.875,2,8,visa,0.625,87.0,1.0,0.125,desktop,0.125,1,0.125,50.0
2411,21,2288.11,W,0.8571428571428571,2,19,visa,0.7619047619047619,87.0,0.9523809523809523,0.14285714285714285,mobile,0.09523809523809523,0,0.0,
2412,41,5187.376,W,0.8780487804878049,4,35,visa,0.7317073170731707,87.0,0.9512195121951219,0.12195121951219512,desktop,0.07317073170731707,0,0.0,
2413,79,11103.881000000001,W,0.8607594936708861,4,67,visa,0.6455696202531646,87.0,0.9620253164556962,0.12658227848101267,desktop,0.0759493670886076,0,0.0,
2414,121,13384.076000000001,W,0.9090909090909091,5,81,visa,0.6446280991735537,87.0,0.9917355371900827,0.09090909090909091,mobile,0.06611570247933884,4,0.03305785123966942,655.0
2415,165,31640.926,W,0.9030303030303031,5,113,visa,0.7393939393939394,87.0,0.9636363636363636,0.09090909090909091,mobile,0.05454545454545454,13,0.07878787878787878,3419.8799999999997
2416,222,25846.763000000003,W,0.8063063063063063,5,170,visa,0.6621621621621622,87.0,0.8873873873873874,0.17567567567567569,desktop,0.11711711711711711,7,0.03153153153153153,354.908
2417,269,38914.77100000001,W,0.862453531598513,5,185,visa,0.6654275092936803,87.0,0.9107806691449815,0.12639405204460966,desktop,0.07434944237918216,5,0.01858736059479554,537.45
2418,258,30403.459,W,0.875968992248062,4,168,visa,0.6201550387596899,87.0,0.9147286821705426,0.10852713178294573,desktop,0.08527131782945736,14,0.05426356589147287,1168.027
2419,225,25619.796000000002,W,0.8088888888888889,5,166,visa,0.6711111111111111,87.0,0.9066666666666666,0.17777777777777778,desktop,0.12444444444444444,12,0.05333333333333334,1227.9319999999998
2420,198,27642.378,W,0.8686868686868687,5,150,visa,0.6313131313131313,87.0,0.9292929292929293,0.13131313131313133,desktop,0.09090909090909091,4,0.020202020202020204,176.293
2421,202,21312.832000000002,W,0.801980198019802,5,147,visa,0.6782178217821783,87.0,0.8663366336633663,0.19306930693069307,mobile,0.10396039603960396,4,0.019801980198019802,326.18600000000004
2422,188,22509.283000000003,W,0.8351063829787234,5,139,visa,0.6648936170212766,87.0,0.898936170212766,0.13829787234042554,desktop,0.0797872340425532,3,0.015957446808510637,511.10699999999997
2423,150,18376.740000000005,W,0.8866666666666667,4,115,visa,0.7333333333333333,87.0,0.92,0.1,desktop,0.07333333333333333,7,0.04666666666666667,1157.184
2424,154,26892.611,W,0.8766233766233766,5,125,visa,0.6753246753246753,87.0,0.9415584415584416,0.12337662337662338,mobile,0.07792207792207792,2,0.012987012987012988,151.12
2425,137,15457.800000000001,W,0.8613138686131386,5,104,visa,0.6642335766423357,87.0,0.9051094890510949,0.1386861313868613,desktop,0.08029197080291971,1,0.0072992700729927005,29.0
2426,7,430.0,H,0.5714285714285714,3,7,visa,0.8571428571428571,87.0,1.0,1.0,mobile,0.7142857142857143,0,0.0,
2427,235,21706.652000000002,W,0.7617021276595745,5,155,visa,0.6638297872340425,87.0,0.8,0.23404255319148937,mobile,0.16170212765957448,14,0.059574468085106386,1017.5400000000001
2428,55,9311.637000000002,W,0.5272727272727272,3,42,visa,0.6181818181818182,87.0,0.5818181818181818,0.4727272727272727,desktop,0.3090909090909091,0,0.0,
2429,47,6767.463,W,0.7872340425531915,3,38,visa,0.6595744680851063,87.0,0.8297872340425532,0.2127659574468085,desktop,0.14893617021276595,2,0.0425531914893617,296.782
2430,26,2481.8140000000003,W,0.6923076923076923,2,23,visa,0.5384615384615384,87.0,0.6923076923076923,0.2692307692307692,desktop,0.19230769230769232,3,0.11538461538461539,180.77700000000002
2431,17,2188.382,C,0.6470588235294118,3,11,mastercard,0.7058823529411765,87.0,0.35294117647058826,0.7058823529411765,desktop,0.5882352941176471,3,0.17647058823529413,48.57900000000001
2432,8,643.957,W,0.875,2,8,visa,0.75,87.0,0.875,0.125,desktop,0.125,1,0.125,44.107
2433,8,1887.85,W,1.0,1,7,visa,0.875,87.0,1.0,0.0,,,0,0.0,
2434,13,1797.645,W,0.8461538461538461,2,13,visa,0.6923076923076923,87.0,0.8461538461538461,0.15384615384615385,mobile,0.15384615384615385,1,0.07692307692307693,44.227
2435,14,1547.15,W,0.7142857142857143,3,13,visa,0.42857142857142855,87.0,1.0,0.2857142857142857,desktop,0.21428571428571427,0,0.0,
2436,55,9037.477,W,0.7818181818181819,5,42,visa,0.6545454545454545,87.0,0.9272727272727272,0.21818181818181817,desktop,0.12727272727272726,7,0.12727272727272726,4327.0
2437,54,6935.161999999998,W,0.8333333333333334,4,44,visa,0.5185185185185185,87.0,0.9259259259259259,0.16666666666666666,mobile,0.1111111111111111,2,0.037037037037037035,450.0
2438,106,11022.716000000002,W,0.7641509433962265,5,89,visa,0.6320754716981132,87.0,0.8773584905660378,0.2169811320754717,desktop,0.14150943396226415,3,0.02830188679245283,292.004
2439,138,17784.224000000002,W,0.8043478260869565,4,101,visa,0.7463768115942029,87.0,0.855072463768116,0.1956521739130435,mobile,0.11594202898550725,3,0.021739130434782608,1253.534
2440,131,15733.234,W,0.8549618320610687,4,103,visa,0.6717557251908397,87.0,0.8931297709923665,0.12213740458015267,desktop,0.061068702290076333,3,0.022900763358778626,184.06799999999998
2441,152,16958.077,W,0.8355263157894737,5,119,visa,0.6578947368421053,87.0,0.9078947368421053,0.16447368421052633,mobile,0.09868421052631579,4,0.02631578947368421,233.06799999999998
2442,170,18121.935,W,0.8470588235294118,5,120,visa,0.6352941176470588,87.0,0.9,0.13529411764705881,desktop,0.11176470588235295,6,0.03529411764705882,980.4639999999999
2443,164,16981.197,W,0.8658536585365854,5,127,visa,0.6707317073170732,87.0,0.8902439024390244,0.10975609756097561,mobile,0.06707317073170732,1,0.006097560975609756,15.0
2444,212,24158.910000000003,W,0.8537735849056604,5,148,visa,0.6084905660377359,87.0,0.9292452830188679,0.1320754716981132,mobile,0.0660377358490566,0,0.0,
2445,215,24812.211,W,0.8372093023255814,5,151,visa,0.6,87.0,0.9023255813953488,0.15348837209302327,mobile,0.10232558139534884,7,0.03255813953488372,1075.115
2446,157,18818.306,W,0.8662420382165605,5,125,visa,0.6305732484076433,87.0,0.9363057324840764,0.12738853503184713,mobile,0.06369426751592357,2,0.012738853503184714,112.95
2447,225,21305.377,W,0.8311111111111111,5,152,visa,0.6888888888888889,87.0,0.8977777777777778,0.14666666666666667,mobile,0.08888888888888889,3,0.013333333333333334,671.99
2448,270,24857.57,W,0.9074074074074074,4,185,visa,0.6814814814814815,87.0,0.9259259259259259,0.08518518518518518,desktop,0.05185185185185185,17,0.06296296296296296,2969.1010000000006
2449,201,18344.734000000004,W,0.835820895522388,5,141,visa,0.6069651741293532,87.0,0.8905472636815921,0.16417910447761194,desktop,0.11940298507462686,5,0.024875621890547265,397.6
2450,141,16563.56,W,0.7304964539007093,4,102,visa,0.7163120567375887,87.0,0.7943262411347518,0.2695035460992908,desktop,0.14184397163120568,3,0.02127659574468085,647.95
2451,91,7943.267000000001,W,0.7472527472527473,4,79,visa,0.7472527472527473,87.0,0.8021978021978022,0.25274725274725274,mobile,0.13186813186813187,2,0.02197802197802198,560.0
2452,79,7410.643,W,0.7468354430379747,5,60,visa,0.759493670886076,87.0,0.8227848101265823,0.24050632911392406,mobile,0.1518987341772152,3,0.0379746835443038,645.0
2453,39,3010.9269999999988,W,0.6410256410256411,3,34,visa,0.6410256410256411,87.0,0.6666666666666666,0.358974358974359,mobile,0.28205128205128205,0,0.0,
2454,30,3202.6899999999996,W,0.6333333333333333,4,24,visa,0.7,87.0,0.7,0.36666666666666664,mobile,0.26666666666666666,7,0.23333333333333334,629.1179999999999
2455,15,1828.9520000000002,W,0.8666666666666667,2,14,visa,0.7333333333333333,87.0,0.8666666666666667,0.13333333333333333,desktop,0.06666666666666667,0,0.0,
2456,10,792.792,W,0.9,2,8,visa,0.7,87.0,0.9,0.1,mobile,0.1,1,0.1,9.992
2457,22,2337.447,W,0.6363636363636364,4,17,visa,0.5909090909090909,87.0,0.9545454545454546,0.36363636363636365,mobile,0.3181818181818182,1,0.045454545454545456,77.0
2458,23,2774.8499999999995,W,0.9565217391304348,2,19,visa,0.782608695652174,87.0,1.0,0.043478260869565216,desktop,0.043478260869565216,0,0.0,
2459,40,4105.5470000000005,W,0.9,2,31,visa,0.7,87.0,0.9,0.1,mobile,0.1,5,0.125,619.797
2460,92,13761.360000000002,W,0.9239130434782609,4,68,visa,0.717391304347826,87.0,1.0,0.07608695652173914,desktop,0.07608695652173914,2,0.021739130434782608,1053.0
2461,120,14486.315999999999,W,0.8583333333333333,5,90,visa,0.6666666666666666,87.0,0.9666666666666667,0.14166666666666666,desktop,0.09166666666666666,1,0.008333333333333333,51.357
2462,149,24661.773,W,0.825503355704698,5,119,visa,0.6308724832214765,87.0,0.9060402684563759,0.16778523489932887,desktop,0.1342281879194631,5,0.03355704697986577,706.7139999999999
2463,158,20905.615000000005,W,0.8417721518987342,5,121,visa,0.6708860759493671,87.0,0.9177215189873418,0.12658227848101267,desktop,0.10759493670886076,0,0.0,
2464,213,32963.174,W,0.812206572769953,5,154,visa,0.6244131455399061,87.0,0.8685446009389671,0.16901408450704225,mobile,0.08450704225352113,6,0.028169014084507043,1159.95
2465,152,29633.163,W,0.7894736842105263,5,116,visa,0.5855263157894737,87.0,0.881578947368421,0.20394736842105263,desktop,0.15789473684210525,4,0.02631578947368421,349.15000000000003
2466,200,25429.012,W,0.7,5,149,visa,0.62,87.0,0.825,0.26,desktop,0.205,7,0.035,589.207
2467,180,22152.546000000002,W,0.7888888888888889,5,139,visa,0.6888888888888889,87.0,0.8888888888888888,0.18333333333333332,desktop,0.10555555555555556,2,0.011111111111111112,591.702
2468,221,43627.756,W,0.8461538461538461,5,169,visa,0.6425339366515838,87.0,0.9366515837104072,0.14027149321266968,desktop,0.09502262443438914,8,0.03619909502262444,1998.292
2469,239,33995.891,W,0.803347280334728,5,163,visa,0.6192468619246861,87.0,0.8828451882845189,0.1799163179916318,desktop,0.1297071129707113,11,0.04602510460251046,1421.4279999999999
2470,239,41251.976,W,0.8410041841004184,5,172,visa,0.606694560669456,87.0,0.9121338912133892,0.1506276150627615,desktop,0.09623430962343096,9,0.03765690376569038,2729.6
2471,242,43704.766,W,0.8677685950413223,5,164,visa,0.6198347107438017,87.0,0.9173553719008265,0.1115702479338843,desktop,0.06611570247933884,6,0.024793388429752067,901.0
2472,231,23574.835000000006,W,0.8528138528138528,4,163,visa,0.5974025974025974,87.0,0.8917748917748918,0.10822510822510822,desktop,0.06926406926406926,3,0.012987012987012988,465.767
2473,187,20958.867000000002,W,0.8074866310160428,5,146,visa,0.7219251336898396,87.0,0.8877005347593583,0.1925133689839572,desktop,0.10160427807486631,6,0.03208556149732621,994.0
2474,131,13870.427,W,0.7633587786259542,5,94,visa,0.5801526717557252,87.0,0.816793893129771,0.22900763358778625,desktop,0.1450381679389313,7,0.05343511450381679,550.778
2475,109,11156.458000000004,W,0.7431192660550459,5,77,visa,0.7614678899082569,87.0,0.7889908256880734,0.25688073394495414,desktop,0.1743119266055046,1,0.009174311926605505,276.0
2476,73,8605.045000000002,W,0.7123287671232876,4,60,visa,0.7123287671232876,87.0,0.7534246575342466,0.2876712328767123,desktop,0.1506849315068493,0,0.0,
2477,51,8272.814000000002,W,0.5294117647058824,4,39,visa,0.5098039215686274,87.0,0.5686274509803921,0.47058823529411764,mobile,0.29411764705882354,8,0.1568627450980392,199.74900000000002
2478,19,2234.446,W,0.7368421052631579,3,18,visa,0.5789473684210527,87.0,0.7894736842105263,0.2631578947368421,mobile,0.2631578947368421,5,0.2631578947368421,1003.926
2479,20,2118.6,W,0.75,4,15,visa,0.9,87.0,1.0,0.25,desktop,0.2,1,0.05,280.0
2480,15,1204.7,W,0.8666666666666667,3,10,visa,0.5333333333333333,87.0,1.0,0.13333333333333333,desktop,0.06666666666666667,0,0.0,
2481,12,867.9540000000001,W,0.8333333333333334,2,12,visa,0.8333333333333334,87.0,0.8333333333333334,0.16666666666666666,mobile,0.16666666666666666,2,0.16666666666666666,88.454
2482,13,2039.7,W,0.8461538461538461,3,11,visa,0.7692307692307693,87.0,1.0,0.15384615384615385,mobile,0.07692307692307693,1,0.07692307692307693,117.0
2483,38,5001.427,W,0.9210526315789473,4,35,visa,0.6842105263157895,87.0,0.9736842105263158,0.07894736842105263,desktop,0.07894736842105263,2,0.05263157894736842,1092.0
2484,88,12596.080000000002,W,0.8977272727272727,4,69,visa,0.6818181818181818,87.0,0.9659090909090909,0.09090909090909091,mobile,0.045454545454545456,2,0.022727272727272728,122.0
2485,104,15930.541,W,0.9038461538461539,4,93,visa,0.5769230769230769,87.0,0.9615384615384616,0.09615384615384616,desktop,0.04807692307692308,0,0.0,
2486,151,22505.222000000005,W,0.847682119205298,5,124,visa,0.6357615894039735,87.0,0.9470198675496688,0.1456953642384106,desktop,0.10596026490066225,9,0.059602649006622516,968.192
2487,190,29238.523999999998,W,0.8789473684210526,5,139,visa,0.5947368421052631,87.0,0.9526315789473684,0.11052631578947368,desktop,0.08947368421052632,1,0.005263157894736842,44.227
2488,181,23576.307000000004,W,0.8066298342541437,5,138,visa,0.6519337016574586,87.0,0.9005524861878453,0.143646408839779,desktop,0.11049723756906077,3,0.016574585635359115,1119.223
2489,211,29734.54,W,0.8199052132701422,5,154,visa,0.6777251184834123,87.0,0.9052132701421801,0.15639810426540285,desktop,0.09004739336492891,10,0.04739336492890995,1176.7440000000001
2490,223,34526.113,W,0.8654708520179372,5,151,visa,0.6591928251121076,87.0,0.9192825112107623,0.1210762331838565,desktop,0.09865470852017937,1,0.004484304932735426,29.0
2491,204,36946.087,W,0.7892156862745098,5,143,visa,0.6029411764705882,87.0,0.8872549019607843,0.19607843137254902,desktop,0.11764705882352941,11,0.05392156862745098,1944.112
2492,215,28679.748,W,0.7488372093023256,5,152,visa,0.6604651162790698,87.0,0.8790697674418605,0.24186046511627907,desktop,0.1813953488372093,6,0.027906976744186046,363.555
2493,225,31328.544,W,0.8444444444444444,5,147,visa,0.6622222222222223,87.0,0.8666666666666667,0.14222222222222222,desktop,0.08444444444444445,6,0.02666666666666667,2920.0
2494,217,30466.444000000003,W,0.7741935483870968,5,159,visa,0.728110599078341,87.0,0.8110599078341014,0.20276497695852536,desktop,0.10599078341013825,9,0.041474654377880185,3212.212
2495,193,22319.047,W,0.8134715025906736,5,134,visa,0.7150259067357513,87.0,0.8549222797927462,0.14507772020725387,desktop,0.09844559585492228,3,0.015544041450777202,593.5
2496,230,27262.912000000004,W,0.8260869565217391,5,160,visa,0.7086956521739131,87.0,0.908695652173913,0.1608695652173913,desktop,0.10434782608695652,13,0.05652173913043478,812.984
2497,174,22338.084000000003,W,0.8333333333333334,5,134,visa,0.5977011494252874,87.0,0.8793103448275862,0.15517241379310345,desktop,0.08045977011494253,2,0.011494252873563218,106.002
2498,118,15890.806000000004,W,0.7627118644067796,5,93,visa,0.6779661016949152,87.0,0.8305084745762712,0.2288135593220339,mobile,0.11864406779661017,4,0.03389830508474576,162.567
2499,95,8633.852,W,0.6421052631578947,3,70,visa,0.7368421052631579,87.0,0.6526315789473685,0.35789473684210527,desktop,0.17894736842105263,0,0.0,
2500,51,6797.521,W,0.6666666666666666,3,40,visa,0.6666666666666666,87.0,0.7843137254901961,0.3333333333333333,desktop,0.27450980392156865,1,0.0196078431372549,8.217
2501,48,5156.880999999999,W,0.7291666666666666,5,39,visa,0.5833333333333334,87.0,0.8125,0.2708333333333333,mobile,0.14583333333333334,2,0.041666666666666664,43.26
2502,31,2641.551,W,0.45161290322580644,5,26,visa,0.6774193548387096,87.0,0.6451612903225806,0.4838709677419355,desktop,0.2903225806451613,3,0.0967741935483871,149.237
2503,12,1606.3930000000003,W,0.8333333333333334,2,11,visa,0.8333333333333334,87.0,0.8333333333333334,0.16666666666666666,desktop,0.08333333333333333,1,0.08333333333333333,310.559
2504,10,2185.85,W,0.7,3,9,visa,0.7,87.0,0.9,0.3,mobile,0.2,2,0.2,100.0
2505,12,2157.6000000000004,W,1.0,1,11,visa,0.75,87.0,1.0,0.0,,,0,0.0,
2506,26,2868.7599999999998,W,0.9615384615384616,2,23,visa,0.5769230769230769,87.0,1.0,0.038461538461538464,desktop,0.038461538461538464,2,0.07692307692307693,343.0
2507,48,6196.864,W,0.9166666666666666,3,44,visa,0.6875,87.0,0.9375,0.08333333333333333,desktop,0.0625,2,0.041666666666666664,77.168
2508,78,7945.056999999999,W,0.9358974358974359,4,65,visa,0.6410256410256411,87.0,0.9871794871794872,0.0641025641025641,desktop,0.05128205128205128,0,0.0,
2509,139,23343.761,W,0.8992805755395683,5,102,visa,0.6546762589928058,87.0,0.9784172661870504,0.10071942446043165,desktop,0.05755395683453238,2,0.014388489208633094,525.0
2510,159,22973.485,W,0.8238993710691824,5,126,visa,0.7358490566037735,87.0,0.9182389937106918,0.1761006289308176,desktop,0.11320754716981132,2,0.012578616352201259,510.0
2511,205,38955.881,W,0.8195121951219512,5,146,visa,0.7317073170731707,87.0,0.9024390243902439,0.15609756097560976,desktop,0.08780487804878048,7,0.03414634146341464,4049.0
2512,188,49453.34999999999,W,0.8031914893617021,5,139,visa,0.6170212765957447,87.0,0.898936170212766,0.15425531914893617,desktop,0.10106382978723404,5,0.026595744680851064,543.567
2513,182,23302.088000000003,W,0.8186813186813187,5,136,visa,0.6538461538461539,87.0,0.8791208791208791,0.15934065934065933,desktop,0.0989010989010989,9,0.04945054945054945,742.94
2514,191,25432.921000000006,W,0.8115183246073299,5,140,visa,0.6492146596858639,87.0,0.8638743455497382,0.15706806282722513,desktop,0.11518324607329843,5,0.02617801047120419,2783.9
2515,200,28981.689,W,0.895,5,133,visa,0.7,87.0,0.92,0.085,desktop,0.065,9,0.045,3340.4700000000003
2516,225,36500.42,W,0.8355555555555556,5,165,visa,0.6533333333333333,87.0,0.9333333333333333,0.15555555555555556,desktop,0.09333333333333334,7,0.03111111111111111,2623.0
2517,241,30496.443,W,0.8049792531120332,5,156,visa,0.6182572614107884,87.0,0.8921161825726142,0.1825726141078838,desktop,0.12448132780082988,10,0.04149377593360996,1540.864
2518,206,39669.77,W,0.7815533980582524,5,148,visa,0.6796116504854369,87.0,0.8640776699029126,0.19902912621359223,desktop,0.11650485436893204,6,0.02912621359223301,952.352
2519,246,33360.667,W,0.7642276422764228,5,159,visa,0.6422764227642277,87.0,0.8414634146341463,0.2073170731707317,desktop,0.10975609756097561,17,0.06910569105691057,2379.988
2520,197,26745.324999999997,W,0.817258883248731,5,152,visa,0.700507614213198,87.0,0.8781725888324873,0.17766497461928935,desktop,0.116751269035533,3,0.015228426395939087,141.142
2521,177,16091.418000000001,W,0.7344632768361582,5,125,visa,0.672316384180791,87.0,0.8305084745762712,0.2655367231638418,desktop,0.1638418079096045,4,0.022598870056497175,442.5
2522,133,15751.713,W,0.7669172932330827,4,98,visa,0.7443609022556391,87.0,0.8571428571428571,0.22556390977443608,mobile,0.13533834586466165,6,0.045112781954887216,516.492
2523,122,15885.301,W,0.7049180327868853,5,89,visa,0.639344262295082,87.0,0.7622950819672131,0.29508196721311475,desktop,0.21311475409836064,0,0.0,
2524,82,7184.961,W,0.5487804878048781,4,57,visa,0.6951219512195121,87.0,0.573170731707317,0.45121951219512196,mobile,0.23170731707317074,7,0.08536585365853659,547.4449999999999
2525,55,5657.386,W,0.6,3,41,visa,0.6363636363636364,87.0,0.6181818181818182,0.38181818181818183,mobile,0.21818181818181817,3,0.05454545454545454,595.618
2526,44,5887.16,W,0.5681818181818182,2,28,visa,0.7727272727272727,87.0,0.5681818181818182,0.4318181818181818,desktop,0.22727272727272727,6,0.13636363636363635,1134.2359999999999
2527,18,2429.0309999999995,W,0.6666666666666666,2,14,visa,0.6111111111111112,87.0,0.6666666666666666,0.3333333333333333,desktop,0.2777777777777778,2,0.1111111111111111,529.0
2528,13,1133.884,W,0.8461538461538461,3,12,mastercard,0.5384615384615384,87.0,0.9230769230769231,0.15384615384615385,desktop,0.15384615384615385,0,0.0,
2529,24,5184.395,W,0.7083333333333334,4,23,visa,0.5833333333333334,87.0,0.8333333333333334,0.2916666666666667,desktop,0.20833333333333334,0,0.0,
2530,20,3234.15,W,0.9,3,18,visa,0.65,87.0,1.0,0.1,mobile,0.1,0,0.0,
2531,49,5976.465999999999,W,0.8979591836734694,4,42,visa,0.7142857142857143,87.0,0.9387755102040817,0.10204081632653061,desktop,0.08163265306122448,5,0.10204081632653061,691.192
2532,79,8790.487000000003,W,0.8607594936708861,5,60,visa,0.6455696202531646,87.0,0.9746835443037974,0.13924050632911392,desktop,0.10126582278481013,2,0.02531645569620253,528.5
2533,111,17889.653000000002,W,0.8738738738738738,5,86,visa,0.6216216216216216,87.0,0.954954954954955,0.11711711711711711,mobile,0.06306306306306306,3,0.02702702702702703,526.95
2534,131,21639.243000000002,W,0.8854961832061069,5,101,visa,0.6717557251908397,87.0,0.9618320610687023,0.11450381679389313,desktop,0.0916030534351145,4,0.030534351145038167,895.0
2535,168,24654.854,W,0.8035714285714286,5,128,visa,0.5952380952380952,87.0,0.8690476190476191,0.18452380952380953,desktop,0.14285714285714285,9,0.05357142857142857,1171.0
2536,211,32263.781000000003,W,0.8199052132701422,5,142,visa,0.6398104265402843,87.0,0.8767772511848341,0.14691943127962084,desktop,0.0995260663507109,5,0.023696682464454975,1191.0
2537,209,32094.645,W,0.7703349282296651,5,163,visa,0.6650717703349283,87.0,0.8421052631578947,0.19138755980861244,desktop,0.13875598086124402,8,0.03827751196172249,3118.0
2538,180,26015.417,W,0.8555555555555555,5,135,visa,0.6833333333333333,87.0,0.8944444444444445,0.11666666666666667,desktop,0.1111111111111111,5,0.027777777777777776,488.0
2539,190,26422.730000000003,W,0.7736842105263158,5,151,visa,0.6210526315789474,87.0,0.868421052631579,0.22105263157894736,desktop,0.16842105263157894,7,0.03684210526315789,1109.047
2540,188,34716.192,W,0.824468085106383,5,136,visa,0.648936170212766,87.0,0.9042553191489362,0.17553191489361702,desktop,0.1276595744680851,11,0.05851063829787234,4197.739
2541,192,36554.725,W,0.8072916666666666,5,136,visa,0.7083333333333334,87.0,0.90625,0.1875,desktop,0.14583333333333334,10,0.052083333333333336,1046.8619999999999
2542,243,33108.373999999996,W,0.7325102880658436,5,158,visa,0.6049382716049383,87.0,0.8148148148148148,0.24279835390946503,desktop,0.18518518518518517,20,0.0823045267489712,3235.5350000000003
2543,198,31290.231000000003,W,0.7676767676767676,5,133,visa,0.6767676767676768,87.0,0.8383838383838383,0.2222222222222222,desktop,0.17676767676767677,12,0.06060606060606061,859.164
2544,189,29552.908,W,0.656084656084656,5,131,visa,0.6613756613756614,87.0,0.8095238095238095,0.2751322751322751,desktop,0.17989417989417988,12,0.06349206349206349,1963.076
2545,155,20434.538,W,0.7161290322580646,5,118,visa,0.6709677419354839,87.0,0.8064516129032258,0.27741935483870966,mobile,0.14193548387096774,8,0.05161290322580645,1141.817
2546,115,9485.298000000003,W,0.6956521739130435,5,79,visa,0.6521739130434783,87.0,0.7478260869565218,0.30434782608695654,desktop,0.2,7,0.06086956521739131,769.783
2547,107,16357.289,W,0.5794392523364486,4,77,visa,0.6355140186915887,87.0,0.6074766355140186,0.40186915887850466,mobile,0.24299065420560748,8,0.07476635514018691,485.47400000000005
2548,85,6418.776,C,0.5176470588235295,3,57,visa,0.6588235294117647,87.0,0.4823529411764706,0.5411764705882353,desktop,0.36470588235294116,5,0.058823529411764705,469.856
2549,46,6505.801000000001,C,0.5217391304347826,3,30,visa,0.6304347826086957,87.0,0.4782608695652174,0.5434782608695652,desktop,0.5,2,0.043478260869565216,3197.163
2550,36,5434.142,W,0.5833333333333334,2,25,visa,0.75,87.0,0.5833333333333334,0.4166666666666667,mobile,0.2222222222222222,3,0.08333333333333333,3212.598
2551,16,1270.608,W,0.625,2,13,visa,0.875,87.0,0.625,0.375,desktop,0.25,2,0.125,28.276
2552,13,2982.6719999999996,W,0.8461538461538461,2,12,visa,0.6923076923076923,87.0,0.8461538461538461,0.15384615384615385,mobile,0.15384615384615385,3,0.23076923076923078,468.322
2553,13,1389.9030000000002,W,0.7692307692307693,2,13,mastercard,0.5384615384615384,87.0,0.7692307692307693,0.23076923076923078,desktop,0.15384615384615385,0,0.0,
2554,31,6564.820999999999,W,0.967741935483871,2,24,visa,0.6129032258064516,87.0,0.967741935483871,0.03225806451612903,mobile,0.03225806451612903,3,0.0967741935483871,788.0
2555,50,8038.95,W,1.0,1,45,visa,0.68,87.0,1.0,0.0,,,1,0.02,737.0
2556,71,9675.238000000001,W,0.8450704225352113,4,58,visa,0.5070422535211268,87.0,0.9014084507042254,0.15492957746478872,desktop,0.11267605633802817,1,0.014084507042253521,1541.0
2557,104,16604.605000000003,W,0.8557692307692307,5,81,visa,0.7019230769230769,87.0,0.9615384615384616,0.14423076923076922,desktop,0.08653846153846154,0,0.0,
2558,159,23207.623000000003,W,0.8553459119496856,5,124,visa,0.6226415094339622,87.0,0.9433962264150944,0.13836477987421383,desktop,0.09433962264150944,3,0.018867924528301886,754.0
2559,185,26932.156000000003,W,0.8162162162162162,5,142,visa,0.6972972972972973,87.0,0.9027027027027027,0.1783783783783784,desktop,0.12972972972972974,2,0.010810810810810811,465.059
2560,232,40018.363999999994,W,0.7758620689655172,5,162,visa,0.7025862068965517,87.0,0.853448275862069,0.2025862068965517,desktop,0.14224137931034483,8,0.034482758620689655,2751.8
2561,253,39049.708,W,0.7786561264822134,5,168,visa,0.7470355731225297,87.0,0.8656126482213439,0.2015810276679842,desktop,0.15810276679841898,10,0.039525691699604744,662.7080000000001
2562,226,35326.585,W,0.7300884955752213,5,156,visa,0.6504424778761062,87.0,0.7876106194690266,0.2168141592920354,desktop,0.15486725663716813,14,0.061946902654867256,1722.551
2563,203,27365.444000000003,W,0.7487684729064039,5,142,visa,0.6600985221674877,87.0,0.8620689655172413,0.23645320197044334,desktop,0.1625615763546798,19,0.09359605911330049,3500.254
2564,230,32832.990000000005,W,0.8304347826086956,5,156,visa,0.7260869565217392,87.0,0.8652173913043478,0.1391304347826087,mobile,0.06956521739130435,13,0.05652173913043478,2912.023
2565,234,43686.270000000004,W,0.8205128205128205,5,181,visa,0.6025641025641025,87.0,0.8931623931623932,0.16666666666666666,desktop,0.09829059829059829,5,0.021367521367521368,1370.313
2566,236,37242.431,W,0.7584745762711864,5,163,visa,0.6398305084745762,87.0,0.8516949152542372,0.23728813559322035,desktop,0.17796610169491525,9,0.038135593220338986,430.11
2567,232,28939.533,W,0.7370689655172413,5,166,visa,0.6293103448275862,87.0,0.8060344827586207,0.23706896551724138,desktop,0.15948275862068967,14,0.0603448275862069,1480.8639999999998
2568,233,37331.526,W,0.8326180257510729,5,164,visa,0.6652360515021459,87.0,0.871244635193133,0.13733905579399142,desktop,0.06866952789699571,0,0.0,
2569,153,18116.061,W,0.7516339869281046,5,122,visa,0.6143790849673203,87.0,0.8496732026143791,0.24836601307189543,desktop,0.12418300653594772,9,0.058823529411764705,1214.92
2570,135,17953.761000000002,W,0.6444444444444445,5,91,visa,0.7481481481481481,87.0,0.762962962962963,0.35555555555555557,mobile,0.24444444444444444,7,0.05185185185185185,1539.0859999999998
2571,98,8149.062,W,0.6632653061224489,4,72,visa,0.7244897959183674,87.0,0.7857142857142857,0.32653061224489793,mobile,0.21428571428571427,0,0.0,
2572,62,5608.712999999999,W,0.6451612903225806,2,49,visa,0.6935483870967742,87.0,0.6451612903225806,0.3387096774193548,mobile,0.1774193548387097,4,0.06451612903225806,138.905
2573,54,5259.553000000001,W,0.5740740740740741,4,37,visa,0.5925925925925926,87.0,0.6296296296296297,0.42592592592592593,desktop,0.2777777777777778,1,0.018518518518518517,16.434
2574,16,1146.543,W,0.6875,2,14,visa,0.6875,87.0,0.6875,0.25,mobile,0.1875,0,0.0,
2575,46,2264.395,C,0.7608695652173914,3,24,visa,0.717391304347826,87.0,0.2391304347826087,0.8260869565217391,mobile,0.6956521739130435,14,0.30434782608695654,760.9519999999998
2576,8,439.538,W,0.625,2,8,mastercard,0.5,87.0,0.625,0.375,desktop,0.375,1,0.125,22.114
2577,7,203.12699999999998,W,0.7142857142857143,2,6,visa,0.8571428571428571,87.0,0.7142857142857143,0.2857142857142857,mobile,0.14285714285714285,1,0.14285714285714285,13.292
2578,16,2077.092,W,0.6875,5,16,visa,0.6875,87.0,0.9375,0.3125,desktop,0.25,4,0.25,880.2919999999999
2579,31,5393.910999999999,W,0.7741935483870968,4,26,visa,0.9032258064516129,87.0,0.9032258064516129,0.22580645161290322,desktop,0.16129032258064516,4,0.12903225806451613,1097.561
2580,49,5489.233,W,0.8163265306122449,4,42,visa,0.7142857142857143,87.0,0.9795918367346939,0.1836734693877551,mobile,0.14285714285714285,3,0.061224489795918366,450.0
2581,98,11231.862000000001,W,0.7142857142857143,4,83,visa,0.6530612244897959,87.0,0.826530612244898,0.2857142857142857,mobile,0.1836734693877551,5,0.05102040816326531,158.905
2582,132,15391.133,W,0.7878787878787878,5,100,visa,0.7121212121212122,87.0,0.8636363636363636,0.21212121212121213,desktop,0.12878787878787878,2,0.015151515151515152,257.781
2583,154,20958.777000000002,W,0.7727272727272727,5,121,visa,0.6363636363636364,87.0,0.8376623376623377,0.19480519480519481,desktop,0.13636363636363635,5,0.032467532467532464,290.02
2584,185,18837.849000000002,W,0.7081081081081081,5,118,visa,0.6594594594594595,87.0,0.7837837837837838,0.2702702702702703,desktop,0.2,6,0.032432432432432434,878.7189999999999
2585,171,23514.811,W,0.8128654970760234,5,132,visa,0.6608187134502924,87.0,0.8947368421052632,0.1695906432748538,mobile,0.0935672514619883,3,0.017543859649122806,966.99
2586,209,27394.635,W,0.7559808612440191,5,141,visa,0.69377990430622,87.0,0.8133971291866029,0.22966507177033493,desktop,0.11961722488038277,13,0.06220095693779904,1878.883
2587,202,26038.794,W,0.7722772277227723,5,144,visa,0.6683168316831684,87.0,0.8613861386138614,0.21287128712871287,desktop,0.11386138613861387,17,0.08415841584158416,1002.9110000000001
2588,186,23979.721,W,0.8655913978494624,5,135,visa,0.6827956989247311,87.0,0.9139784946236559,0.12365591397849462,desktop,0.08602150537634409,6,0.03225806451612903,2971.13
2589,194,20923.086000000003,W,0.8144329896907216,5,142,visa,0.634020618556701,87.0,0.9020618556701031,0.18041237113402062,desktop,0.11855670103092783,6,0.030927835051546393,1281.03
2590,201,21119.904000000002,W,0.7562189054726368,5,138,visa,0.7014925373134329,87.0,0.8208955223880597,0.22885572139303484,mobile,0.14427860696517414,5,0.024875621890547265,576.959
2591,169,19154.202999999998,W,0.757396449704142,5,129,visa,0.650887573964497,87.0,0.8402366863905325,0.22485207100591717,desktop,0.1301775147928994,11,0.0650887573964497,2331.1180000000004
2592,182,23355.633,W,0.8791208791208791,3,141,visa,0.6648351648351648,87.0,0.8846153846153846,0.1043956043956044,mobile,0.06043956043956044,7,0.038461538461538464,3658.756
2593,58,4093.7390000000005,W,0.4482758620689655,5,47,visa,0.6724137931034483,87.0,0.6206896551724138,0.5172413793103449,desktop,0.3103448275862069,8,0.13793103448275862,596.237
2594,44,2713.815,C,0.5681818181818182,4,34,visa,0.5909090909090909,87.0,0.4318181818181818,0.7954545454545454,mobile,0.5,6,0.13636363636363635,78.96000000000001
2595,44,3846.7740000000003,W,0.4772727272727273,4,34,visa,0.5909090909090909,87.0,0.6136363636363636,0.5,desktop,0.36363636363636365,1,0.022727272727272728,42.001
2596,53,5054.565,W,0.660377358490566,5,47,visa,0.7169811320754716,87.0,0.7735849056603774,0.33962264150943394,mobile,0.32075471698113206,0,0.0,
2597,60,6165.268999999999,W,0.5,5,37,visa,0.7333333333333333,87.0,0.5666666666666667,0.5,desktop,0.4166666666666667,4,0.06666666666666667,111.07699999999998
2598,17,1438.4759999999999,W,0.7058823529411765,2,16,visa,0.7647058823529411,87.0,0.7058823529411765,0.29411764705882354,desktop,0.23529411764705882,0,0.0,
2599,7,3121.685,W,0.7142857142857143,2,7,visa,0.7142857142857143,87.0,0.7142857142857143,0.2857142857142857,mobile,0.14285714285714285,1,0.14285714285714285,42.777
2600,13,1993.214,W,0.6923076923076923,3,10,visa,0.46153846153846156,87.0,0.8461538461538461,0.3076923076923077,mobile,0.15384615384615385,2,0.15384615384615385,265.364
2601,14,1542.8930000000003,W,0.7857142857142857,3,12,visa,0.7857142857142857,87.0,0.9285714285714286,0.21428571428571427,mobile,0.21428571428571427,1,0.07142857142857142,527.0
2602,6,339.60900000000004,W,0.6666666666666666,3,6,visa,1.0,87.0,0.8333333333333334,0.3333333333333333,mobile,0.16666666666666666,0,0.0,
2603,24,2363.801,W,0.5833333333333334,4,19,visa,0.625,87.0,0.875,0.4166666666666667,mobile,0.375,5,0.20833333333333334,250.0
2604,45,4191.393,W,0.8888888888888888,3,39,visa,0.7555555555555555,87.0,0.9111111111111111,0.1111111111111111,mobile,0.1111111111111111,0,0.0,
2605,64,8008.244999999999,W,0.78125,3,53,visa,0.65625,87.0,0.796875,0.21875,mobile,0.171875,1,0.015625,20.543
2606,118,12390.080000000004,W,0.8898305084745762,3,91,visa,0.6779661016949152,87.0,0.9067796610169492,0.11016949152542373,desktop,0.059322033898305086,5,0.0423728813559322,318.332
2607,115,13179.282000000001,W,0.8347826086956521,4,93,visa,0.6521739130434783,87.0,0.8869565217391304,0.13043478260869565,desktop,0.06956521739130435,1,0.008695652173913044,70.691
2608,151,16667.764000000003,W,0.7417218543046358,5,113,visa,0.609271523178808,87.0,0.7947019867549668,0.2119205298013245,desktop,0.11258278145695365,1,0.006622516556291391,664.0
2609,172,17184.912000000004,W,0.8255813953488372,5,136,visa,0.6744186046511628,87.0,0.8837209302325582,0.1744186046511628,desktop,0.09883720930232558,4,0.023255813953488372,547.95
2610,181,21443.282000000003,W,0.7458563535911602,5,130,visa,0.6906077348066298,87.0,0.8121546961325967,0.2265193370165746,mobile,0.11602209944751381,8,0.04419889502762431,1739.0
2611,188,24610.841999999997,W,0.7553191489361702,5,138,visa,0.6223404255319149,87.0,0.8457446808510638,0.22340425531914893,desktop,0.1276595744680851,6,0.031914893617021274,766.0
2612,142,17897.929000000004,W,0.7746478873239436,5,117,visa,0.5704225352112676,87.0,0.852112676056338,0.19718309859154928,mobile,0.1056338028169014,10,0.07042253521126761,1221.38
2613,173,17563.017,W,0.8786127167630058,5,124,visa,0.6820809248554913,87.0,0.9190751445086706,0.12138728323699421,desktop,0.07514450867052024,5,0.028901734104046242,1160.0
2614,205,24219.247000000003,W,0.8731707317073171,5,139,visa,0.7317073170731707,87.0,0.9170731707317074,0.12195121951219512,desktop,0.07804878048780488,7,0.03414634146341464,2565.0
2615,211,23741.928,W,0.8151658767772512,5,154,visa,0.6066350710900474,87.0,0.8957345971563981,0.15639810426540285,desktop,0.08530805687203792,13,0.061611374407582936,2647.4669999999996
2616,190,16920.411000000004,W,0.8842105263157894,5,142,visa,0.7,87.0,0.9105263157894737,0.11052631578947368,mobile,0.05789473684210526,4,0.021052631578947368,796.5
2617,176,15725.332000000002,W,0.8181818181818182,5,127,visa,0.6193181818181818,87.0,0.9034090909090909,0.18181818181818182,desktop,0.11363636363636363,2,0.011363636363636364,290.0
2618,129,10669.934000000001,W,0.8217054263565892,4,93,visa,0.7364341085271318,87.0,0.8449612403100775,0.17829457364341086,desktop,0.10852713178294573,1,0.007751937984496124,35.0
2619,91,9650.435000000001,W,0.7362637362637363,5,68,visa,0.5604395604395604,87.0,0.8131868131868132,0.26373626373626374,mobile,0.14285714285714285,4,0.04395604395604396,905.434
2620,65,3440.2110000000002,W,0.5538461538461539,3,48,visa,0.6923076923076923,87.0,0.5846153846153846,0.4461538461538462,desktop,0.3230769230769231,5,0.07692307692307693,73.954
2621,39,11105.322,W,0.717948717948718,5,31,visa,0.7948717948717948,87.0,0.7948717948717948,0.2564102564102564,mobile,0.15384615384615385,0,0.0,
2622,32,1745.013,C,0.71875,2,18,visa,0.78125,87.0,0.28125,0.625,mobile,0.3125,3,0.09375,497.376
2623,15,1671.715,W,0.6666666666666666,3,13,visa,0.6,87.0,0.8,0.3333333333333333,desktop,0.26666666666666666,0,0.0,
2624,6,1012.224,W,0.8333333333333334,2,5,visa,1.0,87.0,0.8333333333333334,0.16666666666666666,desktop,0.16666666666666666,1,0.16666666666666666,106.5
2625,17,2490.813,W,0.8235294117647058,3,16,visa,0.6470588235294118,87.0,0.8823529411764706,0.17647058823529413,desktop,0.11764705882352941,1,0.058823529411764705,107.0
2626,23,4386.82,W,1.0,1,21,visa,0.6086956521739131,87.0,1.0,0.0,,,2,0.08695652173913043,331.5
2627,55,5717.929999999999,W,0.9454545454545454,2,41,visa,0.509090909090909,87.0,1.0,0.05454545454545454,desktop,0.03636363636363636,1,0.01818181818181818,59.0
2628,89,16381.782,W,0.898876404494382,5,74,visa,0.651685393258427,87.0,0.9887640449438202,0.0898876404494382,desktop,0.06741573033707865,6,0.06741573033707865,2549.0
2629,137,27636.097999999998,W,0.8467153284671532,5,105,visa,0.6204379562043796,87.0,0.948905109489051,0.15328467153284672,desktop,0.10948905109489052,6,0.043795620437956206,2076.95
2630,136,24379.234,W,0.8382352941176471,5,105,visa,0.6397058823529411,87.0,0.9117647058823529,0.16176470588235295,desktop,0.11029411764705882,3,0.022058823529411766,1140.0
2631,188,35438.72,W,0.75,5,126,visa,0.5319148936170213,87.0,0.8776595744680851,0.2393617021276596,desktop,0.1595744680851064,3,0.015957446808510637,611.95
2632,196,33689.991,W,0.8214285714285714,5,149,visa,0.5816326530612245,87.0,0.8979591836734694,0.14795918367346939,desktop,0.09183673469387756,6,0.030612244897959183,3358.031
2633,183,22774.459000000003,W,0.8087431693989071,5,131,visa,0.5846994535519126,87.0,0.8743169398907104,0.16393442622950818,desktop,0.10382513661202186,5,0.0273224043715847,422.95
2634,219,35353.619,W,0.7808219178082192,5,162,visa,0.5799086757990868,87.0,0.8538812785388128,0.2100456621004566,desktop,0.1232876712328767,15,0.0684931506849315,3168.437999999999
2635,231,40712.099,W,0.7748917748917749,5,157,visa,0.6493506493506493,87.0,0.8528138528138528,0.21212121212121213,mobile,0.11255411255411256,18,0.07792207792207792,3201.9210000000003
2636,223,30036.783000000003,W,0.7802690582959642,5,157,visa,0.6233183856502242,87.0,0.8699551569506726,0.19282511210762332,desktop,0.15246636771300448,5,0.02242152466367713,1200.647
2637,242,47867.181,W,0.78099173553719,5,168,visa,0.6694214876033058,87.0,0.8884297520661157,0.2066115702479339,mobile,0.10743801652892562,13,0.05371900826446281,4857.9169999999995
2638,220,32114.944,W,0.8,5,158,visa,0.5727272727272728,87.0,0.8590909090909091,0.17272727272727273,desktop,0.08636363636363636,8,0.03636363636363636,3435.996
2639,249,39476.320999999996,W,0.7871485943775101,5,164,visa,0.6345381526104418,87.0,0.8473895582329317,0.17269076305220885,desktop,0.10040160642570281,21,0.08433734939759036,2958.4429999999998
2640,222,27416.397,W,0.8423423423423423,5,163,visa,0.6621621621621622,87.0,0.8873873873873874,0.14414414414414414,desktop,0.08108108108108109,8,0.036036036036036036,1055.408
2641,196,23833.499000000003,W,0.7653061224489796,5,136,visa,0.673469387755102,87.0,0.8622448979591837,0.20918367346938777,desktop,0.1683673469387755,5,0.025510204081632654,608.98
2642,136,13808.788,W,0.7941176470588235,5,96,visa,0.7205882352941176,87.0,0.8970588235294118,0.20588235294117646,desktop,0.15441176470588236,3,0.022058823529411766,99.352
2643,107,12766.925,W,0.822429906542056,4,77,visa,0.6915887850467289,87.0,0.8411214953271028,0.17757009345794392,desktop,0.14953271028037382,2,0.018691588785046728,58.909
2644,70,5532.994,W,0.6285714285714286,4,59,visa,0.7142857142857143,87.0,0.7142857142857143,0.35714285714285715,desktop,0.18571428571428572,4,0.05714285714285714,112.925
2645,55,4338.462,W,0.5818181818181818,3,40,visa,0.8363636363636363,87.0,0.6,0.41818181818181815,desktop,0.2545454545454545,8,0.14545454545454545,125.43
2646,25,4418.903,W,0.76,3,21,visa,0.8,87.0,0.88,0.24,desktop,0.2,0,0.0,
2647,17,1722.874,W,0.9411764705882353,2,15,visa,0.6470588235294118,87.0,0.9411764705882353,0.058823529411764705,desktop,0.058823529411764705,0,0.0,
2648,7,746.215,W,0.7142857142857143,3,7,visa,0.8571428571428571,87.0,0.8571428571428571,0.2857142857142857,desktop,0.2857142857142857,0,0.0,
2649,16,3703.022,W,0.875,3,15,visa,0.5625,87.0,0.9375,0.125,mobile,0.0625,1,0.0625,49.0
2650,14,1294.0700000000002,W,0.7857142857142857,3,14,visa,0.5,87.0,0.8571428571428571,0.21428571428571427,desktop,0.21428571428571427,0,0.0,
2651,36,3380.1919999999996,W,0.75,4,33,visa,0.5277777777777778,87.0,0.8888888888888888,0.2222222222222222,mobile,0.1111111111111111,0,0.0,
2652,89,10881.965,W,0.8876404494382022,5,80,visa,0.651685393258427,87.0,0.9662921348314607,0.10112359550561797,desktop,0.06741573033707865,2,0.02247191011235955,1043.0
2653,153,27103.660000000003,W,0.9084967320261438,5,110,visa,0.5816993464052288,87.0,0.954248366013072,0.0915032679738562,desktop,0.06535947712418301,8,0.05228758169934641,4519.356
2654,129,23181.844,W,0.8527131782945736,5,106,visa,0.6201550387596899,87.0,0.9534883720930233,0.13953488372093023,desktop,0.10852713178294573,4,0.031007751937984496,1523.0
2655,175,23380.558,W,0.8228571428571428,5,134,visa,0.6857142857142857,87.0,0.9257142857142857,0.15428571428571428,desktop,0.11428571428571428,5,0.02857142857142857,2430.1859999999997
2656,198,32531.669,W,0.7929292929292929,5,149,visa,0.6919191919191919,87.0,0.8636363636363636,0.16666666666666666,desktop,0.13131313131313133,7,0.03535353535353535,376.258
2657,185,30069.1,W,0.7567567567567568,5,144,visa,0.6324324324324324,87.0,0.8486486486486486,0.20540540540540542,desktop,0.15135135135135136,14,0.07567567567567568,3740.822
2658,194,34963.893,W,0.845360824742268,5,147,visa,0.6855670103092784,87.0,0.9072164948453608,0.12886597938144329,desktop,0.09278350515463918,12,0.061855670103092786,4514.902
2659,180,23276.205,W,0.8111111111111111,5,129,visa,0.65,87.0,0.9222222222222223,0.17777777777777778,desktop,0.14444444444444443,1,0.005555555555555556,226.0
2660,202,35013.784,W,0.8811881188118812,5,141,visa,0.7128712871287128,87.0,0.9504950495049505,0.10396039603960396,desktop,0.06435643564356436,12,0.0594059405940594,1857.639
2661,225,30351.247,W,0.8711111111111111,5,166,visa,0.7111111111111111,87.0,0.92,0.1111111111111111,desktop,0.07111111111111111,12,0.05333333333333334,375.447
2662,187,23762.744000000002,W,0.839572192513369,5,141,visa,0.6737967914438503,87.0,0.9037433155080213,0.15508021390374332,desktop,0.11764705882352941,5,0.026737967914438502,259.561
2663,200,26231.616,W,0.85,5,149,visa,0.595,87.0,0.89,0.13,desktop,0.08,4,0.02,522.851
2664,174,18287.08,W,0.867816091954023,5,123,visa,0.6436781609195402,87.0,0.8908045977011494,0.10344827586206896,desktop,0.06896551724137931,2,0.011494252873563218,149.95
2665,170,22840.286,W,0.8352941176470589,5,126,visa,0.6411764705882353,87.0,0.9,0.16470588235294117,mobile,0.08235294117647059,1,0.0058823529411764705,14.985
2666,136,14334.147,W,0.7426470588235294,4,96,visa,0.6176470588235294,87.0,0.8235294117647058,0.23529411764705882,desktop,0.16911764705882354,1,0.007352941176470588,113.0
2667,122,11515.974000000002,W,0.6065573770491803,5,81,visa,0.6967213114754098,87.0,0.6721311475409836,0.3770491803278688,desktop,0.28688524590163933,4,0.03278688524590164,373.712
2668,79,5621.0070000000005,W,0.5822784810126582,5,58,visa,0.6075949367088608,87.0,0.6329113924050633,0.4177215189873418,desktop,0.21518987341772153,7,0.08860759493670886,337.505
2669,36,3724.225,W,0.5555555555555556,5,28,visa,0.6111111111111112,87.0,0.6388888888888888,0.4444444444444444,mobile,0.2777777777777778,2,0.05555555555555555,151.45
2670,18,1939.384,W,0.9444444444444444,2,16,visa,0.5555555555555556,87.0,0.9444444444444444,0.05555555555555555,mobile,0.05555555555555555,0,0.0,
2671,11,1104.115,W,0.9090909090909091,2,10,visa,0.7272727272727273,87.0,0.9090909090909091,0.09090909090909091,mobile,0.09090909090909091,2,0.18181818181818182,165.215
2672,8,990.6800000000001,W,1.0,1,8,visa,0.625,87.0,1.0,0.0,,,1,0.125,77.95
2673,9,1146.6699999999998,W,1.0,1,9,visa,0.7777777777777778,87.0,1.0,0.0,,,0,0.0,
2674,18,1262.42,W,0.8888888888888888,3,18,visa,0.6111111111111112,87.0,0.9444444444444444,0.1111111111111111,desktop,0.1111111111111111,1,0.05555555555555555,117.0
2675,46,7684.29,W,0.8913043478260869,2,37,visa,0.5217391304347826,87.0,1.0,0.10869565217391304,mobile,0.10869565217391304,2,0.043478260869565216,278.0
2676,77,7754.544000000001,W,0.935064935064935,5,62,visa,0.7012987012987013,87.0,0.987012987012987,0.06493506493506493,mobile,0.03896103896103896,3,0.03896103896103896,365.0
2677,138,20608.328,W,0.855072463768116,5,110,visa,0.6159420289855072,87.0,0.9347826086956522,0.12318840579710146,desktop,0.10144927536231885,6,0.043478260869565216,860.0
2678,184,32329.724,W,0.8695652173913043,5,126,visa,0.6413043478260869,87.0,0.9184782608695652,0.13043478260869565,desktop,0.10326086956521739,3,0.016304347826086956,702.0740000000001
2679,196,29492.209000000003,W,0.8520408163265306,5,143,visa,0.6785714285714286,87.0,0.923469387755102,0.14285714285714285,desktop,0.10204081632653061,9,0.04591836734693878,1471.025
2680,219,37222.868,W,0.8356164383561644,5,150,visa,0.6210045662100456,87.0,0.9178082191780822,0.1415525114155251,desktop,0.0867579908675799,5,0.0228310502283105,1120.94
2681,216,37510.314,W,0.8101851851851852,5,152,visa,0.6944444444444444,87.0,0.8796296296296297,0.18055555555555555,desktop,0.11574074074074074,8,0.037037037037037035,861.0889999999999
2682,229,34333.853,W,0.8558951965065502,5,164,visa,0.6331877729257642,87.0,0.9213973799126638,0.12663755458515283,desktop,0.1091703056768559,5,0.021834061135371178,615.904
2683,227,38854.334,W,0.775330396475771,5,152,visa,0.6079295154185022,87.0,0.8634361233480177,0.20704845814977973,desktop,0.13215859030837004,7,0.030837004405286344,639.465
2684,223,32686.568,W,0.8116591928251121,5,146,visa,0.6860986547085202,87.0,0.8609865470852018,0.17488789237668162,desktop,0.09417040358744394,8,0.03587443946188341,1496.365
2685,211,35695.557,W,0.8483412322274881,5,151,visa,0.7203791469194313,87.0,0.8815165876777251,0.11848341232227488,desktop,0.0995260663507109,7,0.03317535545023697,645.568
2686,221,28091.727000000006,W,0.8371040723981901,5,148,visa,0.6787330316742082,87.0,0.9004524886877828,0.13122171945701358,desktop,0.09049773755656108,9,0.04072398190045249,1469.95
2687,212,27859.283000000003,W,0.8584905660377359,5,156,visa,0.6367924528301887,87.0,0.9056603773584906,0.11320754716981132,desktop,0.08018867924528301,9,0.04245283018867924,5311.0
2688,225,27838.349000000002,W,0.8755555555555555,5,156,visa,0.7333333333333333,87.0,0.9511111111111111,0.11555555555555555,desktop,0.08444444444444445,3,0.013333333333333334,318.576
2689,205,20339.050000000003,W,0.8195121951219512,5,149,visa,0.7073170731707317,87.0,0.8682926829268293,0.17560975609756097,desktop,0.08780487804878048,11,0.05365853658536585,457.43199999999996
2690,114,13917.632,W,0.7368421052631579,5,82,visa,0.7894736842105263,87.0,0.7982456140350878,0.2543859649122807,desktop,0.19298245614035087,7,0.06140350877192982,264.126
2691,98,15975.185000000001,W,0.7040816326530612,5,71,visa,0.7346938775510204,87.0,0.7755102040816326,0.29591836734693877,mobile,0.17346938775510204,3,0.030612244897959183,181.739
2692,82,6008.031,W,0.5975609756097561,4,55,visa,0.6707317073170732,87.0,0.6707317073170732,0.3902439024390244,desktop,0.21951219512195122,5,0.06097560975609756,128.695
2693,48,4316.934,C,0.5208333333333334,4,32,visa,0.7083333333333334,87.0,0.4791666666666667,0.5625,desktop,0.3125,9,0.1875,2387.228
2694,33,2114.517,C,0.48484848484848486,4,26,visa,0.6060606060606061,87.0,0.5151515151515151,0.5454545454545454,mobile,0.36363636363636365,6,0.18181818181818182,215.712
2695,16,2220.9930000000004,W,0.75,3,14,visa,0.8125,87.0,0.8125,0.25,desktop,0.1875,0,0.0,
2696,14,2748.283,W,0.7142857142857143,2,12,visa,0.8571428571428571,87.0,0.7142857142857143,0.2857142857142857,mobile,0.14285714285714285,4,0.2857142857142857,1722.996
2697,20,3900.448,W,0.85,3,15,mastercard,0.65,87.0,0.95,0.15,desktop,0.15,1,0.05,39.998
2698,23,2489.65,W,0.9565217391304348,2,23,mastercard,0.6086956521739131,87.0,0.9565217391304348,0.043478260869565216,desktop,0.043478260869565216,0,0.0,
2699,54,5364.32,W,0.8333333333333334,4,44,visa,0.6111111111111112,87.0,1.0,0.16666666666666666,mobile,0.09259259259259259,0,0.0,
2700,79,11938.210000000003,W,0.8227848101265823,5,62,visa,0.5822784810126582,87.0,0.9873417721518988,0.17721518987341772,desktop,0.11392405063291139,6,0.0759493670886076,908.99
2701,119,16261.487000000003,W,0.8739495798319328,4,99,visa,0.6134453781512605,87.0,0.9747899159663865,0.12605042016806722,desktop,0.10084033613445378,3,0.025210084033613446,1039.9
2702,171,25217.498999999996,W,0.847953216374269,5,130,visa,0.695906432748538,87.0,0.9415204678362573,0.15204678362573099,desktop,0.08771929824561403,7,0.04093567251461988,958.0
2703,179,22236.293,W,0.7262569832402235,5,131,visa,0.5921787709497207,87.0,0.8435754189944135,0.24022346368715083,desktop,0.1564245810055866,7,0.03910614525139665,1828.9
2704,173,24622.485,W,0.8092485549132948,5,123,visa,0.653179190751445,87.0,0.9075144508670521,0.18497109826589594,desktop,0.10982658959537572,3,0.017341040462427744,2909.48
2705,212,34956.205,W,0.7971698113207547,5,161,visa,0.6462264150943396,87.0,0.8773584905660378,0.1792452830188679,desktop,0.1320754716981132,1,0.0047169811320754715,141.0
2706,238,34942.723,W,0.7857142857142857,5,162,visa,0.6596638655462185,87.0,0.8403361344537815,0.19747899159663865,desktop,0.15966386554621848,9,0.037815126050420166,4033.7239999999997
2707,210,32468.771,W,0.7380952380952381,5,143,visa,0.6095238095238096,87.0,0.8238095238095238,0.2571428571428571,desktop,0.17142857142857143,9,0.04285714285714286,1971.307
2708,219,34715.99799999999,W,0.7488584474885844,5,170,visa,0.6210045662100456,87.0,0.821917808219178,0.2374429223744292,desktop,0.1780821917808219,10,0.045662100456621,836.634
2709,259,35630.140999999996,W,0.7374517374517374,5,175,visa,0.640926640926641,87.0,0.7799227799227799,0.22393822393822393,desktop,0.12355212355212356,14,0.05405405405405406,1951.5520000000001
2710,238,41195.858,W,0.680672268907563,5,165,visa,0.6302521008403361,87.0,0.8109243697478992,0.2689075630252101,desktop,0.18067226890756302,11,0.046218487394957986,3780.195
2711,196,24529.930999999997,W,0.7806122448979592,5,135,visa,0.6173469387755102,87.0,0.826530612244898,0.20408163265306123,desktop,0.11224489795918367,10,0.05102040816326531,1094.935
2712,181,20241.550000000003,W,0.7569060773480663,5,122,visa,0.6519337016574586,87.0,0.856353591160221,0.22099447513812154,desktop,0.143646408839779,8,0.04419889502762431,1270.358
2713,148,19020.483,W,0.7364864864864865,5,105,visa,0.6824324324324325,87.0,0.777027027027027,0.25,desktop,0.1554054054054054,3,0.02027027027027027,312.43600000000004
2714,114,20064.219,W,0.7368421052631579,5,92,visa,0.6666666666666666,87.0,0.8070175438596491,0.2631578947368421,desktop,0.17543859649122806,9,0.07894736842105263,2770.4539999999997
2715,94,12555.364000000003,W,0.6063829787234043,4,68,visa,0.648936170212766,87.0,0.6808510638297872,0.39361702127659576,mobile,0.2127659574468085,8,0.0851063829787234,524.042
2716,94,13551.736,W,0.5638297872340425,4,64,visa,0.648936170212766,87.0,0.6808510638297872,0.43617021276595747,desktop,0.26595744680851063,5,0.05319148936170213,432.243
2717,44,4093.083,C,0.45454545454545453,4,31,visa,0.6590909090909091,87.0,0.5454545454545454,0.5681818181818182,desktop,0.4090909090909091,3,0.06818181818181818,149.144
2718,22,2305.52,W,0.5909090909090909,2,20,mastercard,0.5454545454545454,87.0,0.5909090909090909,0.4090909090909091,desktop,0.2727272727272727,0,0.0,
2719,24,2224.322,C,0.5833333333333334,2,21,visa,0.875,87.0,0.4166666666666667,0.5833333333333334,desktop,0.4583333333333333,10,0.4166666666666667,850.382
2720,23,2050.919,W,0.6521739130434783,2,20,visa,0.5217391304347826,87.0,0.6521739130434783,0.34782608695652173,desktop,0.17391304347826086,8,0.34782608695652173,837.0869999999999
2721,22,2776.4449999999997,W,0.9545454545454546,2,20,visa,0.8636363636363636,87.0,0.9545454545454546,0.045454545454545456,desktop,0.045454545454545456,1,0.045454545454545456,49.0
2722,18,2260.3,W,0.7777777777777778,3,15,visa,0.5555555555555556,87.0,1.0,0.2222222222222222,desktop,0.2222222222222222,2,0.1111111111111111,103.0
2723,50,4921.93,W,0.9,3,46,visa,0.7,87.0,0.98,0.1,desktop,0.1,0,0.0,
2724,89,15421.392,W,0.797752808988764,5,77,visa,0.5280898876404494,87.0,0.9325842696629213,0.19101123595505617,mobile,0.10112359550561797,1,0.011235955056179775,445.0
2725,150,26266.953,W,0.76,5,114,visa,0.64,87.0,0.9066666666666666,0.21333333333333335,desktop,0.11333333333333333,1,0.006666666666666667,151.0
2726,161,22401.892,W,0.7453416149068323,5,120,visa,0.6086956521739131,87.0,0.8819875776397516,0.2484472049689441,desktop,0.16149068322981366,6,0.037267080745341616,573.415
2727,202,33822.537,W,0.7227722772277227,5,143,visa,0.6089108910891089,87.0,0.8663366336633663,0.2524752475247525,desktop,0.18811881188118812,14,0.06930693069306931,4034.21
2728,223,34942.324,W,0.7847533632286996,5,157,visa,0.6905829596412556,87.0,0.9192825112107623,0.2062780269058296,desktop,0.17040358744394618,6,0.026905829596412557,192.288
2729,196,34785.674999999996,W,0.7193877551020408,5,137,visa,0.6938775510204082,87.0,0.8061224489795918,0.21428571428571427,desktop,0.14285714285714285,13,0.0663265306122449,2015.7549999999999
2730,244,36339.084,W,0.7622950819672131,5,169,visa,0.6352459016393442,87.0,0.8524590163934426,0.21721311475409835,desktop,0.1721311475409836,6,0.02459016393442623,437.097
2731,203,31478.361999999997,W,0.7635467980295566,5,147,visa,0.6995073891625616,87.0,0.8472906403940886,0.20689655172413793,mobile,0.11330049261083744,20,0.09852216748768473,2092.3540000000003
2732,238,36092.642,W,0.7899159663865546,5,164,visa,0.6764705882352942,87.0,0.8823529411764706,0.18487394957983194,desktop,0.13865546218487396,5,0.02100840336134454,1935.556
2733,237,32650.182000000004,W,0.8185654008438819,4,171,visa,0.6751054852320675,87.0,0.9156118143459916,0.16877637130801687,desktop,0.12658227848101267,14,0.05907172995780591,2223.791
2734,200,29093.52,W,0.845,5,143,visa,0.625,87.0,0.885,0.15,desktop,0.105,6,0.03,2804.7619999999997
2735,250,37512.873999999996,W,0.784,5,180,visa,0.688,87.0,0.836,0.196,desktop,0.132,12,0.048,1252.706
2736,200,28641.511,W,0.78,5,151,visa,0.735,87.0,0.865,0.195,desktop,0.1,8,0.04,1363.422
2737,169,18889.131,W,0.7928994082840237,4,126,visa,0.650887573964497,87.0,0.8284023668639053,0.20118343195266272,desktop,0.1301775147928994,6,0.03550295857988166,1098.1309999999999
2738,120,13594.878999999999,W,0.6916666666666667,5,93,visa,0.6666666666666666,87.0,0.775,0.30833333333333335,desktop,0.16666666666666666,9,0.075,1899.159
2739,84,8334.170000000002,W,0.5833333333333334,4,64,visa,0.7142857142857143,87.0,0.6071428571428571,0.40476190476190477,mobile,0.2261904761904762,10,0.11904761904761904,783.332
2740,56,4169.279,W,0.48214285714285715,5,42,mastercard,0.5,87.0,0.6428571428571429,0.4642857142857143,mobile,0.26785714285714285,3,0.05357142857142857,171.599
2741,58,6383.736,C,0.5,5,45,visa,0.7068965517241379,87.0,0.4827586206896552,0.5862068965517241,mobile,0.3448275862068966,8,0.13793103448275862,1195.8120000000001
2742,31,2021.868,C,0.6774193548387096,2,19,visa,0.6774193548387096,87.0,0.3225806451612903,0.6774193548387096,mobile,0.45161290322580644,5,0.16129032258064516,59.815
2743,16,3033.746,W,0.5,3,14,visa,0.5625,87.0,0.5,0.5,mobile,0.25,3,0.1875,1946.345
2744,11,979.203,W,0.6363636363636364,2,9,visa,0.6363636363636364,87.0,0.6363636363636364,0.36363636363636365,mobile,0.36363636363636365,2,0.18181818181818182,99.572
2745,12,961.195,W,0.9166666666666666,2,11,visa,0.5833333333333334,87.0,0.9166666666666666,0.08333333333333333,mobile,0.08333333333333333,0,0.0,
2746,23,4457.253,W,0.43478260869565216,4,18,mastercard,0.5217391304347826,87.0,0.6521739130434783,0.5652173913043478,desktop,0.391304347826087,11,0.4782608695652174,1837.5439999999999
2747,30,2654.834,W,0.7333333333333333,3,24,visa,0.5333333333333333,87.0,0.7333333333333333,0.26666666666666666,mobile,0.13333333333333333,0,0.0,
2748,43,4124.268,W,0.8604651162790697,4,38,visa,0.627906976744186,87.0,0.9069767441860465,0.13953488372093023,mobile,0.11627906976744186,0,0.0,
2749,76,10822.651,W,0.8421052631578947,4,66,visa,0.6447368421052632,87.0,0.9078947368421053,0.15789473684210525,mobile,0.10526315789473684,4,0.05263157894736842,2901.81
2750,143,16545.413,W,0.7902097902097902,4,114,visa,0.6573426573426573,87.0,0.8601398601398601,0.2097902097902098,mobile,0.11188811188811189,4,0.027972027972027972,1682.9
2751,191,24712.537000000004,W,0.7905759162303665,5,131,visa,0.743455497382199,87.0,0.8638743455497382,0.20418848167539266,desktop,0.1256544502617801,8,0.041884816753926704,3143.9
2752,162,23547.989,W,0.7839506172839507,4,127,visa,0.6975308641975309,87.0,0.845679012345679,0.19753086419753085,mobile,0.1111111111111111,9,0.05555555555555555,3337.8
2753,214,26642.594,W,0.7757009345794392,5,161,visa,0.616822429906542,87.0,0.8177570093457944,0.1822429906542056,mobile,0.09345794392523364,10,0.04672897196261682,1648.458
2754,176,20208.763,W,0.7443181818181818,5,136,visa,0.7045454545454546,87.0,0.8579545454545454,0.23863636363636365,mobile,0.13636363636363635,10,0.056818181818181816,2034.921
2755,195,24776.161,W,0.7538461538461538,5,138,visa,0.6666666666666666,87.0,0.8102564102564103,0.24102564102564103,desktop,0.14871794871794872,16,0.08205128205128205,1316.564
2756,170,14898.177000000001,W,0.7411764705882353,5,123,visa,0.6352941176470588,87.0,0.8235294117647058,0.2411764705882353,mobile,0.14705882352941177,13,0.07647058823529412,795.557
2757,209,26069.331000000002,W,0.7799043062200957,5,155,visa,0.6985645933014354,87.0,0.861244019138756,0.20095693779904306,desktop,0.1339712918660287,5,0.023923444976076555,1436.483
2758,197,23730.459000000003,W,0.8375634517766497,5,137,visa,0.6903553299492385,87.0,0.868020304568528,0.16243654822335024,mobile,0.08629441624365482,4,0.02030456852791878,107.731
2759,172,15423.199000000002,W,0.7558139534883721,5,121,visa,0.686046511627907,87.0,0.8546511627906976,0.21511627906976744,desktop,0.12209302325581395,2,0.011627906976744186,232.133
2760,143,12593.588,W,0.7832167832167832,5,103,visa,0.6573426573426573,87.0,0.8601398601398601,0.20279720279720279,desktop,0.11888111888111888,8,0.055944055944055944,1606.671
2761,122,11342.743000000002,W,0.639344262295082,5,91,visa,0.6557377049180327,87.0,0.6885245901639344,0.36065573770491804,desktop,0.23770491803278687,4,0.03278688524590164,422.187
2762,88,8106.2880000000005,W,0.625,5,68,visa,0.75,87.0,0.6818181818181818,0.375,desktop,0.20454545454545456,0,0.0,
2763,79,7492.987000000001,W,0.6455696202531646,3,62,visa,0.6329113924050633,87.0,0.7341772151898734,0.35443037974683544,mobile,0.25316455696202533,8,0.10126582278481013,450.118
2764,74,7930.399,W,0.7432432432432432,3,58,visa,0.5,87.0,0.7837837837837838,0.24324324324324326,desktop,0.12162162162162163,0,0.0,
2765,31,2392.6079999999993,W,0.6774193548387096,3,25,visa,0.7741935483870968,87.0,0.6774193548387096,0.2903225806451613,mobile,0.16129032258064516,2,0.06451612903225806,200.0
2766,38,3006.004,C,0.6578947368421053,3,23,visa,0.6578947368421053,87.0,0.34210526315789475,0.7105263157894737,desktop,0.47368421052631576,9,0.23684210526315788,284.39799999999997
2767,28,1057.44,C,0.6071428571428571,2,15,visa,0.9642857142857143,87.0,0.39285714285714285,0.6071428571428571,mobile,0.32142857142857145,13,0.4642857142857143,365.96199999999993
2768,13,556.465,C,0.6923076923076923,2,10,mastercard,0.5384615384615384,87.0,0.3076923076923077,0.6923076923076923,mobile,0.6923076923076923,6,0.46153846153846156,87.307
2769,15,1510.23,W,0.3333333333333333,4,14,visa,0.6666666666666666,87.0,0.6666666666666666,0.6,desktop,0.6,5,0.3333333333333333,54.379999999999995
2770,16,1736.391,W,0.9375,2,11,mastercard,0.625,87.0,0.9375,0.0625,desktop,0.0625,2,0.125,427.69100000000003
2771,20,1761.8,W,0.75,3,16,visa,0.55,87.0,1.0,0.15,desktop,0.15,0,0.0,
2772,36,3402.746,W,0.8888888888888888,4,31,visa,0.75,87.0,0.9444444444444444,0.1111111111111111,mobile,0.08333333333333333,1,0.027777777777777776,490.0
2773,75,12411.650000000001,W,0.88,4,64,visa,0.68,87.0,0.9466666666666667,0.12,mobile,0.08,1,0.013333333333333334,23.08
2774,132,21116.924,W,0.7196969696969697,5,100,visa,0.6287878787878788,87.0,0.8181818181818182,0.2803030303030303,mobile,0.15151515151515152,4,0.030303030303030304,638.0
2775,130,14206.721000000001,W,0.8076923076923077,5,97,visa,0.6538461538461539,87.0,0.8461538461538461,0.18461538461538463,mobile,0.1,5,0.038461538461538464,1044.95
2776,176,22061.86,W,0.7613636363636364,4,128,visa,0.6988636363636364,87.0,0.7784090909090909,0.2159090909090909,desktop,0.14772727272727273,9,0.05113636363636364,1572.3549999999998
2777,176,22816.321000000004,W,0.8295454545454546,4,122,visa,0.6590909090909091,87.0,0.8636363636363636,0.14772727272727273,desktop,0.10795454545454546,12,0.06818181818181818,4641.769
2778,171,17279.419,W,0.7543859649122807,4,124,visa,0.6257309941520468,87.0,0.8128654970760234,0.21052631578947367,desktop,0.13450292397660818,7,0.04093567251461988,1602.6639999999998
2779,205,21866.605000000003,W,0.751219512195122,5,128,visa,0.7219512195121951,87.0,0.8146341463414634,0.22926829268292684,desktop,0.13658536585365855,9,0.04390243902439024,1091.674
2780,195,21090.064000000002,W,0.7589743589743589,5,140,visa,0.7025641025641025,87.0,0.8102564102564103,0.2205128205128205,desktop,0.11282051282051282,11,0.05641025641025641,2122.9080000000004
2781,183,15547.898000000003,W,0.7704918032786885,5,133,visa,0.7486338797814208,87.0,0.8360655737704918,0.20765027322404372,desktop,0.10382513661202186,10,0.0546448087431694,842.36
2782,154,15836.946000000004,W,0.8051948051948052,5,114,visa,0.7077922077922078,87.0,0.9025974025974026,0.16883116883116883,desktop,0.08441558441558442,5,0.032467532467532464,715.0
2783,161,15328.715,W,0.8136645962732919,5,130,visa,0.5962732919254659,87.0,0.8385093167701864,0.14906832298136646,desktop,0.09316770186335403,8,0.049689440993788817,1701.47
2784,188,17881.599000000002,W,0.75,5,118,visa,0.6861702127659575,87.0,0.7872340425531915,0.22340425531914893,desktop,0.12234042553191489,14,0.07446808510638298,569.963
2785,135,19810.546000000002,W,0.8,4,106,visa,0.7777777777777778,87.0,0.8592592592592593,0.18518518518518517,desktop,0.0962962962962963,0,0.0,
2786,133,13234.233,W,0.7593984962406015,2,100,visa,0.6842105263157895,87.0,0.7593984962406015,0.24060150375939848,desktop,0.13533834586466165,11,0.08270676691729323,1718.821
2787,98,7459.0740000000005,W,0.6836734693877551,5,74,visa,0.5918367346938775,87.0,0.7448979591836735,0.3163265306122449,desktop,0.20408163265306123,3,0.030612244897959183,170.08999999999997
2788,85,8013.268,W,0.5647058823529412,5,63,visa,0.6941176470588235,87.0,0.6,0.4235294117647059,desktop,0.27058823529411763,12,0.1411764705882353,538.797
2789,48,4181.076,W,0.75,3,38,visa,0.7083333333333334,87.0,0.7708333333333334,0.25,desktop,0.125,2,0.041666666666666664,346.661
2790,34,2179.1949999999997,C,0.5588235294117647,2,22,visa,0.7352941176470589,87.0,0.4411764705882353,0.5588235294117647,desktop,0.38235294117647056,7,0.20588235294117646,141.018
2791,23,1517.0920000000003,W,0.4782608695652174,3,19,mastercard,0.5652173913043478,87.0,0.5217391304347826,0.5217391304347826,desktop,0.391304347826087,4,0.17391304347826086,451.368
2792,13,790.6320000000001,C,0.46153846153846156,3,8,visa,0.5384615384615384,87.0,0.5384615384615384,0.5384615384615384,desktop,0.46153846153846156,0,0.0,
2793,7,870.5710000000001,W,0.8571428571428571,2,7,visa,0.7142857142857143,87.0,0.8571428571428571,0.14285714285714285,mobile,0.14285714285714285,0,0.0,
2794,18,2712.47,W,0.9444444444444444,2,15,visa,0.6666666666666666,87.0,1.0,0.05555555555555555,desktop,0.05555555555555555,0,0.0,
2795,53,6512.14,W,0.9433962264150944,3,43,visa,0.6037735849056604,87.0,0.9811320754716981,0.05660377358490566,desktop,0.03773584905660377,3,0.05660377358490566,304.0
2796,75,9789.560000000001,W,0.8933333333333333,4,62,visa,0.7066666666666667,87.0,0.96,0.10666666666666667,desktop,0.06666666666666667,1,0.013333333333333334,226.0
2797,113,20996.179,W,0.7964601769911505,5,91,visa,0.6194690265486725,87.0,0.9203539823008849,0.18584070796460178,desktop,0.09734513274336283,6,0.05309734513274336,786.475
2798,139,20576.182,W,0.8273381294964028,5,110,visa,0.6402877697841727,87.0,0.8920863309352518,0.16546762589928057,mobile,0.08633093525179857,1,0.007194244604316547,335.0
2799,176,26787.024999999998,W,0.8068181818181818,5,135,visa,0.5681818181818182,87.0,0.8636363636363636,0.1875,desktop,0.10227272727272728,6,0.03409090909090909,1179.9
2800,197,37145.725,W,0.7411167512690355,5,144,visa,0.6954314720812182,87.0,0.8527918781725888,0.2436548223350254,desktop,0.14213197969543148,10,0.050761421319796954,2070.686
2801,215,38656.038,W,0.7348837209302326,5,147,visa,0.6790697674418604,87.0,0.8186046511627907,0.25116279069767444,desktop,0.16744186046511628,10,0.046511627906976744,2634.05
2802,230,39019.69,W,0.8130434782608695,5,153,visa,0.6826086956521739,87.0,0.8869565217391304,0.16956521739130434,desktop,0.12608695652173912,10,0.043478260869565216,819.114
2803,225,37070.384,W,0.7644444444444445,5,150,visa,0.6711111111111111,87.0,0.8355555555555556,0.21333333333333335,desktop,0.1288888888888889,8,0.035555555555555556,4419.883000000001
2804,226,39661.577999999994,W,0.7079646017699115,5,146,visa,0.7212389380530974,87.0,0.7566371681415929,0.26548672566371684,desktop,0.1902654867256637,32,0.1415929203539823,5127.182
2805,239,28835.377,W,0.7280334728033473,4,153,visa,0.6652719665271967,87.0,0.7824267782426778,0.25523012552301255,desktop,0.13807531380753138,11,0.04602510460251046,2131.098
2806,223,32171.009000000002,W,0.8116591928251121,5,155,visa,0.6860986547085202,87.0,0.852017937219731,0.17040358744394618,desktop,0.08968609865470852,8,0.03587443946188341,429.41999999999996
2807,218,25347.288,W,0.7844036697247706,4,146,visa,0.7064220183486238,87.0,0.8165137614678899,0.16972477064220184,desktop,0.0963302752293578,4,0.01834862385321101,593.2840000000001
2808,222,25890.433000000005,W,0.7522522522522522,5,156,visa,0.6306306306306306,87.0,0.8063063063063063,0.23873873873873874,mobile,0.14414414414414414,17,0.07657657657657657,951.872
2809,183,19573.422000000002,W,0.7486338797814208,5,127,visa,0.7486338797814208,87.0,0.8087431693989071,0.2459016393442623,mobile,0.1912568306010929,16,0.08743169398907104,782.303
2810,158,20731.876000000004,W,0.6518987341772152,5,109,visa,0.6582278481012658,87.0,0.740506329113924,0.3291139240506329,desktop,0.18354430379746836,9,0.056962025316455694,567.2560000000001
2811,82,9168.589,W,0.5975609756097561,4,59,visa,0.7804878048780488,87.0,0.6219512195121951,0.3902439024390244,desktop,0.2682926829268293,8,0.0975609756097561,610.031
2812,105,7905.435,C,0.5619047619047619,4,62,visa,0.7047619047619048,87.0,0.4380952380952381,0.580952380952381,mobile,0.3238095238095238,16,0.1523809523809524,1223.0459999999998
2813,90,6368.289000000001,C,0.6555555555555556,3,43,visa,0.7,87.0,0.34444444444444444,0.6666666666666666,mobile,0.37777777777777777,32,0.35555555555555557,2396.0679999999998
2814,22,1421.7580000000003,C,0.7272727272727273,2,17,visa,0.6818181818181818,87.0,0.2727272727272727,0.6818181818181818,mobile,0.45454545454545453,10,0.45454545454545453,446.323
2815,17,2158.6949999999997,W,0.5882352941176471,3,16,visa,0.6470588235294118,87.0,0.6470588235294118,0.4117647058823529,mobile,0.23529411764705882,3,0.17647058823529413,143.588
2816,16,1441.8609999999999,W,0.6875,4,14,visa,0.5,87.0,0.8125,0.25,mobile,0.1875,2,0.125,87.004
2817,14,1081.211,W,0.7857142857142857,2,13,visa,0.5714285714285714,87.0,0.7857142857142857,0.21428571428571427,desktop,0.14285714285714285,0,0.0,
2818,28,2747.8099999999995,W,0.8571428571428571,4,26,visa,0.5,87.0,0.9642857142857143,0.07142857142857142,mobile,0.07142857142857142,0,0.0,
2819,34,3670.4399999999996,W,0.9705882352941176,2,31,visa,0.6470588235294118,87.0,0.9705882352941176,0.029411764705882353,mobile,0.029411764705882353,2,0.058823529411764705,596.0
2820,74,8999.957,W,0.8918918918918919,5,59,visa,0.4864864864864865,87.0,0.9459459459459459,0.10810810810810811,desktop,0.06756756756756757,0,0.0,
2821,113,28324.010000000002,W,0.8672566371681416,4,86,visa,0.584070796460177,87.0,0.9203539823008849,0.13274336283185842,desktop,0.07964601769911504,2,0.017699115044247787,212.5
2822,133,14473.726,W,0.8045112781954887,5,110,visa,0.631578947368421,87.0,0.8796992481203008,0.19548872180451127,desktop,0.13533834586466165,2,0.015037593984962405,203.95
2823,180,28537.871,W,0.7777777777777778,5,125,visa,0.6888888888888889,87.0,0.8722222222222222,0.21666666666666667,desktop,0.11666666666666667,3,0.016666666666666666,775.0
2824,176,30666.190000000002,W,0.7443181818181818,4,131,visa,0.6477272727272727,87.0,0.8181818181818182,0.22727272727272727,desktop,0.17613636363636365,7,0.03977272727272727,810.0
2825,179,37769.882,W,0.7877094972067039,5,142,visa,0.6871508379888268,87.0,0.8659217877094972,0.2011173184357542,desktop,0.15083798882681565,4,0.0223463687150838,1866.805
2826,218,30963.43,W,0.6972477064220184,5,146,visa,0.6467889908256881,87.0,0.7798165137614679,0.2706422018348624,desktop,0.16055045871559634,16,0.07339449541284404,1562.426
2827,181,22234.225000000002,W,0.7016574585635359,5,124,visa,0.6353591160220995,87.0,0.7845303867403315,0.26519337016574585,desktop,0.18232044198895028,6,0.03314917127071823,696.457
2828,205,27836.125,W,0.7365853658536585,5,139,visa,0.6292682926829268,87.0,0.8195121951219512,0.24390243902439024,desktop,0.16585365853658537,10,0.04878048780487805,695.036
2829,221,35577.91499999999,W,0.7420814479638009,5,160,visa,0.6470588235294118,87.0,0.8144796380090498,0.21266968325791855,desktop,0.15384615384615385,12,0.05429864253393665,1288.1249999999998
2830,182,30073.553999999996,W,0.7802197802197802,5,132,visa,0.5604395604395604,87.0,0.8406593406593407,0.1978021978021978,desktop,0.10989010989010989,6,0.03296703296703297,997.021
2831,209,27703.926,W,0.7368421052631579,5,145,visa,0.6220095693779905,87.0,0.8086124401913876,0.22009569377990432,desktop,0.13875598086124402,11,0.05263157894736842,1446.614
2832,193,21720.312,W,0.7979274611398963,5,134,visa,0.6839378238341969,87.0,0.8290155440414507,0.16580310880829016,desktop,0.08808290155440414,7,0.03626943005181347,1018.1510000000001
2833,175,23792.648,W,0.7942857142857143,5,129,visa,0.6285714285714286,87.0,0.8457142857142858,0.2,mobile,0.13142857142857142,8,0.045714285714285714,1108.446
2834,148,11391.262999999999,W,0.6621621621621622,5,104,visa,0.6554054054054054,87.0,0.7094594594594594,0.33783783783783783,mobile,0.17567567567567569,2,0.013513513513513514,61.748
2835,111,11025.297000000002,W,0.6306306306306306,3,69,mastercard,0.4954954954954955,87.0,0.6486486486486487,0.36936936936936937,desktop,0.1981981981981982,2,0.018018018018018018,155.642
2836,88,6071.262,C,0.5568181818181818,3,56,visa,0.5568181818181818,87.0,0.4431818181818182,0.5909090909090909,mobile,0.32954545454545453,9,0.10227272727272728,657.048
2837,34,2031.496,C,0.5588235294117647,3,29,visa,0.5882352941176471,87.0,0.4411764705882353,0.5882352941176471,desktop,0.3235294117647059,3,0.08823529411764706,145.00799999999998
2838,24,1637.6390000000001,W,0.5416666666666666,4,21,visa,0.625,87.0,0.625,0.4583333333333333,mobile,0.3333333333333333,0,0.0,
2839,20,1157.02,C,0.55,3,18,visa,0.8,87.0,0.45,0.65,mobile,0.4,5,0.25,343.433
2840,19,1670.921,W,0.5789473684210527,2,15,visa,0.7368421052631579,87.0,0.5789473684210527,0.42105263157894735,mobile,0.3684210526315789,1,0.05263157894736842,55.345
2841,16,1571.6999999999998,W,0.9375,2,15,mastercard,0.625,87.0,1.0,0.0625,desktop,0.0625,0,0.0,
2842,21,2580.5399999999995,W,0.9523809523809523,2,18,visa,0.5238095238095238,87.0,1.0,0.047619047619047616,desktop,0.047619047619047616,0,0.0,
2843,39,6351.62,W,0.7435897435897436,4,36,visa,0.717948717948718,87.0,0.8974358974358975,0.2564102564102564,mobile,0.1282051282051282,0,0.0,
2844,112,17448.889,W,0.8125,5,82,visa,0.6339285714285714,87.0,0.9821428571428571,0.17857142857142858,desktop,0.14285714285714285,1,0.008928571428571428,335.0
2845,105,16574.572,W,0.7714285714285715,5,82,visa,0.6095238095238096,87.0,0.8952380952380953,0.22857142857142856,desktop,0.11428571428571428,4,0.0380952380952381,785.0
2846,193,23933.916000000005,W,0.7357512953367875,5,148,visa,0.6113989637305699,87.0,0.8393782383419689,0.26424870466321243,desktop,0.15025906735751296,1,0.0051813471502590676,77.0
2847,199,24839.441,W,0.7989949748743719,5,144,visa,0.7035175879396985,87.0,0.8894472361809045,0.19095477386934673,desktop,0.135678391959799,3,0.01507537688442211,1060.0
2848,176,25030.962,W,0.7102272727272727,5,123,visa,0.6818181818181818,87.0,0.8011363636363636,0.2727272727272727,desktop,0.18181818181818182,1,0.005681818181818182,141.0
2849,263,39594.209,W,0.7034220532319392,5,182,visa,0.6273764258555133,87.0,0.7832699619771863,0.2509505703422053,desktop,0.17490494296577946,15,0.057034220532319393,1778.624
2850,214,27567.128000000004,W,0.6915887850467289,5,141,visa,0.6448598130841121,87.0,0.7663551401869159,0.2570093457943925,desktop,0.19158878504672897,19,0.08878504672897196,1721.123
2851,218,37313.521,W,0.7247706422018348,5,149,visa,0.6834862385321101,87.0,0.7568807339449541,0.25229357798165136,desktop,0.1743119266055046,14,0.06422018348623854,5124.457
2852,203,28212.708,W,0.7881773399014779,4,143,visa,0.6206896551724138,87.0,0.8275862068965517,0.18719211822660098,desktop,0.12315270935960591,11,0.054187192118226604,1314.988
2853,212,36420.647,W,0.8349056603773585,5,143,visa,0.6509433962264151,87.0,0.8867924528301887,0.1509433962264151,desktop,0.09905660377358491,3,0.014150943396226415,1205.5
2854,214,25181.996,W,0.7663551401869159,5,145,visa,0.602803738317757,87.0,0.8177570093457944,0.2102803738317757,desktop,0.11214953271028037,6,0.028037383177570093,400.303
2855,182,19010.433000000005,W,0.6648351648351648,5,125,visa,0.6373626373626373,87.0,0.7527472527472527,0.3131868131868132,mobile,0.17582417582417584,2,0.01098901098901099,159.20600000000002
2856,213,19991.835,W,0.7276995305164319,5,141,visa,0.6525821596244131,87.0,0.7793427230046949,0.23943661971830985,desktop,0.14084507042253522,11,0.051643192488262914,886.114
2857,181,17907.292000000005,W,0.7845303867403315,4,130,visa,0.6961325966850829,87.0,0.8121546961325967,0.19889502762430938,desktop,0.10497237569060773,4,0.022099447513812154,359.767
2858,152,15392.586000000001,W,0.6052631578947368,5,98,visa,0.6907894736842105,87.0,0.6447368421052632,0.39473684210526316,mobile,0.2236842105263158,9,0.05921052631578947,2831.0969999999998
2859,107,9362.607,W,0.514018691588785,5,79,visa,0.5794392523364486,87.0,0.5887850467289719,0.48598130841121495,desktop,0.3177570093457944,0,0.0,
2860,85,12315.125000000004,W,0.5058823529411764,4,59,visa,0.5764705882352941,87.0,0.5764705882352941,0.4823529411764706,desktop,0.3411764705882353,5,0.058823529411764705,462.695
2861,73,4829.459,C,0.5753424657534246,2,53,visa,0.5753424657534246,87.0,0.4246575342465753,0.5342465753424658,mobile,0.3561643835616438,4,0.0547945205479452,93.02799999999999
2862,39,2215.1050000000005,C,0.7435897435897436,3,27,visa,0.5897435897435898,87.0,0.2564102564102564,0.7692307692307693,mobile,0.41025641025641024,10,0.2564102564102564,370.53099999999995
2863,32,2787.23,W,0.53125,3,23,visa,0.5625,87.0,0.59375,0.46875,mobile,0.28125,5,0.15625,406.991
2864,18,2561.109,W,0.8888888888888888,2,17,visa,0.7222222222222222,87.0,0.8888888888888888,0.1111111111111111,mobile,0.05555555555555555,4,0.2222222222222222,1216.859
2865,9,1033.8500000000001,W,1.0,1,8,visa,0.5555555555555556,87.0,1.0,0.0,,,2,0.2222222222222222,83.0
2866,15,3006.4589999999994,W,0.8,4,14,visa,0.5333333333333333,87.0,0.9333333333333333,0.2,desktop,0.13333333333333333,3,0.2,2085.0
2867,36,4758.522999999999,W,0.8333333333333334,3,31,visa,0.7222222222222222,87.0,0.9166666666666666,0.16666666666666666,desktop,0.1111111111111111,4,0.1111111111111111,375.0
2868,93,13785.758000000003,W,0.8279569892473119,5,81,visa,0.6236559139784946,87.0,0.9354838709677419,0.17204301075268819,mobile,0.08602150537634409,4,0.043010752688172046,315.0
2869,124,23548.099000000006,W,0.7741935483870968,5,101,visa,0.6854838709677419,87.0,0.8709677419354839,0.21774193548387097,mobile,0.12096774193548387,3,0.024193548387096774,1254.281
2870,181,30846.336000000003,W,0.8011049723756906,5,129,visa,0.6850828729281768,87.0,0.9005524861878453,0.19889502762430938,desktop,0.11049723756906077,4,0.022099447513812154,703.0
2871,227,35834.196,W,0.6828193832599119,5,144,visa,0.6960352422907489,87.0,0.8193832599118943,0.2907488986784141,mobile,0.14977973568281938,7,0.030837004405286344,774.95
2872,183,27497.822,W,0.726775956284153,5,133,visa,0.6775956284153005,87.0,0.7978142076502732,0.23497267759562843,mobile,0.1366120218579235,8,0.04371584699453552,543.133
2873,225,41680.075,W,0.7733333333333333,5,156,visa,0.6088888888888889,87.0,0.8311111111111111,0.2,mobile,0.1111111111111111,2,0.008888888888888889,190.0
2874,210,37639.428,W,0.7523809523809524,5,146,visa,0.6190476190476191,87.0,0.8714285714285714,0.24285714285714285,desktop,0.14285714285714285,10,0.047619047619047616,2405.484
2875,218,34417.699,W,0.7477064220183486,5,155,visa,0.7110091743119266,87.0,0.8119266055045872,0.23394495412844038,desktop,0.13761467889908258,11,0.05045871559633028,1000.624
2876,220,45300.644,W,0.7818181818181819,5,153,visa,0.6636363636363637,87.0,0.8545454545454545,0.18636363636363637,desktop,0.13636363636363635,8,0.03636363636363636,2805.228
2877,234,32576.365,W,0.7136752136752137,5,151,visa,0.6837606837606838,87.0,0.7735042735042735,0.2264957264957265,desktop,0.14102564102564102,10,0.042735042735042736,1519.796
2878,217,24905.204,W,0.7419354838709677,5,148,visa,0.7050691244239631,87.0,0.8064516129032258,0.24423963133640553,desktop,0.15668202764976957,11,0.05069124423963134,1768.116
2879,208,19496.911,W,0.7211538461538461,5,143,visa,0.6682692307692307,87.0,0.7932692307692307,0.23557692307692307,mobile,0.1346153846153846,6,0.028846153846153848,598.29
2880,168,24985.746,W,0.8154761904761905,5,131,visa,0.6011904761904762,87.0,0.8869047619047619,0.16666666666666666,desktop,0.10714285714285714,8,0.047619047619047616,970.9000000000001
2881,189,16864.802000000003,W,0.6666666666666666,5,129,visa,0.6984126984126984,87.0,0.7671957671957672,0.3333333333333333,desktop,0.19576719576719576,22,0.1164021164021164,1477.959
2882,111,10480.428000000002,W,0.7027027027027027,5,83,visa,0.6666666666666666,87.0,0.7657657657657657,0.2972972972972973,desktop,0.18018018018018017,6,0.05405405405405406,270.744
2883,86,6759.249000000001,W,0.5930232558139535,4,60,visa,0.6627906976744186,87.0,0.6395348837209303,0.4069767441860465,mobile,0.22093023255813954,4,0.046511627906976744,111.95700000000001
2884,74,8279.802000000001,W,0.5540540540540541,5,56,visa,0.5675675675675675,87.0,0.6216216216216216,0.44594594594594594,mobile,0.24324324324324326,1,0.013513513513513514,80.298
2885,78,9473.583,W,0.6794871794871795,4,41,mastercard,0.5897435897435898,87.0,0.717948717948718,0.3076923076923077,mobile,0.1794871794871795,2,0.02564102564102564,630.0
2886,62,6879.982,W,0.6612903225806451,4,32,mastercard,0.5967741935483871,87.0,0.7096774193548387,0.3387096774193548,mobile,0.1935483870967742,11,0.1774193548387097,1234.968
2887,20,2151.8360000000002,W,0.75,2,13,mastercard,0.5,87.0,0.75,0.25,mobile,0.15,0,0.0,
2888,24,3659.823,W,0.8333333333333334,2,14,mastercard,0.625,87.0,0.8333333333333334,0.16666666666666666,desktop,0.125,1,0.041666666666666664,445.0
2889,18,1923.729,W,0.8333333333333334,4,17,visa,0.7222222222222222,87.0,0.9444444444444444,0.16666666666666666,desktop,0.1111111111111111,0,0.0,
2890,33,3718.8399999999997,W,0.9696969696969697,2,22,mastercard,0.5757575757575758,87.0,1.0,0.030303030303030304,desktop,0.030303030303030304,1,0.030303030303030304,265.0
2891,71,8568.122,W,0.9295774647887324,4,55,visa,0.5070422535211268,87.0,0.971830985915493,0.07042253521126761,desktop,0.04225352112676056,2,0.028169014084507043,1163.0
2892,149,19659.805,W,0.7651006711409396,5,99,visa,0.6040268456375839,87.0,0.8657718120805369,0.22818791946308725,desktop,0.174496644295302,14,0.09395973154362416,1919.933
2893,176,24494.146,W,0.8693181818181818,5,125,visa,0.5681818181818182,87.0,0.9375,0.13068181818181818,desktop,0.07954545454545454,6,0.03409090909090909,272.722
2894,254,35514.771,W,0.8543307086614174,5,166,visa,0.5984251968503937,87.0,0.9488188976377953,0.1377952755905512,desktop,0.09448818897637795,5,0.01968503937007874,1095.6270000000002
2895,255,39075.287000000004,W,0.8549019607843137,5,175,visa,0.611764705882353,87.0,0.9372549019607843,0.13333333333333333,desktop,0.08627450980392157,4,0.01568627450980392,661.83
2896,279,43541.747,W,0.8494623655913979,5,184,visa,0.6129032258064516,87.0,0.942652329749104,0.13978494623655913,desktop,0.07168458781362007,8,0.02867383512544803,3075.576
2897,296,54722.102,W,0.793918918918919,5,188,visa,0.6283783783783784,87.0,0.8783783783783784,0.19256756756756757,mobile,0.10472972972972973,6,0.02027027027027027,1951.455
2898,294,62070.62100000001,W,0.8707482993197279,5,190,visa,0.6530612244897959,87.0,0.9183673469387755,0.1292517006802721,desktop,0.08843537414965986,16,0.05442176870748299,6710.91
2899,292,56262.50200000001,W,0.863013698630137,5,185,visa,0.6164383561643836,87.0,0.910958904109589,0.13013698630136986,desktop,0.07534246575342465,8,0.0273972602739726,3885.0
2900,281,52900.144,W,0.8612099644128114,5,166,visa,0.6014234875444839,87.0,0.9217081850533808,0.12099644128113879,desktop,0.0711743772241993,8,0.028469750889679714,2324.95
2901,278,46608.06,W,0.8525179856115108,4,182,visa,0.5755395683453237,87.0,0.9028776978417267,0.12589928057553956,desktop,0.07194244604316546,11,0.039568345323741004,2784.527
2902,221,36278.714,W,0.8235294117647058,5,147,visa,0.6425339366515838,87.0,0.8823529411764706,0.167420814479638,desktop,0.09502262443438914,17,0.07692307692307693,6003.639999999999
2903,232,23991.47,W,0.7543103448275862,5,154,visa,0.6896551724137931,87.0,0.8275862068965517,0.21982758620689655,mobile,0.1206896551724138,20,0.08620689655172414,1719.204
2904,185,24867.683999999997,W,0.8486486486486486,5,138,visa,0.6486486486486487,87.0,0.8972972972972973,0.13513513513513514,desktop,0.07027027027027027,5,0.02702702702702703,425.95
2905,152,14948.198,W,0.8026315789473685,4,119,visa,0.5986842105263158,87.0,0.8355263157894737,0.19078947368421054,mobile,0.13157894736842105,5,0.03289473684210526,352.9
2906,127,14681.157000000001,W,0.6535433070866141,5,85,visa,0.6850393700787402,87.0,0.7716535433070866,0.33858267716535434,desktop,0.1968503937007874,11,0.08661417322834646,2431.2110000000002
2907,83,11499.757999999998,W,0.6385542168674698,4,58,visa,0.5301204819277109,87.0,0.7469879518072289,0.3493975903614458,desktop,0.18072289156626506,4,0.04819277108433735,440.258
2908,59,6764.786,W,0.559322033898305,4,43,visa,0.6271186440677966,87.0,0.6440677966101694,0.4406779661016949,mobile,0.2542372881355932,10,0.1694915254237288,1665.105
2909,43,4563.414,W,0.6046511627906976,3,33,visa,0.6744186046511628,87.0,0.6511627906976745,0.3953488372093023,mobile,0.20930232558139536,4,0.09302325581395349,1161.8500000000001
2910,24,2784.435,W,0.625,3,19,visa,0.8333333333333334,87.0,0.6666666666666666,0.375,desktop,0.20833333333333334,1,0.041666666666666664,226.0
2911,17,1397.476,C,0.4117647058823529,3,9,visa,0.8235294117647058,87.0,0.5882352941176471,0.6470588235294118,mobile,0.35294117647058826,0,0.0,
2912,13,1480.509,W,0.6153846153846154,4,12,mastercard,0.5384615384615384,87.0,0.7692307692307693,0.3076923076923077,mobile,0.15384615384615385,1,0.07692307692307693,22.96
2913,10,908.74,W,1.0,1,9,mastercard,0.7,87.0,1.0,0.0,,,0,0.0,
2914,12,772.3670000000001,W,0.9166666666666666,2,11,visa,0.75,87.0,0.9166666666666666,0.08333333333333333,mobile,0.08333333333333333,1,0.08333333333333333,171.0
2915,35,4527.271999999999,W,0.7428571428571429,4,30,visa,0.7428571428571429,87.0,0.8,0.2571428571428571,desktop,0.17142857142857143,8,0.22857142857142856,989.0
2916,64,8513.182,W,0.796875,5,53,visa,0.640625,87.0,0.96875,0.1875,mobile,0.140625,4,0.0625,339.47
2917,142,17515.986000000004,W,0.8943661971830986,5,104,visa,0.6056338028169014,87.0,0.9788732394366197,0.08450704225352113,desktop,0.07042253521126761,1,0.007042253521126761,300.0
2918,173,23274.341,W,0.8554913294797688,5,110,visa,0.6763005780346821,87.0,0.953757225433526,0.14450867052023122,mobile,0.07514450867052024,5,0.028901734104046242,681.9200000000001
2919,187,21769.948000000004,W,0.8235294117647058,5,143,visa,0.6149732620320856,87.0,0.9411764705882353,0.1657754010695187,mobile,0.09090909090909091,6,0.03208556149732621,120.0
2920,218,30828.100000000002,W,0.7614678899082569,5,154,visa,0.555045871559633,87.0,0.8990825688073395,0.21559633027522937,desktop,0.12385321100917432,5,0.022935779816513763,1245.47
2921,224,34251.95,W,0.8258928571428571,5,158,visa,0.6160714285714286,87.0,0.8973214285714286,0.16071428571428573,mobile,0.125,6,0.026785714285714284,766.568
2922,236,32314.375,W,0.7923728813559322,5,155,visa,0.690677966101695,87.0,0.902542372881356,0.1906779661016949,desktop,0.1271186440677966,12,0.05084745762711865,2605.982
2923,213,33074.312,W,0.8215962441314554,5,141,visa,0.6619718309859155,87.0,0.8732394366197183,0.13615023474178403,desktop,0.0892018779342723,2,0.009389671361502348,1052.5
2924,208,26561.409000000003,W,0.8125,4,142,visa,0.6826923076923077,87.0,0.9182692307692307,0.16826923076923078,mobile,0.09134615384615384,8,0.038461538461538464,2222.3360000000002
2925,196,27668.206000000002,W,0.8520408163265306,5,140,visa,0.673469387755102,87.0,0.8979591836734694,0.14285714285714285,mobile,0.10204081632653061,14,0.07142857142857142,4183.582
2926,217,24759.122000000003,W,0.8894009216589862,5,148,visa,0.6267281105990783,87.0,0.9308755760368663,0.0967741935483871,mobile,0.06912442396313365,6,0.027649769585253458,987.9639999999999
2927,179,22507.533000000003,W,0.8491620111731844,5,123,visa,0.7039106145251397,87.0,0.8938547486033519,0.12290502793296089,desktop,0.07262569832402235,2,0.0111731843575419,116.95
2928,175,22933.751,W,0.8057142857142857,5,123,visa,0.6057142857142858,87.0,0.8742857142857143,0.18857142857142858,desktop,0.10285714285714286,4,0.022857142857142857,1831.95
2929,127,12800.379,W,0.8661417322834646,5,92,visa,0.7165354330708661,87.0,0.905511811023622,0.12598425196850394,desktop,0.10236220472440945,1,0.007874015748031496,20.0
2930,106,9766.585,W,0.7641509433962265,5,79,visa,0.6792452830188679,87.0,0.8584905660377359,0.2169811320754717,mobile,0.1792452830188679,2,0.018867924528301886,369.95
2931,92,6313.989999999999,W,0.5869565217391305,4,73,visa,0.5543478260869565,87.0,0.717391304347826,0.41304347826086957,mobile,0.2717391304347826,5,0.05434782608695652,478.684
2932,89,9391.504,W,0.6292134831460674,5,59,visa,0.7752808988764045,87.0,0.6853932584269663,0.3707865168539326,mobile,0.25842696629213485,1,0.011235955056179775,85.796
2933,41,4383.659000000001,W,0.4878048780487805,4,35,visa,0.6585365853658537,87.0,0.6097560975609756,0.5121951219512195,desktop,0.2682926829268293,0,0.0,
2934,22,1233.0779999999997,C,0.5,4,17,visa,0.5454545454545454,87.0,0.5,0.5454545454545454,mobile,0.4090909090909091,3,0.13636363636363635,208.086
2935,21,2103.335,C,0.6190476190476191,2,16,mastercard,0.7142857142857143,87.0,0.38095238095238093,0.6190476190476191,mobile,0.5714285714285714,11,0.5238095238095238,813.4939999999998
2936,10,669.663,C,0.5,3,9,visa,0.6,87.0,0.4,0.6,desktop,0.6,2,0.2,251.478
2937,9,842.8,W,0.7777777777777778,3,9,visa,0.6666666666666666,87.0,1.0,0.2222222222222222,desktop,0.2222222222222222,2,0.2222222222222222,127.0
2938,12,2986.7,W,0.9166666666666666,2,9,visa,0.6666666666666666,87.0,1.0,0.08333333333333333,desktop,0.08333333333333333,0,0.0,
2939,26,3559.1369999999997,W,0.8846153846153846,3,23,visa,0.6153846153846154,87.0,0.9615384615384616,0.11538461538461539,desktop,0.07692307692307693,1,0.038461538461538464,24.5
2940,59,6208.279,W,0.5932203389830508,4,45,visa,0.7288135593220338,87.0,0.8983050847457628,0.4067796610169492,desktop,0.23728813559322035,1,0.01694915254237288,134.95
2941,95,10907.181,W,0.7789473684210526,5,79,visa,0.6631578947368421,87.0,0.8947368421052632,0.22105263157894736,desktop,0.11578947368421053,0,0.0,
2942,110,13627.028000000002,W,0.7454545454545455,4,86,visa,0.6272727272727273,87.0,0.8454545454545455,0.24545454545454545,desktop,0.14545454545454545,7,0.06363636363636363,420.03799999999995
2943,138,12591.159,W,0.8043478260869565,5,107,visa,0.6956521739130435,87.0,0.9202898550724637,0.18115942028985507,desktop,0.09420289855072464,0,0.0,
2944,151,19927.335,W,0.7284768211920529,5,107,visa,0.7549668874172185,87.0,0.847682119205298,0.2582781456953642,mobile,0.15894039735099338,2,0.013245033112582781,248.0
2945,168,17209.439000000002,W,0.8511904761904762,5,120,visa,0.6309523809523809,87.0,0.9226190476190477,0.14285714285714285,mobile,0.08333333333333333,4,0.023809523809523808,1030.97
2946,173,14896.164999999999,W,0.7514450867052023,5,119,visa,0.6127167630057804,87.0,0.8439306358381503,0.23121387283236994,desktop,0.12138728323699421,1,0.005780346820809248,34.0
2947,188,18169.909,W,0.7393617021276596,5,128,visa,0.5638297872340425,87.0,0.8191489361702128,0.23404255319148937,desktop,0.11702127659574468,2,0.010638297872340425,909.617
2948,156,16738.949999999997,W,0.8205128205128205,5,118,visa,0.6474358974358975,87.0,0.9166666666666666,0.16666666666666666,mobile,0.09615384615384616,3,0.019230769230769232,1350.0
2949,163,18316.504,W,0.8159509202453987,4,119,visa,0.6748466257668712,87.0,0.8773006134969326,0.1656441717791411,mobile,0.12883435582822086,4,0.024539877300613498,1410.0
2950,177,16272.581000000002,W,0.8587570621468926,4,132,visa,0.6271186440677966,87.0,0.8983050847457628,0.13559322033898305,mobile,0.11299435028248588,3,0.01694915254237288,430.21
2951,199,18833.644,W,0.8492462311557789,3,146,visa,0.6532663316582915,87.0,0.8592964824120602,0.1407035175879397,mobile,0.11055276381909548,5,0.02512562814070352,41.085
2952,185,15251.472,W,0.8054054054054054,5,134,visa,0.6864864864864865,87.0,0.8864864864864865,0.1945945945945946,mobile,0.11351351351351352,10,0.05405405405405406,703.1690000000001
2953,187,20254.245000000003,W,0.8663101604278075,4,139,visa,0.732620320855615,87.0,0.893048128342246,0.12299465240641712,mobile,0.08021390374331551,4,0.0213903743315508,456.71899999999994
2954,153,15758.098,W,0.803921568627451,5,115,visa,0.6274509803921569,87.0,0.8496732026143791,0.19607843137254902,mobile,0.16339869281045752,3,0.0196078431372549,112.994
2955,126,11229.474000000004,W,0.7380952380952381,4,95,visa,0.626984126984127,87.0,0.8333333333333334,0.2619047619047619,mobile,0.19047619047619047,2,0.015873015873015872,100.0
2956,66,7439.906,W,0.7575757575757576,3,55,visa,0.5909090909090909,87.0,0.7727272727272727,0.24242424242424243,mobile,0.12121212121212122,1,0.015151515151515152,45.617
2957,47,6272.258,W,0.7021276595744681,4,36,visa,0.5106382978723404,87.0,0.7659574468085106,0.2765957446808511,desktop,0.19148936170212766,2,0.0425531914893617,108.51400000000001
2958,16,1455.585,W,0.75,4,16,visa,0.5,87.0,0.875,0.25,desktop,0.1875,1,0.0625,71.779
2959,20,2392.4279999999994,W,0.65,2,16,mastercard,0.55,87.0,0.65,0.35,mobile,0.35,7,0.35,839.9580000000001
2960,9,983.25,W,1.0,1,8,visa,0.8888888888888888,87.0,1.0,0.0,,,0,0.0,
2961,18,2671.245,W,0.7222222222222222,3,15,mastercard,0.5,87.0,0.8333333333333334,0.16666666666666666,desktop,0.1111111111111111,0,0.0,
2962,29,3714.755999999999,W,0.7931034482758621,3,27,visa,0.6206896551724138,87.0,0.8620689655172413,0.1724137931034483,desktop,0.10344827586206896,0,0.0,
2963,62,7562.532,W,0.8548387096774194,5,51,visa,0.6451612903225806,87.0,0.9193548387096774,0.14516129032258066,desktop,0.12903225806451613,1,0.016129032258064516,49.0
2964,121,13637.385000000002,W,0.9008264462809917,4,97,visa,0.6033057851239669,87.0,0.9256198347107438,0.09090909090909091,mobile,0.05785123966942149,0,0.0,
2965,151,21599.624000000003,W,0.9006622516556292,5,114,visa,0.6291390728476821,87.0,0.9536423841059603,0.09933774834437085,mobile,0.052980132450331126,4,0.026490066225165563,594.95
2966,199,38628.466,W,0.8894472361809045,5,148,visa,0.6482412060301508,87.0,0.9396984924623115,0.09045226130653267,mobile,0.05527638190954774,1,0.005025125628140704,25.95
2967,207,34541.853,W,0.8599033816425121,4,147,visa,0.6956521739130435,87.0,0.9227053140096618,0.13526570048309178,desktop,0.08695652173913043,8,0.03864734299516908,2639.378
2968,186,32746.433000000005,W,0.8817204301075269,5,144,visa,0.6720430107526881,87.0,0.946236559139785,0.0967741935483871,desktop,0.06451612903225806,2,0.010752688172043012,286.95
2969,240,39219.913,W,0.8166666666666667,5,163,visa,0.6125,87.0,0.8833333333333333,0.175,desktop,0.1,10,0.041666666666666664,739.02
2970,240,41557.079,W,0.8625,5,158,visa,0.7,87.0,0.8916666666666667,0.1125,desktop,0.07916666666666666,6,0.025,979.8410000000001
2971,219,31545.317,W,0.8493150684931506,5,150,visa,0.6575342465753424,87.0,0.908675799086758,0.1324200913242009,desktop,0.1232876712328767,18,0.0821917808219178,1192.581
2972,251,55663.551,W,0.7768924302788844,5,166,visa,0.6693227091633466,87.0,0.8366533864541833,0.21912350597609562,desktop,0.16334661354581673,30,0.11952191235059761,8417.418000000003
2973,236,37461.998999999996,W,0.8347457627118644,5,158,visa,0.6779661016949152,87.0,0.9364406779661016,0.15254237288135594,desktop,0.1016949152542373,7,0.029661016949152543,4215.637
2974,213,31298.832000000002,W,0.8450704225352113,5,151,visa,0.6666666666666666,87.0,0.9107981220657277,0.14553990610328638,mobile,0.07981220657276995,2,0.009389671361502348,174.604
2975,209,23513.386000000002,W,0.8564593301435407,5,152,visa,0.645933014354067,87.0,0.9138755980861244,0.11483253588516747,desktop,0.06698564593301436,9,0.0430622009569378,1134.45
2976,258,27602.641000000003,W,0.8565891472868217,5,169,visa,0.6744186046511628,87.0,0.9263565891472868,0.1434108527131783,desktop,0.08527131782945736,2,0.007751937984496124,150.874
2977,196,31306.398,W,0.8418367346938775,4,141,visa,0.6683673469387755,87.0,0.8928571428571429,0.14795918367346939,mobile,0.07653061224489796,3,0.015306122448979591,177.69899999999998
2978,157,17744.621000000006,W,0.7770700636942676,5,116,visa,0.6624203821656051,87.0,0.8535031847133758,0.2229299363057325,mobile,0.1464968152866242,6,0.03821656050955414,952.0
2979,109,9640.247000000003,W,0.6697247706422018,5,87,visa,0.6880733944954128,87.0,0.7431192660550459,0.3211009174311927,desktop,0.1743119266055046,0,0.0,
2980,93,7680.987999999999,C,0.5161290322580645,4,60,visa,0.5698924731182796,87.0,0.4838709677419355,0.5591397849462365,mobile,0.3548387096774194,2,0.021505376344086023,31.232
2981,81,16272.229,W,0.8518518518518519,4,45,mastercard,0.5679012345679012,87.0,0.9012345679012346,0.12345679012345678,mobile,0.07407407407407407,7,0.08641975308641975,625.2359999999999
2982,42,7241.785000000001,W,0.8809523809523809,4,25,mastercard,0.6904761904761905,87.0,0.9285714285714286,0.11904761904761904,desktop,0.09523809523809523,0,0.0,
2983,38,5468.267,W,0.9210526315789473,2,22,mastercard,0.5263157894736842,87.0,0.9210526315789473,0.07894736842105263,mobile,0.05263157894736842,0,0.0,
2984,23,3305.45,W,1.0,1,18,visa,0.5652173913043478,87.0,1.0,0.0,,,0,0.0,
2985,28,3874.249999999999,W,0.8928571428571429,3,20,visa,0.6071428571428571,87.0,1.0,0.10714285714285714,desktop,0.10714285714285714,0,0.0,
2986,49,4960.839999999999,W,1.0,1,36,mastercard,0.5306122448979592,87.0,1.0,0.0,,,2,0.04081632653061224,273.0
2987,72,8706.710000000001,W,0.9027777777777778,3,44,visa,0.5416666666666666,87.0,0.9861111111111112,0.08333333333333333,desktop,0.08333333333333333,2,0.027777777777777776,89.0
2988,150,18503.240000000005,W,0.96,4,102,visa,0.6066666666666667,87.0,1.0,0.04,desktop,0.02666666666666667,1,0.006666666666666667,500.0
2989,220,34225.154,W,0.9090909090909091,4,146,visa,0.5636363636363636,87.0,0.9727272727272728,0.06818181818181818,desktop,0.03636363636363636,4,0.01818181818181818,496.9
2990,286,46572.648,W,0.9125874125874126,4,184,visa,0.5909090909090909,87.0,0.951048951048951,0.07692307692307693,mobile,0.045454545454545456,3,0.01048951048951049,625.542
2991,296,41511.21800000001,W,0.8952702702702703,5,179,visa,0.5878378378378378,87.0,0.9324324324324325,0.08783783783783784,desktop,0.05405405405405406,8,0.02702702702702703,1784.528
2992,286,34740.630999999994,W,0.8706293706293706,5,171,visa,0.5524475524475524,87.0,0.951048951048951,0.12237762237762238,desktop,0.09090909090909091,5,0.017482517482517484,414.9200000000001
2993,287,40982.06,W,0.8501742160278746,5,180,visa,0.6062717770034843,87.0,0.9094076655052264,0.14285714285714285,desktop,0.10801393728222997,10,0.03484320557491289,470.33799999999997
2994,249,35580.027,W,0.8795180722891566,5,156,visa,0.5461847389558233,87.0,0.9196787148594378,0.10843373493975904,desktop,0.0642570281124498,6,0.024096385542168676,662.6640000000001
2995,262,36606.897000000004,W,0.8244274809160306,5,153,visa,0.5687022900763359,87.0,0.9312977099236641,0.15648854961832062,desktop,0.10305343511450382,1,0.003816793893129771,49.95
2996,273,42259.178,W,0.8498168498168498,5,177,visa,0.6336996336996337,87.0,0.8974358974358975,0.1282051282051282,desktop,0.08791208791208792,16,0.05860805860805861,6307.916
2997,258,34709.608,W,0.875968992248062,4,178,visa,0.6550387596899225,87.0,0.9263565891472868,0.10852713178294573,desktop,0.06976744186046512,2,0.007751937984496124,93.301
2998,251,36470.604,W,0.8645418326693227,4,162,visa,0.5179282868525896,87.0,0.900398406374502,0.11952191235059761,desktop,0.07569721115537849,1,0.00398406374501992,35.412
2999,238,27156.477000000006,W,0.8865546218487395,5,153,visa,0.6134453781512605,87.0,0.9033613445378151,0.09663865546218488,mobile,0.0546218487394958,8,0.03361344537815126,1574.168
3000,222,34304.378,W,0.8648648648648649,5,143,visa,0.5675675675675675,87.0,0.9099099099099099,0.12162162162162163,desktop,0.07207207207207207,1,0.0045045045045045045,105.0
3001,170,22480.067000000003,W,0.8588235294117647,5,108,visa,0.6,87.0,0.9117647058823529,0.1411764705882353,desktop,0.1,7,0.041176470588235294,1532.598
3002,166,22137.825000000004,W,0.7469879518072289,5,112,visa,0.6204819277108434,87.0,0.8373493975903614,0.25301204819277107,desktop,0.15060240963855423,10,0.060240963855421686,1372.1009999999999
3003,112,10837.589,W,0.7232142857142857,5,75,visa,0.6607142857142857,87.0,0.7946428571428571,0.26785714285714285,desktop,0.16071428571428573,9,0.08035714285714286,1132.132
3004,84,8431.093,W,0.6428571428571429,5,62,visa,0.5952380952380952,87.0,0.7738095238095238,0.35714285714285715,mobile,0.19047619047619047,2,0.023809523809523808,307.892
3005,60,6877.192,W,0.4666666666666667,5,41,visa,0.5666666666666667,87.0,0.5333333333333333,0.5333333333333333,desktop,0.2833333333333333,20,0.3333333333333333,1941.223
3006,17,2096.6279999999997,W,0.7647058823529411,3,13,mastercard,0.5294117647058824,87.0,0.8235294117647058,0.23529411764705882,desktop,0.23529411764705882,0,0.0,
3007,31,2338.144,W,0.9354838709677419,2,22,visa,0.6451612903225806,87.0,0.9354838709677419,0.06451612903225806,mobile,0.06451612903225806,1,0.03225806451612903,72.0
3008,6,797.95,W,1.0,1,6,visa,0.8333333333333334,87.0,1.0,0.0,,,0,0.0,
3009,14,4315.8,W,1.0,1,12,visa,0.5,87.0,1.0,0.0,,,3,0.21428571428571427,460.0
3010,27,4566.745999999999,W,0.6296296296296297,5,26,mastercard,0.5185185185185185,87.0,0.8888888888888888,0.3333333333333333,mobile,0.25925925925925924,5,0.18518518518518517,75.0
3011,62,8380.043000000001,W,0.9838709677419355,2,50,visa,0.6935483870967742,87.0,0.9838709677419355,0.016129032258064516,desktop,0.016129032258064516,0,0.0,
3012,104,12898.011,W,0.8942307692307693,4,73,visa,0.625,87.0,0.9711538461538461,0.10576923076923077,desktop,0.057692307692307696,3,0.028846153846153848,232.0
3013,159,26781.299000000003,W,0.9371069182389937,5,114,visa,0.5911949685534591,87.0,0.9937106918238994,0.05660377358490566,desktop,0.050314465408805034,1,0.006289308176100629,50.0
3014,206,33163.189,W,0.9077669902912622,5,146,visa,0.616504854368932,87.0,0.9854368932038835,0.07766990291262135,desktop,0.06310679611650485,11,0.05339805825242718,6565.0
3015,217,28933.803,W,0.8755760368663594,5,148,visa,0.6267281105990783,87.0,0.9539170506912442,0.1152073732718894,desktop,0.08755760368663594,6,0.027649769585253458,242.65800000000002
3016,209,32732.866,W,0.8421052631578947,5,139,visa,0.6172248803827751,87.0,0.937799043062201,0.14832535885167464,desktop,0.11483253588516747,1,0.004784688995215311,280.0
3017,216,27456.599000000002,W,0.8101851851851852,5,143,visa,0.6296296296296297,87.0,0.8935185185185185,0.17592592592592593,mobile,0.09722222222222222,12,0.05555555555555555,2896.2
3018,226,36138.59,W,0.827433628318584,5,145,visa,0.6194690265486725,87.0,0.8805309734513275,0.168141592920354,desktop,0.12831858407079647,15,0.06637168141592921,2227.5370000000003
3019,257,39056.469,W,0.8560311284046692,5,182,visa,0.622568093385214,87.0,0.9221789883268483,0.14007782101167315,desktop,0.10894941634241245,9,0.03501945525291829,1244.916
3020,206,31168.191,W,0.8398058252427184,5,135,visa,0.5922330097087378,87.0,0.912621359223301,0.14563106796116504,mobile,0.07281553398058252,12,0.05825242718446602,1585.7
3021,230,26450.898000000005,W,0.8260869565217391,5,152,visa,0.691304347826087,87.0,0.8869565217391304,0.1565217391304348,desktop,0.09565217391304348,3,0.013043478260869565,907.0
3022,215,30085.928000000007,W,0.8511627906976744,5,151,visa,0.5720930232558139,87.0,0.9116279069767442,0.13953488372093023,desktop,0.11162790697674418,8,0.037209302325581395,625.5
3023,251,36890.659999999996,W,0.8685258964143426,5,170,visa,0.6294820717131474,87.0,0.9163346613545816,0.10756972111553785,desktop,0.07569721115537849,9,0.035856573705179286,10744.969999999998
3024,209,25076.765000000003,W,0.8660287081339713,5,148,visa,0.6220095693779905,87.0,0.9186602870813397,0.1339712918660287,mobile,0.07177033492822966,7,0.03349282296650718,379.403
3025,168,18626.307,W,0.8333333333333334,5,120,visa,0.5773809523809523,87.0,0.9166666666666666,0.16666666666666666,desktop,0.13690476190476192,1,0.005952380952380952,35.351
3026,170,15988.559000000001,W,0.6411764705882353,4,119,visa,0.611764705882353,87.0,0.7176470588235294,0.3411764705882353,desktop,0.24705882352941178,25,0.14705882352941177,2134.174
3027,110,11687.842000000002,W,0.7,4,85,visa,0.7,87.0,0.8,0.3,mobile,0.16363636363636364,7,0.06363636363636363,434.72499999999997
3028,63,4943.175999999999,W,0.7777777777777778,2,52,visa,0.746031746031746,87.0,0.7777777777777778,0.20634920634920634,desktop,0.1111111111111111,0,0.0,
3029,47,3971.042999999999,W,0.723404255319149,3,38,visa,0.6808510638297872,87.0,0.7446808510638298,0.2765957446808511,mobile,0.19148936170212766,2,0.0425531914893617,39.102
3030,19,1921.2160000000001,C,0.5789473684210527,2,13,visa,0.6842105263157895,87.0,0.42105263157894735,0.5789473684210527,desktop,0.42105263157894735,0,0.0,
3031,7,426.8,W,1.0,1,5,mastercard,0.8571428571428571,87.0,1.0,0.0,,,1,0.14285714285714285,77.0
3032,8,1599.25,W,1.0,1,8,visa,0.625,87.0,1.0,0.0,,,1,0.125,49.0
3033,18,1044.697,W,0.4444444444444444,4,12,visa,0.8333333333333334,87.0,0.7222222222222222,0.5555555555555556,mobile,0.3333333333333333,0,0.0,
3034,36,3534.7,W,0.9444444444444444,2,29,visa,0.7222222222222222,87.0,1.0,0.05555555555555555,desktop,0.027777777777777776,0,0.0,
3035,38,4268.849999999999,W,0.9473684210526315,2,30,visa,0.6578947368421053,87.0,1.0,0.05263157894736842,desktop,0.05263157894736842,0,0.0,
3036,98,9889.773000000001,W,0.9081632653061225,5,74,visa,0.6224489795918368,87.0,0.9897959183673469,0.09183673469387756,desktop,0.07142857142857142,0,0.0,
3037,131,21215.884000000002,W,0.8625954198473282,5,99,visa,0.549618320610687,87.0,0.9465648854961832,0.13740458015267176,desktop,0.07633587786259542,1,0.007633587786259542,67.95
3038,172,26557.424000000006,W,0.8255813953488372,5,124,visa,0.6395348837209303,87.0,0.9302325581395349,0.1569767441860465,desktop,0.09302325581395349,2,0.011627906976744186,208.95
3039,199,30801.454,W,0.7487437185929648,5,139,visa,0.5829145728643216,87.0,0.8341708542713567,0.21105527638190955,desktop,0.1457286432160804,17,0.08542713567839195,2223.2
3040,169,21501.913,W,0.8461538461538461,5,131,visa,0.6390532544378699,87.0,0.9408284023668639,0.14792899408284024,desktop,0.10059171597633136,6,0.03550295857988166,1694.9
3041,207,31813.357000000004,W,0.8405797101449275,5,145,visa,0.6618357487922706,87.0,0.893719806763285,0.15458937198067632,desktop,0.0966183574879227,2,0.00966183574879227,234.0
3042,191,28602.615999999998,W,0.7696335078534031,5,139,visa,0.6492146596858639,87.0,0.8691099476439791,0.193717277486911,desktop,0.14136125654450263,9,0.04712041884816754,1243.551
3043,191,31424.513,W,0.8272251308900523,5,126,visa,0.6387434554973822,87.0,0.9319371727748691,0.1518324607329843,desktop,0.09947643979057591,8,0.041884816753926704,2043.6639999999998
3044,217,29422.457,W,0.8202764976958525,5,156,visa,0.5944700460829493,87.0,0.8986175115207373,0.16589861751152074,desktop,0.14285714285714285,1,0.004608294930875576,20.0
3045,187,23693.885000000002,W,0.7807486631016043,5,136,visa,0.6684491978609626,87.0,0.8877005347593583,0.20855614973262032,desktop,0.11229946524064172,5,0.026737967914438502,958.2819999999999
3046,215,30435.917,W,0.7906976744186046,5,148,visa,0.5906976744186047,87.0,0.8558139534883721,0.19534883720930232,mobile,0.10232558139534884,4,0.018604651162790697,1045.0
3047,181,21700.071,W,0.861878453038674,4,129,visa,0.580110497237569,87.0,0.9005524861878453,0.13259668508287292,desktop,0.07734806629834254,3,0.016574585635359115,363.95
3048,191,23104.946000000004,W,0.8795811518324608,4,136,visa,0.6020942408376964,87.0,0.9214659685863874,0.11518324607329843,desktop,0.06282722513089005,1,0.005235602094240838,68.5
3049,192,22624.923000000003,W,0.7760416666666666,5,127,visa,0.5729166666666666,87.0,0.8489583333333334,0.21875,mobile,0.13541666666666666,7,0.036458333333333336,442.67999999999995
3050,126,16380.298999999999,W,0.7698412698412699,5,100,visa,0.6428571428571429,87.0,0.8571428571428571,0.2222222222222222,desktop,0.15079365079365079,4,0.031746031746031744,256.51599999999996
3051,101,10153.587000000001,W,0.6831683168316832,5,78,visa,0.7524752475247525,87.0,0.7425742574257426,0.31683168316831684,mobile,0.16831683168316833,0,0.0,
3052,67,8173.148,W,0.6567164179104478,4,56,visa,0.5970149253731343,87.0,0.746268656716418,0.34328358208955223,mobile,0.1791044776119403,2,0.029850746268656716,54.102
3053,31,7580.034,W,0.6129032258064516,2,29,visa,0.6129032258064516,87.0,0.6129032258064516,0.3870967741935484,mobile,0.2903225806451613,5,0.16129032258064516,3578.857
3054,25,2416.9590000000003,W,0.72,3,21,visa,0.68,87.0,0.76,0.16,desktop,0.08,2,0.08,100.0
3055,16,1281.1370000000002,W,0.8125,3,14,visa,0.75,87.0,0.9375,0.1875,desktop,0.125,0,0.0,
3056,18,2735.267,W,0.8888888888888888,3,15,visa,0.8888888888888888,87.0,0.9444444444444444,0.1111111111111111,mobile,0.05555555555555555,0,0.0,
3057,25,3437.1979999999994,W,0.72,3,20,visa,0.76,87.0,0.68,0.28,desktop,0.2,10,0.4,1332.5479999999998
3058,27,5157.732,W,0.9259259259259259,3,24,visa,0.7407407407407407,87.0,0.9259259259259259,0.07407407407407407,mobile,0.037037037037037035,2,0.07407407407407407,137.872
3059,53,6700.592,W,0.9245283018867925,3,38,visa,0.6981132075471698,87.0,0.9811320754716981,0.07547169811320754,desktop,0.05660377358490566,4,0.07547169811320754,773.5
3060,82,12891.014,W,0.8780487804878049,5,61,visa,0.6951219512195121,87.0,0.9512195121951219,0.12195121951219512,mobile,0.07317073170731707,4,0.04878048780487805,506.0
3061,156,21040.783,W,0.8397435897435898,5,111,visa,0.717948717948718,87.0,0.9294871794871795,0.16025641025641027,desktop,0.12179487179487179,2,0.01282051282051282,194.0
3062,181,22922.373,W,0.7513812154696132,5,135,visa,0.6132596685082873,87.0,0.9116022099447514,0.22099447513812154,desktop,0.15469613259668508,0,0.0,
3063,224,32946.94500000001,W,0.8214285714285714,4,154,visa,0.6696428571428571,87.0,0.8705357142857143,0.17410714285714285,desktop,0.10714285714285714,4,0.017857142857142856,971.773
3064,236,31810.93,W,0.8177966101694916,5,163,visa,0.635593220338983,87.0,0.9152542372881356,0.17372881355932204,desktop,0.11864406779661017,3,0.012711864406779662,179.95
3065,232,40335.301999999996,W,0.7974137931034483,5,165,visa,0.6336206896551724,87.0,0.9137931034482759,0.16810344827586207,desktop,0.11206896551724138,3,0.01293103448275862,394.9
3066,248,40243.031,W,0.8145161290322581,5,172,visa,0.6209677419354839,87.0,0.8629032258064516,0.16129032258064516,desktop,0.0967741935483871,9,0.036290322580645164,1146.691
3067,216,28760.592,W,0.8287037037037037,5,145,visa,0.6712962962962963,87.0,0.9027777777777778,0.1527777777777778,desktop,0.08796296296296297,6,0.027777777777777776,879.6700000000001
3068,217,25360.813000000002,W,0.8617511520737328,5,155,visa,0.6589861751152074,87.0,0.9124423963133641,0.12903225806451613,desktop,0.07373271889400922,1,0.004608294930875576,171.0
3069,233,35256.787,W,0.8025751072961373,5,172,visa,0.7296137339055794,87.0,0.8841201716738197,0.1888412017167382,desktop,0.09871244635193133,4,0.017167381974248927,542.5
3070,232,33928.19500000001,W,0.8232758620689655,4,161,visa,0.6551724137931034,87.0,0.8922413793103449,0.15086206896551724,desktop,0.10344827586206896,6,0.02586206896551724,1907.312
3071,206,28093.508,W,0.8446601941747572,4,137,visa,0.6941747572815534,87.0,0.8640776699029126,0.13106796116504854,mobile,0.07766990291262135,5,0.024271844660194174,453.209
3072,178,19902.665,W,0.8033707865168539,4,126,visa,0.5898876404494382,87.0,0.8707865168539326,0.19101123595505617,desktop,0.12921348314606743,8,0.0449438202247191,575.808
3073,138,16427.249,W,0.9057971014492754,5,98,visa,0.572463768115942,87.0,0.9492753623188406,0.08695652173913043,mobile,0.050724637681159424,2,0.014492753623188406,255.0
3074,93,8154.231,W,0.7634408602150538,4,76,visa,0.6666666666666666,87.0,0.8387096774193549,0.22580645161290322,mobile,0.16129032258064516,6,0.06451612903225806,581.5889999999999
3075,87,7974.441,W,0.7011494252873564,5,66,visa,0.735632183908046,87.0,0.735632183908046,0.2988505747126437,mobile,0.1724137931034483,3,0.034482758620689655,136.883
3076,52,4769.2970000000005,W,0.5384615384615384,5,40,visa,0.6346153846153846,87.0,0.6538461538461539,0.4423076923076923,desktop,0.28846153846153844,2,0.038461538461538464,118.0
3077,24,1765.32,W,0.6666666666666666,4,22,visa,0.7916666666666666,87.0,0.8333333333333334,0.3333333333333333,mobile,0.25,3,0.125,99.0
3078,20,1703.1370000000002,W,0.9,3,19,visa,0.65,87.0,0.95,0.1,desktop,0.05,0,0.0,
3079,10,500.746,W,0.5,4,9,mastercard,0.5,87.0,0.8,0.5,mobile,0.5,2,0.2,24.346
3080,3,99.165,W,0.6666666666666666,2,3,mastercard,0.6666666666666666,87.0,0.6666666666666666,0.3333333333333333,mobile,0.3333333333333333,1,0.3333333333333333,6.165
3081,12,1115.723,W,0.6666666666666666,4,11,visa,0.6666666666666666,87.0,0.9166666666666666,0.3333333333333333,mobile,0.16666666666666666,2,0.16666666666666666,86.883
3082,10,858.979,W,0.7,3,10,visa,0.7,87.0,0.8,0.3,desktop,0.2,0,0.0,
3083,26,3597.9570000000003,W,0.8461538461538461,3,23,visa,0.6538461538461539,87.0,0.8846153846153846,0.15384615384615385,mobile,0.11538461538461539,0,0.0,
3084,53,8186.021,W,0.8867924528301887,4,44,visa,0.7358490566037735,87.0,0.9433962264150944,0.09433962264150944,desktop,0.07547169811320754,1,0.018867924528301886,554.0
3085,75,9558.003,W,0.8,5,58,visa,0.68,87.0,0.96,0.2,desktop,0.12,2,0.02666666666666667,135.833
3086,124,16549.686,W,0.7903225806451613,5,100,visa,0.5725806451612904,87.0,0.8870967741935484,0.20967741935483872,desktop,0.12903225806451613,1,0.008064516129032258,55.332
3087,144,20044.351,W,0.8263888888888888,5,109,visa,0.6875,87.0,0.9027777777777778,0.16666666666666666,mobile,0.10416666666666667,3,0.020833333333333332,488.9
3088,177,20976.408000000003,W,0.7966101694915254,5,142,visa,0.5988700564971752,87.0,0.8700564971751412,0.1807909604519774,mobile,0.10734463276836158,3,0.01694915254237288,160.44299999999998
3089,202,26956.403,W,0.8415841584158416,5,142,visa,0.6138613861386139,87.0,0.905940594059406,0.1485148514851485,desktop,0.09900990099009901,2,0.009900990099009901,209.0
3090,200,19995.189000000002,W,0.885,5,135,visa,0.655,87.0,0.925,0.115,mobile,0.085,8,0.04,585.8499999999999
3091,203,25480.440000000002,W,0.8719211822660099,5,132,visa,0.6847290640394089,87.0,0.9556650246305419,0.09359605911330049,mobile,0.04926108374384237,8,0.03940886699507389,832.35
3092,197,23282.372000000003,W,0.7766497461928934,4,137,visa,0.700507614213198,87.0,0.8578680203045685,0.18781725888324874,desktop,0.116751269035533,4,0.02030456852791878,446.0
3093,148,20796.167999999998,W,0.8378378378378378,5,108,visa,0.6824324324324325,87.0,0.8851351351351351,0.14189189189189189,mobile,0.08108108108108109,2,0.013513513513513514,1057.95
3094,165,21671.846000000005,W,0.8666666666666667,5,111,visa,0.696969696969697,87.0,0.9272727272727272,0.13333333333333333,mobile,0.09090909090909091,3,0.01818181818181818,294.0
3095,166,17002.338,W,0.8072289156626506,5,124,visa,0.6445783132530121,87.0,0.891566265060241,0.1746987951807229,desktop,0.10240963855421686,3,0.018072289156626505,1194.49
3096,155,15877.350000000002,W,0.8516129032258064,5,107,visa,0.6387096774193548,87.0,0.8903225806451613,0.13548387096774195,mobile,0.07741935483870968,2,0.012903225806451613,135.95
3097,121,11240.132000000001,W,0.8347107438016529,4,100,visa,0.7107438016528925,87.0,0.8760330578512396,0.1652892561983471,mobile,0.09090909090909091,3,0.024793388429752067,220.37
3098,104,10786.515000000001,W,0.7692307692307693,5,77,visa,0.6826923076923077,87.0,0.8653846153846154,0.23076923076923078,mobile,0.16346153846153846,0,0.0,
3099,58,5816.015,W,0.6724137931034483,3,52,visa,0.7241379310344828,87.0,0.6896551724137931,0.3275862068965517,mobile,0.22413793103448276,8,0.13793103448275862,460.68899999999996
3100,48,3696.087,C,0.5208333333333334,4,38,visa,0.5625,87.0,0.4791666666666667,0.5625,desktop,0.3125,15,0.3125,1359.0079999999998
3101,40,3692.443,W,0.675,3,32,visa,0.5,87.0,0.65,0.325,mobile,0.275,2,0.05,92.22
3102,22,2294.512,W,0.6818181818181818,3,20,visa,0.7272727272727273,87.0,0.7272727272727273,0.3181818181818182,mobile,0.3181818181818182,4,0.18181818181818182,184.44
3103,10,734.1129999999999,C,0.6,2,9,visa,0.9,87.0,0.4,0.6,mobile,0.6,5,0.5,230.55
3104,9,462.748,W,0.6666666666666666,2,8,visa,0.8888888888888888,87.0,0.6666666666666666,0.3333333333333333,desktop,0.2222222222222222,1,0.1111111111111111,46.11
3105,7,684.8000000000001,W,0.8571428571428571,2,6,visa,0.5714285714285714,87.0,1.0,0.14285714285714285,desktop,0.14285714285714285,0,0.0,
3106,15,1137.6320000000003,W,0.8666666666666667,2,11,visa,0.8666666666666667,87.0,0.8666666666666667,0.13333333333333333,mobile,0.13333333333333333,0,0.0,
3107,20,2724.5199999999995,W,1.0,1,18,visa,0.7,87.0,1.0,0.0,,,1,0.05,222.0
3108,43,4633.959,W,0.8604651162790697,3,36,visa,0.6976744186046512,87.0,0.9302325581395349,0.13953488372093023,desktop,0.06976744186046512,1,0.023255813953488372,77.0
3109,63,5188.628,W,0.8412698412698413,3,54,visa,0.6031746031746031,87.0,0.873015873015873,0.15873015873015872,mobile,0.12698412698412698,1,0.015873015873015872,186.0
3110,113,10627.394,W,0.7345132743362832,5,86,visa,0.5752212389380531,87.0,0.8938053097345132,0.24778761061946902,mobile,0.1415929203539823,12,0.10619469026548672,1698.4460000000001
3111,126,18137.045000000002,W,0.8174603174603174,4,98,visa,0.6746031746031746,87.0,0.9047619047619048,0.16666666666666666,mobile,0.09523809523809523,5,0.03968253968253968,498.62799999999993
3112,165,14673.525999999998,W,0.7333333333333333,5,119,visa,0.6606060606060606,87.0,0.7757575757575758,0.2545454545454545,desktop,0.1393939393939394,5,0.030303030303030304,277.152
3113,155,17385.75,W,0.8193548387096774,5,117,visa,0.6838709677419355,87.0,0.896774193548387,0.17419354838709677,desktop,0.09032258064516129,4,0.025806451612903226,694.0
3114,168,15804.073,W,0.7738095238095238,5,126,visa,0.6666666666666666,87.0,0.8571428571428571,0.20833333333333334,desktop,0.11904761904761904,7,0.041666666666666664,610.51
3115,192,17469.822,W,0.7916666666666666,5,133,visa,0.6822916666666666,87.0,0.828125,0.1875,desktop,0.109375,16,0.08333333333333333,3054.254
3116,170,18281.72,W,0.8470588235294118,5,129,visa,0.6705882352941176,87.0,0.9,0.14705882352941177,mobile,0.1,6,0.03529411764705882,468.90299999999996
3117,161,16695.171000000002,W,0.8012422360248447,5,118,visa,0.6645962732919255,87.0,0.8944099378881988,0.18633540372670807,mobile,0.09316770186335403,7,0.043478260869565216,1163.138
3118,201,17992.442,W,0.8208955223880597,4,148,visa,0.6517412935323383,87.0,0.8855721393034826,0.17412935323383086,desktop,0.0945273631840796,8,0.03980099502487562,789.124
3119,182,17814.287000000004,W,0.8516483516483516,4,141,visa,0.6648351648351648,87.0,0.8846153846153846,0.14835164835164835,desktop,0.09340659340659341,17,0.09340659340659341,1808.3180000000002
3120,167,16050.554,W,0.8862275449101796,4,114,visa,0.7305389221556886,87.0,0.8982035928143712,0.11377245508982035,mobile,0.059880239520958084,16,0.09580838323353294,2129.904
3121,168,14616.868000000002,W,0.8154761904761905,5,123,visa,0.6607142857142857,87.0,0.8690476190476191,0.18452380952380953,desktop,0.1130952380952381,6,0.03571428571428571,959.9000000000001
3122,128,12303.129,W,0.7265625,5,96,visa,0.6171875,87.0,0.8359375,0.265625,mobile,0.171875,5,0.0390625,786.6239999999998
3123,72,7410.3550000000005,W,0.7222222222222222,5,55,visa,0.8194444444444444,87.0,0.8055555555555556,0.2777777777777778,mobile,0.1527777777777778,1,0.013888888888888888,40.0
3124,41,3460.303,W,0.8536585365853658,3,38,visa,0.6097560975609756,87.0,0.8780487804878049,0.14634146341463414,mobile,0.0975609756097561,0,0.0,
3125,33,3370.4190000000003,W,0.8181818181818182,3,27,visa,0.696969696969697,87.0,0.8484848484848485,0.18181818181818182,mobile,0.18181818181818182,4,0.12121212121212122,122.18599999999999
3126,20,2649.2999999999997,W,0.9,2,18,visa,0.75,87.0,1.0,0.1,desktop,0.1,0,0.0,
3127,19,2149.47,W,0.8421052631578947,2,17,visa,0.631578947368421,87.0,1.0,0.15789473684210525,desktop,0.15789473684210525,0,0.0,
3128,8,799.233,W,0.75,3,8,mastercard,0.5,87.0,0.875,0.25,desktop,0.25,0,0.0,
3129,12,1301.65,W,0.9166666666666666,2,10,visa,0.5833333333333334,87.0,1.0,0.08333333333333333,desktop,0.08333333333333333,0,0.0,
3130,25,3063.153,W,0.64,5,21,visa,0.72,87.0,0.76,0.36,desktop,0.32,0,0.0,
3131,53,4415.485,W,0.8301886792452831,4,41,visa,0.6792452830188679,87.0,0.9245283018867925,0.16981132075471697,desktop,0.11320754716981132,2,0.03773584905660377,79.431
3132,95,11969.782000000005,W,0.8842105263157894,4,74,visa,0.7157894736842105,87.0,0.9052631578947369,0.11578947368421053,desktop,0.07368421052631578,1,0.010526315789473684,331.0
3133,110,14094.187000000004,W,0.8181818181818182,5,90,visa,0.7,87.0,0.9818181818181818,0.18181818181818182,desktop,0.15454545454545454,2,0.01818181818181818,607.0
3134,165,26612.255999999998,W,0.8424242424242424,5,129,visa,0.5818181818181818,87.0,0.9636363636363636,0.14545454545454545,desktop,0.10303030303030303,4,0.024242424242424242,750.136
3135,204,41663.066999999995,W,0.7843137254901961,5,146,visa,0.6617647058823529,87.0,0.8872549019607843,0.2107843137254902,desktop,0.12254901960784313,6,0.029411764705882353,513.034
3136,182,25883.076,W,0.8681318681318682,4,117,visa,0.7197802197802198,87.0,0.945054945054945,0.12087912087912088,desktop,0.07142857142857142,2,0.01098901098901099,615.0
3137,196,28770.0,W,0.8316326530612245,5,142,visa,0.5612244897959183,87.0,0.8979591836734694,0.14795918367346939,desktop,0.09183673469387756,9,0.04591836734693878,700.356
3138,195,26904.999,W,0.8717948717948718,5,150,visa,0.6256410256410256,87.0,0.9435897435897436,0.1282051282051282,mobile,0.06666666666666667,7,0.035897435897435895,1000.4000000000001
3139,163,30485.632999999998,W,0.8773006134969326,5,132,visa,0.6687116564417178,87.0,0.950920245398773,0.12269938650306748,mobile,0.07975460122699386,6,0.03680981595092025,554.773
3140,199,25476.740999999998,W,0.8341708542713567,5,125,visa,0.6884422110552764,87.0,0.8894472361809045,0.1658291457286432,desktop,0.12562814070351758,7,0.035175879396984924,145.77
3141,210,40653.181,W,0.8523809523809524,4,155,visa,0.6428571428571429,87.0,0.9333333333333333,0.1380952380952381,desktop,0.10476190476190476,6,0.02857142857142857,1718.546
3142,189,20415.143000000004,W,0.8412698412698413,5,129,visa,0.5978835978835979,87.0,0.91005291005291,0.15343915343915343,desktop,0.09523809523809523,9,0.047619047619047616,1569.112
3143,153,19726.692000000003,W,0.803921568627451,5,112,visa,0.6666666666666666,87.0,0.8627450980392157,0.1895424836601307,desktop,0.11764705882352941,2,0.013071895424836602,871.5
3144,204,26448.438000000002,W,0.7990196078431373,5,146,visa,0.6911764705882353,87.0,0.8725490196078431,0.18137254901960784,desktop,0.11274509803921569,3,0.014705882352941176,741.649
3145,141,12872.545000000002,W,0.8652482269503546,4,104,visa,0.6099290780141844,87.0,0.8936170212765957,0.12056737588652482,mobile,0.07801418439716312,5,0.03546099290780142,567.266
3146,125,13106.616000000002,W,0.744,5,95,visa,0.632,87.0,0.792,0.256,desktop,0.152,3,0.024,62.841
3147,101,7297.08,W,0.6435643564356436,4,84,visa,0.594059405940594,87.0,0.7128712871287128,0.3564356435643564,mobile,0.2079207920792079,9,0.0891089108910891,411.54999999999995
3148,56,4652.219,W,0.6785714285714286,3,44,visa,0.6428571428571429,87.0,0.6964285714285714,0.30357142857142855,mobile,0.16071428571428573,6,0.10714285714285714,299.346
3149,23,3754.0029999999997,W,0.7391304347826086,3,17,visa,0.8260869565217391,87.0,0.782608695652174,0.2608695652173913,desktop,0.13043478260869565,2,0.08695652173913043,80.908
3150,30,3292.9259999999995,W,0.8,3,22,visa,0.7666666666666667,87.0,0.8666666666666667,0.2,mobile,0.1,2,0.06666666666666667,209.0
3151,12,2193.804,W,0.75,3,10,visa,0.75,87.0,0.8333333333333334,0.25,desktop,0.16666666666666666,1,0.08333333333333333,150.0
3152,8,555.85,W,0.875,2,7,mastercard,0.5,87.0,1.0,0.125,mobile,0.125,1,0.125,60.0
3153,10,698.9660000000001,W,0.8,2,7,visa,0.6,87.0,0.8,0.2,desktop,0.1,2,0.2,47.216
3154,15,1363.5500000000002,W,1.0,1,15,visa,0.6666666666666666,87.0,1.0,0.0,,,0,0.0,
3155,50,4765.009999999999,W,0.94,2,40,visa,0.7,87.0,1.0,0.06,mobile,0.06,4,0.08,771.0
3156,81,11347.874,W,0.9012345679012346,5,59,visa,0.7407407407407407,87.0,0.9753086419753086,0.09876543209876543,desktop,0.04938271604938271,1,0.012345679012345678,67.95
3157,105,15277.598,W,0.8,5,92,visa,0.6761904761904762,87.0,0.8761904761904762,0.2,mobile,0.11428571428571428,4,0.0380952380952381,206.552
3158,185,33069.424,W,0.772972972972973,5,131,visa,0.654054054054054,87.0,0.9027027027027027,0.15135135135135136,desktop,0.08648648648648649,8,0.043243243243243246,3392.9219999999996
3159,182,29926.442000000003,W,0.7912087912087912,5,126,visa,0.6263736263736264,87.0,0.8791208791208791,0.1813186813186813,desktop,0.12637362637362637,2,0.01098901098901099,93.265
3160,182,33257.304000000004,W,0.8681318681318682,5,132,visa,0.5604395604395604,87.0,0.945054945054945,0.1043956043956044,desktop,0.08241758241758242,3,0.016483516483516484,356.0
3161,197,29716.334,W,0.8071065989847716,5,144,visa,0.6598984771573604,87.0,0.8984771573604061,0.16243654822335024,desktop,0.1065989847715736,10,0.050761421319796954,931.308
3162,183,20837.443,W,0.825136612021858,5,125,visa,0.6065573770491803,87.0,0.912568306010929,0.15300546448087432,mobile,0.10382513661202186,5,0.0273224043715847,337.0
3163,177,28761.139,W,0.8248587570621468,5,116,visa,0.6610169491525424,87.0,0.9378531073446328,0.1751412429378531,desktop,0.0903954802259887,9,0.05084745762711865,2842.4049999999997
3164,201,27456.108,W,0.8059701492537313,5,139,visa,0.6965174129353234,87.0,0.9253731343283582,0.1890547263681592,desktop,0.11940298507462686,9,0.04477611940298507,832.9179999999999
3165,178,22990.969,W,0.8764044943820225,5,121,visa,0.601123595505618,87.0,0.9438202247191011,0.11235955056179775,desktop,0.0898876404494382,7,0.03932584269662921,268.658
3166,188,28124.762,W,0.7872340425531915,4,145,visa,0.5691489361702128,87.0,0.8776595744680851,0.19148936170212766,desktop,0.09574468085106383,4,0.02127659574468085,1944.091
3167,188,23563.562000000005,W,0.8297872340425532,5,135,visa,0.6117021276595744,87.0,0.9148936170212766,0.14893617021276595,desktop,0.10638297872340426,5,0.026595744680851064,1281.0
3168,187,32237.169,W,0.8342245989304813,5,136,visa,0.7005347593582888,87.0,0.893048128342246,0.1657754010695187,desktop,0.13368983957219252,9,0.0481283422459893,1608.0
3169,143,16370.883999999998,W,0.8251748251748252,5,114,visa,0.6433566433566433,87.0,0.9370629370629371,0.16783216783216784,mobile,0.09090909090909091,4,0.027972027972027972,451.84299999999996
3170,138,13012.259999999998,W,0.6521739130434783,5,99,visa,0.6159420289855072,87.0,0.7971014492753623,0.3333333333333333,mobile,0.1956521739130435,14,0.10144927536231885,666.6960000000001
3171,81,9502.995,W,0.7283950617283951,5,64,visa,0.6049382716049383,87.0,0.8271604938271605,0.25925925925925924,desktop,0.13580246913580246,2,0.024691358024691357,400.0
3172,57,5227.173,W,0.6842105263157895,4,41,visa,0.6842105263157895,87.0,0.7368421052631579,0.2982456140350877,mobile,0.17543859649122806,0,0.0,
3173,34,3063.628,W,0.6470588235294118,3,26,mastercard,0.5294117647058824,87.0,0.6764705882352942,0.35294117647058826,desktop,0.29411764705882354,0,0.0,
3174,20,4977.7119999999995,W,0.85,3,17,visa,0.7,87.0,0.95,0.15,desktop,0.1,0,0.0,
3175,26,4118.419,W,0.8461538461538461,3,21,visa,0.6923076923076923,87.0,0.9615384615384616,0.15384615384615385,desktop,0.15384615384615385,1,0.038461538461538464,117.0
3176,9,1023.7,W,1.0,1,9,visa,0.6666666666666666,87.0,1.0,0.0,,,0,0.0,
3177,10,1145.69,W,1.0,1,9,visa,0.7,87.0,1.0,0.0,,,1,0.1,226.0
3178,24,4558.175,W,0.9166666666666666,2,19,mastercard,0.5416666666666666,87.0,0.9166666666666666,0.08333333333333333,desktop,0.08333333333333333,3,0.125,2213.0
3179,51,10060.589,W,0.803921568627451,5,39,visa,0.6470588235294118,87.0,0.9411764705882353,0.19607843137254902,desktop,0.17647058823529413,0,0.0,
3180,78,8387.900000000001,W,0.8974358974358975,4,67,visa,0.6538461538461539,87.0,0.9871794871794872,0.08974358974358974,desktop,0.0641025641025641,2,0.02564102564102564,1108.0
3181,131,18189.310000000005,W,0.8778625954198473,5,100,visa,0.6030534351145038,87.0,0.9694656488549618,0.12213740458015267,desktop,0.07633587786259542,5,0.03816793893129771,607.0
3182,141,13904.498,W,0.9361702127659575,5,102,visa,0.6666666666666666,87.0,0.9574468085106383,0.05673758865248227,mobile,0.028368794326241134,1,0.0070921985815602835,29.0
3183,172,21409.372000000003,W,0.8023255813953488,5,124,visa,0.6395348837209303,87.0,0.9186046511627907,0.1511627906976744,desktop,0.11046511627906977,3,0.01744186046511628,444.0
3184,173,30897.378,W,0.8034682080924855,5,126,visa,0.6473988439306358,87.0,0.953757225433526,0.19653179190751446,desktop,0.16184971098265896,4,0.023121387283236993,401.0
3185,204,44442.221,W,0.8872549019607843,5,146,visa,0.6323529411764706,87.0,0.9558823529411765,0.10294117647058823,desktop,0.09313725490196079,12,0.058823529411764705,5212.85
3186,151,22289.935,W,0.8079470198675497,4,105,visa,0.6688741721854304,87.0,0.8741721854304636,0.15894039735099338,mobile,0.08609271523178808,8,0.052980132450331126,601.842
3187,187,34573.572,W,0.8288770053475936,5,136,visa,0.5989304812834224,87.0,0.9251336898395722,0.15508021390374332,desktop,0.10160427807486631,7,0.0374331550802139,4950.331
3188,188,27500.173000000003,W,0.8138297872340425,5,126,visa,0.6063829787234043,87.0,0.9148936170212766,0.18617021276595744,desktop,0.16489361702127658,9,0.047872340425531915,1772.9
3189,207,25719.075000000004,W,0.8357487922705314,5,140,visa,0.6859903381642513,87.0,0.9033816425120773,0.1497584541062802,mobile,0.08695652173913043,11,0.05314009661835749,1675.74
3190,167,23079.031000000003,W,0.8862275449101796,5,120,visa,0.6706586826347305,87.0,0.9281437125748503,0.10179640718562874,desktop,0.07784431137724551,4,0.023952095808383235,2768.0
3191,173,21862.816000000003,W,0.8265895953757225,5,125,visa,0.6242774566473989,87.0,0.9017341040462428,0.16184971098265896,desktop,0.10982658959537572,8,0.046242774566473986,700.867
3192,204,24903.321,W,0.7794117647058824,5,145,visa,0.6715686274509803,87.0,0.8529411764705882,0.2107843137254902,mobile,0.10784313725490197,5,0.024509803921568627,823.702
3193,135,15851.993,W,0.8074074074074075,5,108,visa,0.6444444444444445,87.0,0.8666666666666667,0.1925925925925926,desktop,0.13333333333333333,5,0.037037037037037035,1230.0
3194,121,9881.780000000002,W,0.7603305785123967,5,89,visa,0.6198347107438017,87.0,0.8347107438016529,0.2396694214876033,mobile,0.12396694214876033,2,0.01652892561983471,73.0
3195,79,8695.568,W,0.6962025316455697,4,60,visa,0.7468354430379747,87.0,0.810126582278481,0.3037974683544304,desktop,0.20253164556962025,8,0.10126582278481013,594.8240000000001
3196,65,8806.894,W,0.7384615384615385,4,51,visa,0.6307692307692307,87.0,0.9076923076923077,0.26153846153846155,mobile,0.16923076923076924,7,0.1076923076923077,1558.5
3197,38,3529.9880000000003,W,0.4473684210526316,4,24,visa,0.8157894736842105,87.0,0.5789473684210527,0.5263157894736842,mobile,0.3157894736842105,11,0.2894736842105263,605.6609999999998
3198,23,1391.603,W,0.6521739130434783,2,19,visa,0.6521739130434783,87.0,0.6521739130434783,0.34782608695652173,mobile,0.21739130434782608,3,0.13043478260869565,71.19300000000001
3199,17,1179.105,W,0.7647058823529411,2,13,visa,0.7647058823529411,87.0,0.7647058823529411,0.23529411764705882,mobile,0.11764705882352941,5,0.29411764705882354,175.22400000000002
3200,6,568.9,W,1.0,1,6,visa,0.5,87.0,1.0,0.0,,,0,0.0,
3201,20,8268.93,W,0.95,2,14,visa,0.4,87.0,0.95,0.05,mobile,0.05,7,0.35,6031.0
3202,22,2842.9699999999993,W,0.8636363636363636,2,22,mastercard,0.6363636363636364,87.0,0.8636363636363636,0.13636363636363635,mobile,0.09090909090909091,2,0.09090909090909091,607.97
3203,49,5166.632,W,0.8775510204081632,4,40,visa,0.5102040816326531,87.0,0.9387755102040817,0.10204081632653061,desktop,0.061224489795918366,0,0.0,
3204,88,13361.466999999999,W,0.8409090909090909,4,68,visa,0.5795454545454546,87.0,0.9318181818181818,0.14772727272727273,desktop,0.07954545454545454,5,0.056818181818181816,1228.0
3205,120,15148.445,W,0.8333333333333334,5,97,visa,0.575,87.0,0.9416666666666667,0.16666666666666666,desktop,0.09166666666666666,0,0.0,
3206,156,19139.265000000003,W,0.8012820512820513,5,117,visa,0.5961538461538461,87.0,0.9166666666666666,0.19230769230769232,desktop,0.17307692307692307,9,0.057692307692307696,1439.152
3207,151,19484.074,W,0.8211920529801324,5,120,visa,0.7284768211920529,87.0,0.9271523178807947,0.16556291390728478,desktop,0.09933774834437085,1,0.006622516556291391,56.99
3208,196,25894.838,W,0.8418367346938775,5,136,visa,0.6377551020408163,87.0,0.9438775510204082,0.15306122448979592,desktop,0.10714285714285714,6,0.030612244897959183,1764.9
3209,172,27682.791000000005,W,0.813953488372093,5,135,visa,0.6162790697674418,87.0,0.9302325581395349,0.1511627906976744,desktop,0.11046511627906977,9,0.05232558139534884,1785.816
3210,181,29711.994999999995,W,0.856353591160221,5,136,visa,0.5966850828729282,87.0,0.9226519337016574,0.12154696132596685,desktop,0.08839779005524862,9,0.049723756906077346,1307.531
3211,165,24065.839,W,0.8484848484848485,5,122,visa,0.6484848484848484,87.0,0.9393939393939394,0.1393939393939394,desktop,0.09696969696969697,6,0.03636363636363636,967.0
3212,160,22532.675,W,0.76875,5,120,visa,0.6125,87.0,0.875,0.2125,desktop,0.175,5,0.03125,258.95
3213,191,26991.29,W,0.8481675392670157,4,136,visa,0.6596858638743456,87.0,0.900523560209424,0.14136125654450263,desktop,0.07329842931937172,4,0.020942408376963352,583.0
3214,179,25053.016000000003,W,0.7486033519553073,5,125,visa,0.6983240223463687,87.0,0.9050279329608939,0.24581005586592178,desktop,0.1340782122905028,10,0.055865921787709494,1003.0210000000001
3215,149,21781.099000000002,W,0.7651006711409396,5,116,visa,0.5570469798657718,87.0,0.8187919463087249,0.2214765100671141,mobile,0.12080536912751678,17,0.11409395973154363,937.475
3216,84,7447.434,W,0.6428571428571429,4,69,visa,0.6547619047619048,87.0,0.7380952380952381,0.35714285714285715,mobile,0.20238095238095238,4,0.047619047619047616,479.834
3217,144,14138.357,W,0.7638888888888888,4,100,visa,0.7222222222222222,87.0,0.8263888888888888,0.2361111111111111,mobile,0.1388888888888889,9,0.0625,546.579
3218,120,12087.721000000001,W,0.7416666666666667,4,93,visa,0.7,87.0,0.8083333333333333,0.25,mobile,0.16666666666666666,2,0.016666666666666666,174.403
3219,82,14780.997000000001,W,0.7195121951219512,5,60,visa,0.7560975609756098,87.0,0.8292682926829268,0.2804878048780488,mobile,0.14634146341463414,4,0.04878048780487805,536.0
3220,59,4175.875,C,0.559322033898305,5,38,visa,0.6440677966101694,87.0,0.4406779661016949,0.576271186440678,mobile,0.3898305084745763,3,0.05084745762711865,237.786
3221,28,2409.5249999999996,W,0.6428571428571429,4,25,visa,0.6428571428571429,87.0,0.7857142857142857,0.32142857142857145,desktop,0.21428571428571427,0,0.0,
3222,18,1966.46,W,0.7777777777777778,3,17,visa,0.7777777777777778,87.0,0.8888888888888888,0.16666666666666666,mobile,0.1111111111111111,0,0.0,
3223,13,797.959,W,0.7692307692307693,2,12,visa,0.7692307692307693,87.0,0.7692307692307693,0.23076923076923078,mobile,0.15384615384615385,1,0.07692307692307693,97.0
3224,17,1417.664,W,0.7647058823529411,2,14,visa,0.7058823529411765,87.0,0.7647058823529411,0.23529411764705882,desktop,0.23529411764705882,4,0.23529411764705882,143.864
3225,17,1184.0629999999999,C,0.5294117647058824,3,17,visa,0.7058823529411765,87.0,0.47058823529411764,0.5882352941176471,desktop,0.4117647058823529,9,0.5294117647058824,347.487
3226,35,3888.3269999999993,W,0.7142857142857143,5,27,visa,0.6857142857142857,87.0,0.8,0.2571428571428571,desktop,0.22857142857142856,6,0.17142857142857143,215.79600000000002
3227,55,6180.839999999999,W,0.8727272727272727,4,47,visa,0.7090909090909091,87.0,0.9636363636363636,0.12727272727272726,mobile,0.09090909090909091,0,0.0,
3228,99,12742.969000000001,W,0.7676767676767676,5,74,visa,0.6060606060606061,87.0,0.9292929292929293,0.2222222222222222,desktop,0.13131313131313133,1,0.010101010101010102,107.95
3229,145,24423.576,W,0.8827586206896552,5,113,visa,0.6137931034482759,87.0,0.9517241379310345,0.11724137931034483,desktop,0.07586206896551724,5,0.034482758620689655,898.247
3230,163,28907.618000000002,W,0.7730061349693251,5,115,visa,0.6932515337423313,87.0,0.901840490797546,0.2085889570552147,desktop,0.147239263803681,2,0.012269938650306749,268.171
3231,162,23222.692000000003,W,0.7901234567901234,5,120,visa,0.6851851851851852,87.0,0.8703703703703703,0.2037037037037037,mobile,0.1111111111111111,2,0.012345679012345678,153.935
3232,225,28705.858,W,0.7911111111111111,5,140,visa,0.6533333333333333,87.0,0.88,0.18222222222222223,desktop,0.12,4,0.017777777777777778,358.578
3233,191,39116.834,W,0.8848167539267016,5,139,visa,0.612565445026178,87.0,0.9581151832460733,0.09424083769633508,desktop,0.05235602094240838,8,0.041884816753926704,768.8499999999999
3234,231,40067.583,W,0.8354978354978355,5,156,visa,0.6796536796536796,87.0,0.8961038961038961,0.15151515151515152,desktop,0.10822510822510822,11,0.047619047619047616,1841.886
3235,221,33472.157,W,0.7873303167420814,5,154,visa,0.669683257918552,87.0,0.8687782805429864,0.20361990950226244,desktop,0.10407239819004525,11,0.049773755656108594,1747.492
3236,215,36850.799999999996,W,0.8465116279069768,5,146,visa,0.6790697674418604,87.0,0.8976744186046511,0.13488372093023257,desktop,0.10232558139534884,2,0.009302325581395349,2890.95
3237,188,27253.370000000003,W,0.824468085106383,5,144,visa,0.6223404255319149,87.0,0.8882978723404256,0.16489361702127658,desktop,0.12234042553191489,6,0.031914893617021274,306.69
3238,211,31607.185,W,0.8530805687203792,5,152,visa,0.6255924170616114,87.0,0.8957345971563981,0.13270142180094788,mobile,0.08056872037914692,6,0.02843601895734597,646.566
3239,214,28741.217,W,0.8598130841121495,5,143,visa,0.705607476635514,87.0,0.9158878504672897,0.11682242990654206,desktop,0.06074766355140187,3,0.014018691588785047,833.95
3240,177,28925.668999999998,W,0.8135593220338984,5,125,visa,0.6497175141242938,87.0,0.8531073446327684,0.1751412429378531,mobile,0.096045197740113,17,0.096045197740113,9004.467
3241,168,22539.802,W,0.8392857142857143,5,126,visa,0.6726190476190477,87.0,0.8988095238095238,0.16071428571428573,desktop,0.08333333333333333,3,0.017857142857142856,677.8499999999999
3242,108,10794.201000000001,W,0.8518518518518519,4,89,visa,0.6296296296296297,87.0,0.8703703703703703,0.12962962962962962,mobile,0.09259259259259259,1,0.009259259259259259,35.966
3243,60,5122.9039999999995,W,0.7,5,50,visa,0.7,87.0,0.7666666666666667,0.3,mobile,0.16666666666666666,0,0.0,
3244,52,5909.787,W,0.6538461538461539,4,43,visa,0.7115384615384616,87.0,0.6923076923076923,0.34615384615384615,mobile,0.17307692307692307,0,0.0,
3245,43,3339.019,W,0.5813953488372093,4,33,visa,0.6046511627906976,87.0,0.6511627906976745,0.3953488372093023,mobile,0.3023255813953488,3,0.06976744186046512,52.221999999999994
3246,14,1887.133,W,0.5714285714285714,3,14,visa,0.5714285714285714,87.0,0.6428571428571429,0.42857142857142855,mobile,0.35714285714285715,1,0.07142857142857142,14.386
3247,11,1323.175,W,0.9090909090909091,2,10,visa,0.7272727272727273,87.0,0.9090909090909091,0.09090909090909091,desktop,0.09090909090909091,4,0.36363636363636365,902.3050000000001
3248,11,910.8499999999999,W,0.9090909090909091,2,8,visa,0.5454545454545454,87.0,1.0,0.09090909090909091,mobile,0.09090909090909091,0,0.0,
3249,3,96.384,C,0.6666666666666666,2,3,visa,1.0,87.0,0.3333333333333333,0.6666666666666666,mobile,0.6666666666666666,0,0.0,
3250,12,1161.304,W,0.8333333333333334,3,12,visa,0.6666666666666666,87.0,0.9166666666666666,0.16666666666666666,mobile,0.16666666666666666,0,0.0,
3251,28,5016.469999999999,W,0.8571428571428571,4,24,visa,0.5714285714285714,87.0,0.8928571428571429,0.14285714285714285,mobile,0.07142857142857142,3,0.10714285714285714,347.0
3252,57,8045.961000000001,W,0.8421052631578947,5,51,visa,0.6842105263157895,87.0,0.9473684210526315,0.15789473684210525,mobile,0.08771929824561403,2,0.03508771929824561,325.0
3253,104,9683.726999999999,W,0.8076923076923077,5,82,visa,0.7019230769230769,87.0,0.9134615384615384,0.19230769230769232,mobile,0.125,4,0.038461538461538464,157.034
3254,107,15108.094000000001,W,0.7383177570093458,4,90,visa,0.5327102803738317,87.0,0.822429906542056,0.24299065420560748,desktop,0.1308411214953271,0,0.0,
3255,151,20772.092,W,0.7417218543046358,5,117,visa,0.7549668874172185,87.0,0.8609271523178808,0.24503311258278146,mobile,0.16556291390728478,9,0.059602649006622516,868.1110000000001
3256,171,18528.831000000002,W,0.847953216374269,5,124,visa,0.672514619883041,87.0,0.9298245614035088,0.14035087719298245,mobile,0.08771929824561403,1,0.005847953216374269,107.0
3257,163,25128.176,W,0.8466257668711656,5,128,visa,0.7116564417177914,87.0,0.9079754601226994,0.147239263803681,mobile,0.09202453987730061,6,0.03680981595092025,854.102
3258,160,22983.758,W,0.8875,5,125,visa,0.625,87.0,0.9375,0.10625,mobile,0.0875,4,0.025,497.5
3259,175,17240.742000000002,W,0.8057142857142857,5,127,visa,0.6457142857142857,87.0,0.8628571428571429,0.18857142857142858,mobile,0.09714285714285714,5,0.02857142857142857,367.406
3260,177,17789.078,W,0.8022598870056498,5,128,visa,0.5819209039548022,87.0,0.864406779661017,0.192090395480226,desktop,0.13559322033898305,9,0.05084745762711865,294.922
3261,152,19035.661999999997,W,0.8881578947368421,5,117,visa,0.6118421052631579,87.0,0.9342105263157895,0.1118421052631579,mobile,0.06578947368421052,3,0.019736842105263157,385.5
3262,178,22270.391000000003,W,0.8202247191011236,5,125,visa,0.6966292134831461,87.0,0.898876404494382,0.1797752808988764,mobile,0.14606741573033707,4,0.02247191011235955,775.9000000000001
3263,147,13035.714,W,0.7619047619047619,5,103,visa,0.7346938775510204,87.0,0.8435374149659864,0.23129251700680273,desktop,0.1360544217687075,11,0.07482993197278912,606.6940000000001
3264,139,16746.9,W,0.8201438848920863,5,101,visa,0.6762589928057554,87.0,0.8776978417266187,0.17985611510791366,mobile,0.09352517985611511,9,0.06474820143884892,1668.306
3265,115,12821.899000000001,W,0.8,5,86,visa,0.6695652173913044,87.0,0.8608695652173913,0.17391304347826086,mobile,0.08695652173913043,2,0.017391304347826087,347.916
3266,79,6552.324,W,0.7468354430379747,4,61,visa,0.620253164556962,87.0,0.7848101265822784,0.24050632911392406,mobile,0.17721518987341772,3,0.0379746835443038,776.0
3267,67,7603.031000000001,W,0.6567164179104478,2,54,visa,0.7164179104477612,87.0,0.6567164179104478,0.3283582089552239,desktop,0.1791044776119403,2,0.029850746268656716,37.81
3268,48,4934.495999999999,W,0.6041666666666666,4,35,visa,0.7291666666666666,87.0,0.75,0.3958333333333333,mobile,0.3333333333333333,1,0.020833333333333332,49.0
3269,31,5044.538999999999,W,0.7096774193548387,4,25,visa,0.6129032258064516,87.0,0.7741935483870968,0.2903225806451613,desktop,0.16129032258064516,1,0.03225806451612903,1224.0
3270,13,2261.621,W,0.8461538461538461,2,12,visa,0.8461538461538461,87.0,0.8461538461538461,0.07692307692307693,mobile,0.07692307692307693,0,0.0,
3271,7,1273.584,W,0.5714285714285714,3,6,visa,0.8571428571428571,87.0,0.7142857142857143,0.42857142857142855,desktop,0.2857142857142857,0,0.0,
3272,5,1303.9,W,1.0,1,5,visa,0.8,87.0,1.0,0.0,,,0,0.0,
3273,6,611.871,W,0.6666666666666666,2,6,visa,0.6666666666666666,87.0,0.6666666666666666,0.3333333333333333,mobile,0.3333333333333333,0,0.0,
3274,9,1782.8000000000002,W,0.6666666666666666,2,8,visa,0.6666666666666666,87.0,1.0,0.3333333333333333,desktop,0.2222222222222222,0,0.0,
3275,18,1515.462,W,0.7222222222222222,4,17,visa,0.6111111111111112,87.0,0.8333333333333334,0.2777777777777778,mobile,0.2222222222222222,0,0.0,
3276,33,3336.651,W,0.8484848484848485,4,29,visa,0.696969696969697,87.0,0.9696969696969697,0.15151515151515152,mobile,0.09090909090909091,1,0.030303030303030304,59.0
3277,66,9757.215,W,0.7878787878787878,5,54,visa,0.5909090909090909,87.0,0.8939393939393939,0.21212121212121213,mobile,0.13636363636363635,4,0.06060606060606061,1750.0
3278,94,16314.389000000003,W,0.8297872340425532,5,67,visa,0.6595744680851063,87.0,0.9042553191489362,0.1595744680851064,mobile,0.0851063829787234,0,0.0,
3279,132,15134.202000000001,W,0.7272727272727273,5,102,visa,0.696969696969697,87.0,0.8333333333333334,0.25757575757575757,mobile,0.12878787878787878,2,0.015151515151515152,260.0
3280,141,17913.688000000002,W,0.7021276595744681,5,107,visa,0.6950354609929078,87.0,0.851063829787234,0.28368794326241137,mobile,0.14893617021276595,3,0.02127659574468085,314.616
3281,138,14271.510999999999,W,0.8478260869565217,5,100,visa,0.6666666666666666,87.0,0.9130434782608695,0.13768115942028986,mobile,0.10144927536231885,3,0.021739130434782608,161.065
3282,158,13980.033,W,0.8544303797468354,5,120,visa,0.7088607594936709,87.0,0.9113924050632911,0.14556962025316456,desktop,0.08227848101265822,13,0.08227848101265822,1224.798
3283,161,14033.106000000002,W,0.7391304347826086,5,112,visa,0.6583850931677019,87.0,0.8633540372670807,0.2360248447204969,mobile,0.14285714285714285,9,0.055900621118012424,674.5880000000001
3284,89,9357.212,W,0.6292134831460674,5,67,visa,0.6629213483146067,87.0,0.7415730337078652,0.33707865168539325,mobile,0.23595505617977527,8,0.0898876404494382,959.489
3285,74,7390.728,W,0.6081081081081081,5,58,visa,0.6756756756756757,87.0,0.8108108108108109,0.3918918918918919,mobile,0.24324324324324326,0,0.0,
3286,213,22249.845000000005,W,0.8497652582159625,5,155,visa,0.6338028169014085,87.0,0.9154929577464789,0.14553990610328638,mobile,0.07511737089201878,5,0.023474178403755867,736.9590000000001
3287,212,22108.401000000005,W,0.7830188679245284,5,142,visa,0.6933962264150944,87.0,0.8679245283018868,0.21226415094339623,mobile,0.12264150943396226,7,0.0330188679245283,1948.837
3288,204,18062.590000000004,W,0.8137254901960784,5,156,visa,0.6372549019607843,87.0,0.8480392156862745,0.18137254901960784,mobile,0.11274509803921569,7,0.03431372549019608,1200.226
3289,149,12506.131000000001,W,0.8456375838926175,4,113,visa,0.6375838926174496,87.0,0.8791946308724832,0.15436241610738255,mobile,0.10738255033557047,1,0.006711409395973154,59.0
3290,136,15109.966,W,0.8529411764705882,4,109,visa,0.6764705882352942,87.0,0.8823529411764706,0.14705882352941177,mobile,0.08088235294117647,6,0.04411764705882353,2967.92
3291,109,7731.657999999999,W,0.7889908256880734,5,81,visa,0.6697247706422018,87.0,0.8256880733944955,0.21100917431192662,mobile,0.13761467889908258,2,0.01834862385321101,262.95
3292,83,5654.489999999999,W,0.7228915662650602,3,64,visa,0.6506024096385542,87.0,0.7349397590361446,0.27710843373493976,mobile,0.20481927710843373,3,0.03614457831325301,389.95
3293,32,2961.5099999999998,W,0.8125,3,27,visa,0.59375,87.0,0.8125,0.1875,mobile,0.1875,3,0.09375,469.214
3294,20,2270.058,W,0.85,2,19,mastercard,0.55,87.0,0.85,0.15,mobile,0.1,1,0.05,120.747
3295,11,657.3320000000001,W,0.8181818181818182,2,10,visa,0.7272727272727273,87.0,0.8181818181818182,0.18181818181818182,mobile,0.09090909090909091,1,0.09090909090909091,120.747
3296,16,1369.284,W,0.875,2,13,visa,0.9375,87.0,0.875,0.125,mobile,0.125,0,0.0,
3297,14,1208.3450000000003,W,0.9285714285714286,2,12,visa,0.6428571428571429,87.0,0.9285714285714286,0.07142857142857142,desktop,0.07142857142857142,1,0.07142857142857142,107.95
3298,34,3529.4339999999997,W,0.9411764705882353,3,24,visa,0.6764705882352942,87.0,0.9705882352941176,0.058823529411764705,desktop,0.029411764705882353,0,0.0,
3299,61,5717.959999999999,W,0.9672131147540983,3,51,visa,0.6557377049180327,87.0,1.0,0.03278688524590164,mobile,0.01639344262295082,0,0.0,
3300,85,9802.000000000002,W,0.8941176470588236,5,70,visa,0.5882352941176471,87.0,0.9647058823529412,0.10588235294117647,desktop,0.058823529411764705,2,0.023529411764705882,149.0
3301,107,14496.098000000002,W,0.897196261682243,5,88,visa,0.7289719626168224,87.0,0.9719626168224299,0.102803738317757,desktop,0.08411214953271028,4,0.037383177570093455,1241.0
3302,171,23482.063000000002,W,0.8654970760233918,5,138,visa,0.6023391812865497,87.0,0.9415204678362573,0.1286549707602339,desktop,0.07602339181286549,4,0.023391812865497075,349.584
3303,165,23287.047,W,0.8363636363636363,5,125,visa,0.5696969696969697,87.0,0.9393939393939394,0.16363636363636364,desktop,0.11515151515151516,2,0.012121212121212121,974.0
3304,127,17168.223,W,0.7637795275590551,5,103,visa,0.6299212598425197,87.0,0.9133858267716536,0.2047244094488189,desktop,0.15748031496062992,1,0.007874015748031496,59.0
3305,144,24015.513,W,0.7986111111111112,5,110,visa,0.6388888888888888,87.0,0.8888888888888888,0.2013888888888889,desktop,0.13194444444444445,4,0.027777777777777776,274.0
3306,160,29074.657,W,0.8,5,111,visa,0.625,87.0,0.9,0.175,desktop,0.10625,2,0.0125,207.95
3307,201,34771.036,W,0.845771144278607,5,140,visa,0.6567164179104478,87.0,0.9552238805970149,0.14925373134328357,desktop,0.1044776119402985,7,0.03482587064676617,764.8
3308,252,51418.526000000005,W,0.8253968253968254,5,157,visa,0.6309523809523809,87.0,0.8809523809523809,0.15476190476190477,desktop,0.10714285714285714,3,0.011904761904761904,473.0
3309,231,33728.258,W,0.8225108225108225,5,160,visa,0.6233766233766234,87.0,0.8831168831168831,0.1471861471861472,desktop,0.09090909090909091,5,0.021645021645021644,373.126
3310,219,28202.484000000004,W,0.8538812785388128,5,156,visa,0.7031963470319634,87.0,0.8949771689497716,0.1232876712328767,desktop,0.0684931506849315,3,0.0136986301369863,517.8
3311,183,20322.095,W,0.8360655737704918,5,138,visa,0.6994535519125683,87.0,0.912568306010929,0.14754098360655737,mobile,0.07650273224043716,7,0.03825136612021858,1331.47
3312,205,24077.782000000007,W,0.8926829268292683,5,147,visa,0.697560975609756,87.0,0.9219512195121952,0.1073170731707317,mobile,0.07317073170731707,2,0.00975609756097561,167.0
3313,182,18481.845,W,0.8681318681318682,5,140,visa,0.6318681318681318,87.0,0.9230769230769231,0.13186813186813187,mobile,0.08241758241758242,4,0.02197802197802198,411.371
3314,148,14462.305999999999,W,0.8108108108108109,5,111,visa,0.668918918918919,87.0,0.8581081081081081,0.1891891891891892,mobile,0.11486486486486487,7,0.0472972972972973,1729.116
3315,102,21270.303,W,0.8235294117647058,5,73,visa,0.6862745098039216,87.0,0.9117647058823529,0.17647058823529413,mobile,0.13725490196078433,9,0.08823529411764706,2892.087
3316,70,7320.901,W,0.6857142857142857,5,56,visa,0.6857142857142857,87.0,0.7714285714285715,0.3142857142857143,mobile,0.17142857142857143,2,0.02857142857142857,612.475
3317,28,2961.2669999999994,W,0.5714285714285714,4,21,visa,0.6785714285714286,87.0,0.6071428571428571,0.42857142857142855,mobile,0.2857142857142857,5,0.17857142857142858,1228.706
3318,30,2299.5899999999997,W,0.8666666666666667,3,26,visa,0.6333333333333333,87.0,1.0,0.13333333333333333,desktop,0.13333333333333333,3,0.1,150.0
3319,7,1519.95,W,1.0,1,6,visa,0.8571428571428571,87.0,1.0,0.0,,,1,0.14285714285714285,554.0
3320,9,1240.598,W,0.6666666666666666,3,8,visa,0.8888888888888888,87.0,0.7777777777777778,0.3333333333333333,desktop,0.2222222222222222,2,0.2222222222222222,7.658
3321,6,3248.45,W,1.0,1,4,discover,0.5,87.0,1.0,0.0,,,3,0.5,2542.0
3322,29,2872.6699999999996,W,0.896551724137931,2,26,visa,0.6206896551724138,87.0,1.0,0.10344827586206896,desktop,0.10344827586206896,1,0.034482758620689655,117.0
3323,64,5116.143,W,0.875,5,56,visa,0.71875,87.0,0.96875,0.125,mobile,0.078125,0,0.0,
3324,74,6359.284000000001,W,0.9324324324324325,5,56,visa,0.7027027027027027,87.0,0.972972972972973,0.06756756756756757,desktop,0.05405405405405406,2,0.02702702702702703,112.519
3325,149,15901.037,W,0.7181208053691275,5,114,visa,0.7046979865771812,87.0,0.912751677852349,0.28187919463087246,mobile,0.18120805369127516,2,0.013422818791946308,107.95
3326,187,23090.001999999997,W,0.7272727272727273,5,137,visa,0.5989304812834224,87.0,0.9144385026737968,0.26737967914438504,mobile,0.13903743315508021,6,0.03208556149732621,100.0
3327,165,31090.556000000004,W,0.8181818181818182,5,123,visa,0.6363636363636364,87.0,0.9090909090909091,0.1696969696969697,desktop,0.09090909090909091,6,0.03636363636363636,707.5420000000001
3328,171,20860.710000000003,W,0.8421052631578947,5,128,visa,0.672514619883041,87.0,0.9415204678362573,0.12280701754385964,desktop,0.07602339181286549,7,0.04093567251461988,407.996
3329,158,19249.425000000003,W,0.8481012658227848,5,116,visa,0.6645569620253164,87.0,0.9177215189873418,0.12025316455696203,desktop,0.08227848101265822,8,0.05063291139240506,1146.23
3330,169,27139.67,W,0.8224852071005917,4,126,visa,0.621301775147929,87.0,0.9053254437869822,0.15384615384615385,desktop,0.10650887573964497,5,0.029585798816568046,155.664
3331,170,20713.478000000003,W,0.7176470588235294,5,121,visa,0.6529411764705882,87.0,0.8588235294117647,0.24705882352941178,desktop,0.15294117647058825,4,0.023529411764705882,129.233
3332,177,22303.729,W,0.7909604519774012,5,129,visa,0.7062146892655368,87.0,0.864406779661017,0.20903954802259886,desktop,0.12429378531073447,6,0.03389830508474576,586.844
3333,183,34008.41,W,0.825136612021858,5,131,visa,0.6120218579234973,87.0,0.9234972677595629,0.16939890710382513,desktop,0.09289617486338798,4,0.02185792349726776,294.153
3334,167,23439.197999999997,W,0.8143712574850299,4,121,visa,0.6706586826347305,87.0,0.8982035928143712,0.15568862275449102,desktop,0.10179640718562874,6,0.03592814371257485,717.975
3335,196,23314.770000000004,W,0.8010204081632653,5,144,visa,0.6938775510204082,87.0,0.8826530612244898,0.18877551020408162,desktop,0.10204081632653061,17,0.08673469387755102,2734.386
3336,172,27569.059,W,0.877906976744186,4,126,visa,0.6627906976744186,87.0,0.9127906976744186,0.10465116279069768,desktop,0.05232558139534884,2,0.011627906976744186,1220.0
3337,147,13841.991,W,0.8095238095238095,5,111,visa,0.6938775510204082,87.0,0.8571428571428571,0.1836734693877551,mobile,0.10204081632653061,2,0.013605442176870748,67.413
3338,140,11961.645,W,0.7,5,107,visa,0.6357142857142857,87.0,0.7571428571428571,0.29285714285714287,mobile,0.22142857142857142,1,0.007142857142857143,24.5
3339,89,6617.133,W,0.6629213483146067,4,62,visa,0.6966292134831461,87.0,0.6966292134831461,0.2808988764044944,mobile,0.20224719101123595,3,0.033707865168539325,214.092
3340,43,3765.408,W,0.8604651162790697,4,36,visa,0.7209302325581395,87.0,0.9534883720930233,0.13953488372093023,mobile,0.11627906976744186,0,0.0,
3341,41,4859.584,W,0.9024390243902439,4,35,visa,0.5121951219512195,87.0,0.9512195121951219,0.0975609756097561,desktop,0.07317073170731707,2,0.04878048780487805,206.59300000000002
3342,16,2357.035,W,0.75,3,15,visa,0.6875,87.0,0.8125,0.25,desktop,0.125,0,0.0,
3343,12,6299.717999999999,W,0.8333333333333334,3,10,visa,0.75,87.0,0.9166666666666666,0.16666666666666666,mobile,0.08333333333333333,2,0.16666666666666666,209.118
3344,8,806.39,W,1.0,1,6,visa,0.5,87.0,1.0,0.0,,,0,0.0,
3345,16,1372.0700000000002,W,0.875,2,14,visa,0.625,87.0,1.0,0.125,desktop,0.125,0,0.0,
3346,43,6061.572,W,0.8837209302325582,5,34,visa,0.6976744186046512,87.0,0.9534883720930233,0.11627906976744186,mobile,0.09302325581395349,1,0.023255813953488372,117.0
3347,63,8720.544000000005,W,0.9047619047619048,3,56,visa,0.5079365079365079,87.0,0.9365079365079365,0.09523809523809523,desktop,0.07936507936507936,2,0.031746031746031744,1024.95
3348,104,13798.623000000001,W,0.8846153846153846,5,86,visa,0.7403846153846154,87.0,0.9326923076923077,0.10576923076923077,mobile,0.057692307692307696,5,0.04807692307692308,3098.0
3349,126,20829.698,W,0.873015873015873,5,95,visa,0.6111111111111112,87.0,0.9761904761904762,0.12698412698412698,desktop,0.09523809523809523,1,0.007936507936507936,75.0
3350,154,18507.445,W,0.7272727272727273,5,115,visa,0.577922077922078,87.0,0.8701298701298701,0.2597402597402597,desktop,0.16883116883116883,2,0.012987012987012988,113.0
3351,177,26669.869,W,0.8531073446327684,5,123,visa,0.655367231638418,87.0,0.943502824858757,0.14124293785310735,desktop,0.12429378531073447,1,0.005649717514124294,57.95
3352,165,27000.622000000003,W,0.8909090909090909,5,129,visa,0.6787878787878788,87.0,0.9393939393939394,0.09090909090909091,mobile,0.048484848484848485,2,0.012121212121212121,256.404
3353,186,30546.760000000002,W,0.8172043010752689,5,140,visa,0.6505376344086021,87.0,0.9193548387096774,0.16666666666666666,desktop,0.11827956989247312,5,0.026881720430107527,1027.1100000000001
3354,176,28621.362,W,0.8125,5,132,visa,0.625,87.0,0.8863636363636364,0.16477272727272727,desktop,0.11931818181818182,7,0.03977272727272727,1226.0059999999999
3355,171,22109.163,W,0.8304093567251462,5,133,visa,0.631578947368421,87.0,0.935672514619883,0.13450292397660818,desktop,0.08771929824561403,0,0.0,
3356,191,32150.338000000003,W,0.7905759162303665,5,143,visa,0.5706806282722513,87.0,0.8795811518324608,0.16753926701570682,desktop,0.13089005235602094,3,0.015706806282722512,5460.95
3357,182,32711.517,W,0.7802197802197802,5,125,visa,0.7142857142857143,87.0,0.8626373626373627,0.16483516483516483,desktop,0.12637362637362637,4,0.02197802197802198,2631.228
3358,171,17066.087,W,0.8187134502923976,5,138,visa,0.6432748538011696,87.0,0.8888888888888888,0.15204678362573099,desktop,0.0935672514619883,10,0.05847953216374269,733.052
3359,176,29516.44,W,0.8693181818181818,5,120,visa,0.6875,87.0,0.9261363636363636,0.125,desktop,0.07386363636363637,6,0.03409090909090909,654.9
3360,165,19114.637,W,0.8363636363636363,5,125,visa,0.6484848484848484,87.0,0.9090909090909091,0.16363636363636364,desktop,0.09696969696969697,2,0.012121212121212121,452.0
3361,127,13137.711000000003,W,0.7086614173228346,5,97,visa,0.6456692913385826,87.0,0.7952755905511811,0.2755905511811024,desktop,0.14960629921259844,3,0.023622047244094488,1004.002
3362,94,9598.318000000001,W,0.8085106382978723,5,71,visa,0.6170212765957447,87.0,0.8723404255319149,0.19148936170212766,desktop,0.10638297872340426,4,0.0425531914893617,178.308
3363,88,8257.97,W,0.6590909090909091,5,70,visa,0.7045454545454546,87.0,0.7727272727272727,0.32954545454545453,mobile,0.17045454545454544,7,0.07954545454545454,594.385
3364,54,4703.488,W,0.6481481481481481,4,48,visa,0.6851851851851852,87.0,0.7037037037037037,0.35185185185185186,mobile,0.3148148148148148,4,0.07407407407407407,52.136
3365,28,1750.115,W,0.6071428571428571,3,19,visa,0.7857142857142857,87.0,0.6428571428571429,0.39285714285714285,mobile,0.35714285714285715,8,0.2857142857142857,461.39599999999996
3366,14,836.4930000000003,W,0.7857142857142857,2,10,visa,0.7857142857142857,87.0,0.7857142857142857,0.21428571428571427,desktop,0.21428571428571427,0,0.0,
3367,10,1291.354,W,0.7,2,10,mastercard,0.4,87.0,0.7,0.3,mobile,0.3,0,0.0,
3368,16,1627.918,W,0.6875,2,13,visa,0.75,87.0,0.6875,0.3125,desktop,0.1875,2,0.125,103.286
3369,9,726.2860000000001,W,0.5555555555555556,4,8,visa,0.5555555555555556,87.0,0.7777777777777778,0.3333333333333333,mobile,0.2222222222222222,4,0.4444444444444444,395.286
3370,18,1716.857,W,0.9444444444444444,2,17,visa,0.6111111111111112,87.0,0.9444444444444444,0.05555555555555555,mobile,0.05555555555555555,0,0.0,
3371,62,7209.079,W,0.7903225806451613,5,51,visa,0.6935483870967742,87.0,0.9838709677419355,0.1935483870967742,desktop,0.11290322580645161,5,0.08064516129032258,306.95
3372,80,10641.515,W,0.9,4,69,visa,0.625,87.0,0.9875,0.1,desktop,0.0625,3,0.0375,365.0
3373,156,21931.532,W,0.8269230769230769,5,115,visa,0.6794871794871795,87.0,0.9551282051282052,0.16666666666666666,desktop,0.09615384615384616,4,0.02564102564102564,368.96599999999995
3374,151,23459.313000000002,W,0.7682119205298014,5,123,visa,0.6688741721854304,87.0,0.8543046357615894,0.2185430463576159,desktop,0.11920529801324503,6,0.039735099337748346,1980.1429999999998
3375,176,40572.781,W,0.8409090909090909,5,131,visa,0.5965909090909091,87.0,0.9318181818181818,0.14772727272727273,desktop,0.10227272727272728,4,0.022727272727272728,444.419
3376,185,32498.650999999998,W,0.8216216216216217,5,122,visa,0.6702702702702703,87.0,0.9351351351351351,0.15675675675675677,desktop,0.10810810810810811,1,0.005405405405405406,422.5
3377,163,20243.574,W,0.7607361963190185,5,119,visa,0.6871165644171779,87.0,0.8895705521472392,0.2085889570552147,desktop,0.1411042944785276,8,0.049079754601226995,1466.0259999999998
3378,152,19758.048000000003,W,0.7763157894736842,5,119,visa,0.6578947368421053,87.0,0.8881578947368421,0.21052631578947367,desktop,0.13815789473684212,3,0.019736842105263157,504.0
3379,181,29715.234,W,0.7845303867403315,5,149,visa,0.6685082872928176,87.0,0.9005524861878453,0.19337016574585636,desktop,0.143646408839779,4,0.022099447513812154,1148.9199999999998
3380,155,27726.287000000004,W,0.7935483870967742,5,120,visa,0.632258064516129,87.0,0.8709677419354839,0.2,desktop,0.11612903225806452,13,0.08387096774193549,1216.1820000000002
3381,166,18487.522000000004,W,0.8192771084337349,5,117,visa,0.6867469879518072,87.0,0.8614457831325302,0.18072289156626506,desktop,0.1144578313253012,8,0.04819277108433735,1722.74
3382,194,28292.843999999997,W,0.8247422680412371,5,126,visa,0.6134020618556701,87.0,0.8917525773195877,0.16494845360824742,desktop,0.12886597938144329,3,0.015463917525773196,304.04200000000003
3383,185,25022.403999999995,W,0.7513513513513513,5,135,visa,0.6864864864864865,87.0,0.827027027027027,0.1891891891891892,mobile,0.0972972972972973,7,0.03783783783783784,1324.5439999999999
3384,159,19228.944000000003,W,0.7987421383647799,5,126,visa,0.5974842767295597,87.0,0.8805031446540881,0.18867924528301888,desktop,0.13836477987421383,1,0.006289308176100629,554.0
3385,144,15008.284,W,0.8055555555555556,5,116,visa,0.6458333333333334,87.0,0.9097222222222222,0.19444444444444445,mobile,0.125,2,0.013888888888888888,490.497
3386,128,15633.152000000002,W,0.6953125,4,88,visa,0.671875,87.0,0.765625,0.2578125,desktop,0.21875,7,0.0546875,182.28799999999998
3387,64,5490.299,W,0.84375,3,52,visa,0.65625,87.0,0.875,0.15625,desktop,0.109375,2,0.03125,196.552
3388,56,10509.226999999999,W,0.5714285714285714,4,44,visa,0.6071428571428571,87.0,0.5714285714285714,0.375,mobile,0.19642857142857142,4,0.07142857142857142,326.46000000000004
3389,40,4134.175,W,0.675,2,33,visa,0.625,87.0,0.675,0.325,desktop,0.175,2,0.05,635.9
3390,25,2446.0460000000003,W,0.84,4,20,visa,0.8,87.0,0.96,0.16,desktop,0.16,0,0.0,
3391,14,1250.98,W,0.6428571428571429,2,9,visa,0.7857142857142857,87.0,0.6428571428571429,0.35714285714285715,desktop,0.35714285714285715,5,0.35714285714285715,62.18
3392,8,948.6619999999999,W,0.75,2,7,visa,0.75,87.0,0.75,0.25,desktop,0.25,2,0.25,31.232
3393,15,4184.779999999999,W,0.9333333333333333,2,14,visa,0.7333333333333333,87.0,1.0,0.06666666666666667,desktop,0.06666666666666667,2,0.13333333333333333,604.0
3394,27,5735.18,W,0.8888888888888888,3,21,visa,0.7407407407407407,87.0,1.0,0.07407407407407407,mobile,0.037037037037037035,2,0.07407407407407407,914.99
3395,69,11165.244000000002,W,0.782608695652174,3,52,visa,0.5072463768115942,87.0,0.9420289855072463,0.21739130434782608,mobile,0.15942028985507245,3,0.043478260869565216,365.98
3396,104,14090.356000000002,W,0.7980769230769231,5,81,visa,0.6442307692307693,87.0,0.9711538461538461,0.20192307692307693,desktop,0.14423076923076922,5,0.04807692307692308,1307.9
3397,125,22828.254,W,0.88,4,98,visa,0.688,87.0,0.936,0.12,mobile,0.08,10,0.08,1381.332
3398,178,28860.697,W,0.8146067415730337,5,132,visa,0.6573033707865169,87.0,0.9438202247191011,0.17415730337078653,desktop,0.12359550561797752,1,0.0056179775280898875,77.95
3399,199,36639.232,W,0.7889447236180904,5,158,visa,0.6582914572864321,87.0,0.8743718592964824,0.19597989949748743,desktop,0.1507537688442211,17,0.08542713567839195,1515.092
3400,212,26139.725,W,0.8679245283018868,5,147,visa,0.6415094339622641,87.0,0.9386792452830188,0.11320754716981132,desktop,0.06132075471698113,8,0.03773584905660377,852.45
3401,197,30597.976,W,0.7461928934010152,5,145,visa,0.7106598984771574,87.0,0.8984771573604061,0.24873096446700507,desktop,0.19796954314720813,9,0.04568527918781726,694.7769999999999
3402,179,37601.468,W,0.8435754189944135,5,131,visa,0.6815642458100558,87.0,0.8938547486033519,0.1452513966480447,desktop,0.08379888268156424,3,0.01675977653631285,621.5
3403,212,34836.8,W,0.8349056603773585,5,152,visa,0.6415094339622641,87.0,0.9150943396226415,0.1650943396226415,desktop,0.08962264150943396,7,0.0330188679245283,1291.8500000000001
3404,195,26667.602000000003,W,0.8307692307692308,5,139,visa,0.717948717948718,87.0,0.9333333333333333,0.15384615384615385,desktop,0.09743589743589744,7,0.035897435897435895,1936.919
3405,227,31892.046000000002,W,0.7797356828193832,5,150,visa,0.7268722466960352,87.0,0.8854625550660793,0.21585903083700442,desktop,0.13215859030837004,12,0.05286343612334802,1793.939
3406,216,34872.434,W,0.8101851851851852,5,163,visa,0.6620370370370371,87.0,0.8657407407407407,0.17592592592592593,mobile,0.08796296296296297,7,0.032407407407407406,2641.8959999999997
3407,207,28840.384,W,0.8792270531400966,5,140,visa,0.6908212560386473,87.0,0.9468599033816425,0.11594202898550725,mobile,0.057971014492753624,13,0.06280193236714976,5995.852
3408,207,23963.067000000003,W,0.9033816425120773,5,137,visa,0.6908212560386473,87.0,0.9758454106280193,0.0821256038647343,mobile,0.04830917874396135,7,0.033816425120772944,871.836
3409,125,15728.304000000002,W,0.864,4,101,visa,0.704,87.0,0.952,0.136,desktop,0.08,4,0.032,1068.0
3410,101,14471.079000000002,W,0.7623762376237624,5,79,visa,0.6732673267326733,87.0,0.8712871287128713,0.2376237623762376,mobile,0.1485148514851485,2,0.019801980198019802,1013.551
3411,69,6726.412,W,0.7536231884057971,4,58,visa,0.6811594202898551,87.0,0.8115942028985508,0.2463768115942029,desktop,0.13043478260869565,3,0.043478260869565216,158.336
3412,73,7396.639,W,0.6575342465753424,4,55,visa,0.6986301369863014,87.0,0.6986301369863014,0.3424657534246575,mobile,0.1780821917808219,2,0.0273972602739726,357.0
3413,30,2615.9249999999993,W,0.7,3,26,visa,0.5333333333333333,87.0,0.7333333333333333,0.26666666666666666,desktop,0.13333333333333333,4,0.13333333333333333,482.082
3414,31,3839.7219999999998,W,0.8709677419354839,3,24,visa,0.7741935483870968,87.0,0.9354838709677419,0.12903225806451613,desktop,0.06451612903225806,6,0.1935483870967742,815.8410000000001
3415,6,371.23600000000005,W,0.8333333333333334,2,6,mastercard,0.6666666666666666,87.0,0.8333333333333334,0.0,,,2,0.3333333333333333,155.386
3416,15,1857.712,W,0.6,5,12,visa,0.7333333333333333,87.0,0.8,0.4,desktop,0.3333333333333333,5,0.3333333333333333,338.81199999999995
3417,9,2184.735,W,0.5555555555555556,3,8,visa,1.0,87.0,0.6666666666666666,0.4444444444444444,desktop,0.4444444444444444,2,0.2222222222222222,130.214
3418,8,1875.8200000000002,W,1.0,1,7,visa,0.75,87.0,1.0,0.0,,,0,0.0,
3419,29,5292.556,W,0.896551724137931,3,24,visa,0.6551724137931034,87.0,0.9655172413793104,0.10344827586206896,desktop,0.10344827586206896,1,0.034482758620689655,97.0
3420,46,4859.378999999999,W,0.9347826086956522,4,39,visa,0.7391304347826086,87.0,0.9782608695652174,0.043478260869565216,desktop,0.043478260869565216,3,0.06521739130434782,336.9
3421,81,18311.381,W,0.8765432098765432,5,66,visa,0.5802469135802469,87.0,0.9753086419753086,0.1111111111111111,desktop,0.06172839506172839,0,0.0,
3422,106,13633.642000000002,W,0.839622641509434,5,85,visa,0.7641509433962265,87.0,0.9339622641509434,0.16037735849056603,desktop,0.09433962264150944,6,0.05660377358490566,370.75
3423,141,19380.222999999998,W,0.7872340425531915,5,113,visa,0.723404255319149,87.0,0.8936170212765957,0.20567375886524822,desktop,0.12056737588652482,5,0.03546099290780142,561.722
3424,158,25075.845,W,0.8291139240506329,5,122,visa,0.6392405063291139,87.0,0.8734177215189873,0.14556962025316456,mobile,0.08227848101265822,6,0.0379746835443038,317.833
3425,159,33814.047000000006,W,0.8616352201257862,5,123,visa,0.6918238993710691,87.0,0.9308176100628931,0.11949685534591195,desktop,0.09433962264150944,3,0.018867924528301886,1349.789
3426,168,19399.905,W,0.7678571428571429,5,117,visa,0.6785714285714286,87.0,0.8571428571428571,0.21428571428571427,desktop,0.125,11,0.06547619047619048,684.203
3427,172,19681.535000000003,W,0.9011627906976745,5,117,visa,0.6802325581395349,87.0,0.9534883720930233,0.09883720930232558,mobile,0.05232558139534884,9,0.05232558139534884,719.947
3428,161,20715.334000000003,W,0.84472049689441,5,112,visa,0.6708074534161491,87.0,0.8881987577639752,0.14285714285714285,desktop,0.09316770186335403,14,0.08695652173913043,1946.0520000000006
3429,170,18165.779000000002,W,0.8529411764705882,5,115,visa,0.6764705882352942,87.0,0.9294117647058824,0.1411764705882353,mobile,0.08235294117647059,1,0.0058823529411764705,77.0
3430,171,20155.632000000005,W,0.8596491228070176,5,128,visa,0.6257309941520468,87.0,0.9415204678362573,0.1111111111111111,mobile,0.05847953216374269,5,0.029239766081871343,1319.9
3431,155,23723.744000000002,W,0.832258064516129,5,127,visa,0.567741935483871,87.0,0.8903225806451613,0.14838709677419354,mobile,0.09032258064516129,2,0.012903225806451613,88.532
3432,135,20250.628,W,0.8148148148148148,5,105,visa,0.674074074074074,87.0,0.8962962962962963,0.17777777777777778,desktop,0.08888888888888889,7,0.05185185185185185,682.0110000000001
3433,95,8716.296000000004,W,0.8210526315789474,4,79,visa,0.6631578947368421,87.0,0.9052631578947369,0.17894736842105263,mobile,0.09473684210526316,2,0.021052631578947368,99.929
3434,92,12024.791000000001,W,0.7934782608695652,4,75,visa,0.7391304347826086,87.0,0.8804347826086957,0.20652173913043478,desktop,0.14130434782608695,4,0.043478260869565216,555.332
3435,74,4861.046,W,0.7432432432432432,4,63,visa,0.7432432432432432,87.0,0.7837837837837838,0.25675675675675674,mobile,0.14864864864864866,2,0.02702702702702703,135.351
3436,47,4701.45,W,0.6382978723404256,3,37,visa,0.7659574468085106,87.0,0.7021276595744681,0.3617021276595745,desktop,0.23404255319148937,5,0.10638297872340426,334.062
3437,21,4126.621,W,0.6190476190476191,3,17,mastercard,0.5238095238095238,87.0,0.6666666666666666,0.38095238095238093,mobile,0.23809523809523808,3,0.14285714285714285,216.268
3438,23,2580.883,W,0.7391304347826086,4,17,mastercard,0.5652173913043478,87.0,0.8260869565217391,0.2608695652173913,mobile,0.21739130434782608,3,0.13043478260869565,154.685
3439,20,1258.313,W,0.65,2,17,mastercard,0.7,87.0,0.65,0.35,mobile,0.3,6,0.3,145.338
3440,5,504.0,W,1.0,1,4,mastercard,0.6,87.0,1.0,0.0,,,0,0.0,
3441,12,1868.75,W,0.8333333333333334,3,10,visa,0.5833333333333334,87.0,1.0,0.16666666666666666,desktop,0.08333333333333333,0,0.0,
3442,9,883.29,W,1.0,1,9,visa,0.7777777777777778,87.0,1.0,0.0,,,0,0.0,
3443,23,4737.314999999999,W,0.8695652173913043,3,19,mastercard,0.5652173913043478,87.0,0.9130434782608695,0.13043478260869565,desktop,0.08695652173913043,0,0.0,
3444,35,3063.237,W,0.8,5,33,visa,0.6571428571428571,87.0,0.9142857142857143,0.2,mobile,0.11428571428571428,0,0.0,
3445,60,9345.786999999998,W,0.8666666666666667,5,51,visa,0.6166666666666667,87.0,0.95,0.13333333333333333,mobile,0.08333333333333333,0,0.0,
3446,87,7776.902999999999,W,0.896551724137931,4,74,visa,0.632183908045977,87.0,0.9540229885057471,0.10344827586206896,mobile,0.09195402298850575,0,0.0,
3447,117,16936.058000000005,W,0.7008547008547008,5,91,visa,0.7521367521367521,87.0,0.8717948717948718,0.26495726495726496,desktop,0.1623931623931624,4,0.03418803418803419,2433.95
3448,137,15466.693,W,0.8102189781021898,5,98,visa,0.6277372262773723,87.0,0.9343065693430657,0.17518248175182483,desktop,0.08759124087591241,6,0.043795620437956206,426.95
3449,142,12242.183,W,0.7746478873239436,4,103,visa,0.647887323943662,87.0,0.8309859154929577,0.20422535211267606,mobile,0.1056338028169014,3,0.02112676056338028,254.772
3450,149,26048.399,W,0.8322147651006712,4,108,visa,0.6644295302013423,87.0,0.8859060402684564,0.1610738255033557,mobile,0.10067114093959731,7,0.04697986577181208,2299.0
3451,155,13489.647,W,0.7870967741935484,5,126,visa,0.6516129032258065,87.0,0.9290322580645162,0.2064516129032258,desktop,0.10967741935483871,3,0.01935483870967742,244.89999999999998
3452,155,12119.175000000001,W,0.7677419354838709,5,122,visa,0.632258064516129,87.0,0.8258064516129032,0.21935483870967742,desktop,0.12258064516129032,2,0.012903225806451613,339.124
3453,163,17929.556000000004,W,0.8404907975460123,5,125,visa,0.6196319018404908,87.0,0.9079754601226994,0.15950920245398773,desktop,0.09202453987730061,4,0.024539877300613498,1106.374
3454,157,14785.717999999999,W,0.8726114649681529,5,116,visa,0.6496815286624203,87.0,0.9363057324840764,0.11464968152866242,desktop,0.06369426751592357,4,0.025477707006369428,432.95
3455,151,21683.993000000002,W,0.9006622516556292,5,116,visa,0.6357615894039735,87.0,0.9403973509933775,0.09271523178807947,mobile,0.046357615894039736,6,0.039735099337748346,944.0
3456,161,14910.562000000002,W,0.84472049689441,5,129,visa,0.577639751552795,87.0,0.906832298136646,0.14906832298136646,desktop,0.08695652173913043,3,0.018633540372670808,1435.708
3457,125,12720.573000000002,W,0.848,4,111,visa,0.608,87.0,0.888,0.136,desktop,0.096,0,0.0,
3458,120,13816.971000000001,W,0.875,5,93,visa,0.6916666666666667,87.0,0.925,0.125,desktop,0.08333333333333333,4,0.03333333333333333,344.09000000000003
3459,87,7478.038,W,0.7241379310344828,4,71,visa,0.7471264367816092,87.0,0.7701149425287356,0.26436781609195403,desktop,0.14942528735632185,7,0.08045977011494253,668.7189999999999
3460,55,5065.788,W,0.8181818181818182,2,46,visa,0.6909090909090909,87.0,0.8181818181818182,0.18181818181818182,mobile,0.10909090909090909,3,0.05454545454545454,551.95
3461,19,1561.45,W,0.8421052631578947,2,18,visa,0.7368421052631579,87.0,0.8421052631578947,0.10526315789473684,mobile,0.10526315789473684,3,0.15789473684210525,187.722
3462,30,3192.823999999999,W,0.8333333333333334,2,17,visa,0.7333333333333333,87.0,0.8333333333333334,0.16666666666666666,mobile,0.1,6,0.2,1173.95
3463,14,2022.0560000000003,W,0.5,5,13,visa,0.5714285714285714,87.0,0.9285714285714286,0.5,desktop,0.2857142857142857,3,0.21428571428571427,475.0
3464,7,569.9159999999999,W,0.7142857142857143,3,7,mastercard,0.5714285714285714,87.0,0.8571428571428571,0.2857142857142857,mobile,0.2857142857142857,1,0.14285714285714285,11.066
3465,12,844.556,W,0.8333333333333334,2,10,visa,0.75,87.0,0.8333333333333334,0.16666666666666666,desktop,0.16666666666666666,0,0.0,
3466,35,4130.161,W,0.8,4,27,mastercard,0.5142857142857142,87.0,0.8285714285714286,0.2,mobile,0.11428571428571428,3,0.08571428571428572,351.0
3467,37,3598.6099999999997,W,0.7837837837837838,4,31,visa,0.6216216216216216,87.0,1.0,0.21621621621621623,desktop,0.1891891891891892,3,0.08108108108108109,196.5
3468,79,11768.179,W,0.8734177215189873,4,61,visa,0.620253164556962,87.0,0.9620253164556962,0.11392405063291139,desktop,0.0759493670886076,4,0.05063291139240506,3017.95
3469,140,17927.161999999997,W,0.8285714285714286,5,102,visa,0.6714285714285714,87.0,0.95,0.15714285714285714,desktop,0.14285714285714285,0,0.0,
3470,155,27853.440000000002,W,0.8580645161290322,5,124,visa,0.6387096774193548,87.0,0.9225806451612903,0.09032258064516129,desktop,0.07096774193548387,1,0.0064516129032258064,315.0
3471,150,33358.255,W,0.8333333333333334,5,117,visa,0.6266666666666667,87.0,0.9333333333333333,0.14,desktop,0.09333333333333334,1,0.006666666666666667,29.95
3472,153,19512.295000000002,W,0.8823529411764706,4,115,visa,0.6601307189542484,87.0,0.954248366013072,0.0915032679738562,desktop,0.06535947712418301,5,0.032679738562091505,812.0
3473,171,22142.473,W,0.8421052631578947,5,136,visa,0.6842105263157895,87.0,0.9005847953216374,0.12280701754385964,desktop,0.1111111111111111,6,0.03508771929824561,888.0
3474,204,31331.987000000005,W,0.7892156862745098,5,145,visa,0.6421568627450981,87.0,0.9215686274509803,0.20098039215686275,desktop,0.12254901960784313,8,0.0392156862745098,649.414
3475,186,30253.89,W,0.8817204301075269,5,139,visa,0.6344086021505376,87.0,0.9408602150537635,0.10215053763440861,desktop,0.08602150537634409,5,0.026881720430107527,1459.0
3476,196,33735.426999999996,W,0.8877551020408163,5,146,visa,0.7040816326530612,87.0,0.9285714285714286,0.10714285714285714,desktop,0.08163265306122448,11,0.05612244897959184,960.603
3477,227,36507.161,W,0.9162995594713657,5,181,visa,0.6035242290748899,87.0,0.9691629955947136,0.07929515418502203,desktop,0.039647577092511016,6,0.02643171806167401,513.0
3478,167,22490.538,W,0.8383233532934131,5,126,visa,0.7005988023952096,87.0,0.9221556886227545,0.1437125748502994,desktop,0.11377245508982035,4,0.023952095808383235,381.21
3479,188,31771.639,W,0.8085106382978723,5,144,visa,0.6702127659574468,87.0,0.8936170212765957,0.1702127659574468,mobile,0.0851063829787234,3,0.015957446808510637,386.69100000000003
3480,193,20990.219000000005,W,0.8393782383419689,4,140,visa,0.6476683937823834,87.0,0.8808290155440415,0.16062176165803108,desktop,0.11917098445595854,10,0.05181347150259067,517.45
3481,139,16844.529000000002,W,0.8920863309352518,4,107,visa,0.7050359712230215,87.0,0.9064748201438849,0.1079136690647482,mobile,0.05755395683453238,2,0.014388489208633094,178.004
3482,136,15943.173999999999,W,0.8382352941176471,5,110,visa,0.6911764705882353,87.0,0.8897058823529411,0.15441176470588236,desktop,0.08088235294117647,7,0.051470588235294115,334.58599999999996
3483,95,10314.511000000006,W,0.8315789473684211,4,83,visa,0.6421052631578947,87.0,0.8842105263157894,0.16842105263157894,mobile,0.11578947368421053,3,0.031578947368421054,400.0
3484,50,5744.597999999999,W,0.74,4,47,visa,0.58,87.0,0.8,0.26,desktop,0.14,1,0.02,335.0
3485,35,6023.082,W,0.9142857142857143,3,30,visa,0.5428571428571428,87.0,0.9428571428571428,0.08571428571428572,mobile,0.08571428571428572,1,0.02857142857142857,117.0
3486,22,3428.6539999999995,W,0.7272727272727273,4,19,visa,0.8181818181818182,87.0,0.8181818181818182,0.2727272727272727,mobile,0.18181818181818182,4,0.18181818181818182,626.604
3487,8,1473.77,W,1.0,1,8,visa,0.75,87.0,1.0,0.0,,,2,0.25,224.95
3488,4,1423.0,W,0.75,2,3,visa,1.0,87.0,1.0,0.25,desktop,0.25,0,0.0,
3489,17,2179.192,W,0.8823529411764706,3,17,visa,0.8235294117647058,87.0,0.9411764705882353,0.11764705882352941,desktop,0.058823529411764705,0,0.0,
3490,28,4572.179,W,0.75,4,23,visa,0.6071428571428571,87.0,0.9642857142857143,0.25,desktop,0.14285714285714285,0,0.0,
3491,58,6911.780000000001,W,0.896551724137931,4,44,visa,0.5517241379310345,87.0,1.0,0.10344827586206896,desktop,0.06896551724137931,0,0.0,
3492,88,13828.135,W,0.8863636363636364,4,64,visa,0.6818181818181818,87.0,0.9659090909090909,0.11363636363636363,desktop,0.07954545454545454,1,0.011363636363636364,53.95
3493,122,15353.02,W,0.8360655737704918,4,94,visa,0.5901639344262295,87.0,0.9262295081967213,0.1557377049180328,desktop,0.10655737704918032,5,0.040983606557377046,602.765
3494,131,22275.048000000003,W,0.8473282442748091,4,100,visa,0.6030534351145038,87.0,0.9465648854961832,0.13740458015267176,desktop,0.11450381679389313,1,0.007633587786259542,30.0
3495,170,25352.076,W,0.8588235294117647,5,132,visa,0.6411764705882353,87.0,0.9470588235294117,0.12352941176470589,desktop,0.08235294117647059,0,0.0,
3496,180,25053.577000000005,W,0.7666666666666667,5,128,visa,0.6722222222222223,87.0,0.9,0.22777777777777777,desktop,0.17777777777777778,4,0.022222222222222223,82.904
3497,203,29412.561,W,0.7586206896551724,5,138,visa,0.6798029556650246,87.0,0.9064039408866995,0.20689655172413793,desktop,0.15270935960591134,3,0.014778325123152709,1993.0
3498,183,29405.578000000005,W,0.8743169398907104,5,146,visa,0.7158469945355191,87.0,0.9453551912568307,0.09836065573770492,desktop,0.07103825136612021,4,0.02185792349726776,481.0
3499,162,25499.842,W,0.8024691358024691,5,132,visa,0.6358024691358025,87.0,0.9382716049382716,0.19135802469135801,desktop,0.13580246913580246,3,0.018518518518518517,735.0
3500,164,19656.712,W,0.9024390243902439,5,121,visa,0.7317073170731707,87.0,0.9573170731707317,0.08536585365853659,desktop,0.054878048780487805,6,0.036585365853658534,681.9179999999999
3501,164,26781.650999999998,W,0.7865853658536586,5,125,visa,0.7195121951219512,87.0,0.9207317073170732,0.20121951219512196,desktop,0.13414634146341464,7,0.042682926829268296,520.0
3502,163,21451.659,W,0.8282208588957055,5,123,visa,0.588957055214724,87.0,0.901840490797546,0.15337423312883436,desktop,0.10429447852760736,3,0.018404907975460124,166.734
3503,153,19358.275,W,0.8366013071895425,5,114,visa,0.6209150326797386,87.0,0.9019607843137255,0.12418300653594772,desktop,0.10457516339869281,0,0.0,
3504,171,19775.878000000004,W,0.7426900584795322,5,133,visa,0.6549707602339181,87.0,0.8771929824561403,0.25146198830409355,desktop,0.15204678362573099,13,0.07602339181286549,1300.4499999999998
3505,143,15089.541000000003,W,0.8181818181818182,5,111,visa,0.7202797202797203,87.0,0.8881118881118881,0.17482517482517482,desktop,0.13286713286713286,6,0.04195804195804196,1383.751
3506,120,10827.175,W,0.8166666666666667,4,92,visa,0.7,87.0,0.9,0.18333333333333332,desktop,0.11666666666666667,3,0.025,508.562
3507,73,5558.557,W,0.6986301369863014,4,63,visa,0.6164383561643836,87.0,0.7945205479452054,0.3013698630136986,mobile,0.1643835616438356,9,0.1232876712328767,462.086
3508,50,4135.981,W,0.68,2,41,visa,0.76,87.0,0.68,0.32,desktop,0.16,1,0.02,28.896
3509,41,5901.016,W,0.7073170731707317,5,31,visa,0.7073170731707317,87.0,0.7804878048780488,0.1951219512195122,mobile,0.12195121951219512,2,0.04878048780487805,84.228
3510,22,2431.0600000000004,W,0.8181818181818182,2,19,visa,0.5454545454545454,87.0,0.8181818181818182,0.18181818181818182,desktop,0.18181818181818182,3,0.13636363636363635,476.404
3511,15,4767.87,W,0.9333333333333333,2,13,visa,0.6666666666666666,87.0,1.0,0.06666666666666667,desktop,0.06666666666666667,3,0.2,478.95
3512,14,759.19,W,0.9285714285714286,2,9,visa,0.7857142857142857,87.0,1.0,0.07142857142857142,mobile,0.07142857142857142,0,0.0,
3513,19,2285.006,W,0.8421052631578947,3,17,visa,0.5789473684210527,87.0,0.8947368421052632,0.15789473684210525,desktop,0.15789473684210525,0,0.0,
3514,33,6616.92,W,0.9090909090909091,3,27,visa,0.5757575757575758,87.0,1.0,0.09090909090909091,mobile,0.06060606060606061,3,0.09090909090909091,569.0
3515,77,9080.693000000003,W,0.8571428571428571,4,58,visa,0.5584415584415584,87.0,0.961038961038961,0.14285714285714285,desktop,0.12987012987012986,3,0.03896103896103896,402.0
3516,79,10920.908000000001,W,0.8227848101265823,5,64,visa,0.5822784810126582,87.0,0.9620253164556962,0.17721518987341772,desktop,0.13924050632911392,0,0.0,
3517,131,18369.119000000002,W,0.8396946564885496,5,95,visa,0.5801526717557252,87.0,0.9770992366412213,0.1297709923664122,desktop,0.09923664122137404,2,0.015267175572519083,288.0
3518,178,26542.967,W,0.8258426966292135,5,133,visa,0.6573033707865169,87.0,0.9831460674157303,0.14606741573033707,desktop,0.10674157303370786,3,0.016853932584269662,593.0
3519,168,22838.551,W,0.7619047619047619,5,131,visa,0.6726190476190477,87.0,0.9226190476190477,0.2261904761904762,desktop,0.15476190476190477,0,0.0,
3520,179,21479.341999999997,W,0.8100558659217877,5,132,visa,0.6871508379888268,87.0,0.9553072625698324,0.18994413407821228,desktop,0.13966480446927373,6,0.0335195530726257,908.4720000000001
3521,170,27524.635,W,0.8235294117647058,5,133,visa,0.7,87.0,0.9470588235294117,0.1588235294117647,desktop,0.11764705882352941,4,0.023529411764705882,182.711
3522,195,31827.858999999997,W,0.8205128205128205,5,140,visa,0.6102564102564103,87.0,0.9230769230769231,0.14871794871794872,desktop,0.12307692307692308,9,0.046153846153846156,910.9879999999999
3523,217,29239.672,W,0.8617511520737328,5,144,visa,0.7050691244239631,87.0,0.967741935483871,0.12442396313364056,desktop,0.10599078341013825,6,0.027649769585253458,1461.95
3524,227,32612.318999999996,W,0.8149779735682819,5,159,visa,0.6475770925110133,87.0,0.9074889867841409,0.16299559471365638,desktop,0.0881057268722467,7,0.030837004405286344,685.5300000000001
3525,193,28322.016,W,0.8031088082901554,5,146,visa,0.6632124352331606,87.0,0.9222797927461139,0.19689119170984457,desktop,0.12953367875647667,8,0.04145077720207254,627.5160000000001
3526,214,22554.65,W,0.8271028037383178,4,159,visa,0.6962616822429907,87.0,0.9158878504672897,0.1588785046728972,desktop,0.11214953271028037,4,0.018691588785046728,106.236
3527,261,43100.984,W,0.8735632183908046,5,181,visa,0.6398467432950191,87.0,0.9272030651340997,0.1111111111111111,desktop,0.07662835249042145,3,0.011494252873563218,220.0
3528,192,21154.916,W,0.765625,4,133,visa,0.625,87.0,0.8177083333333334,0.21354166666666666,desktop,0.15104166666666666,6,0.03125,525.409
3529,143,17795.916000000005,W,0.8111888111888111,5,106,visa,0.6783216783216783,87.0,0.9230769230769231,0.1888111888111888,mobile,0.1048951048951049,6,0.04195804195804196,2215.093
3530,108,10623.918,W,0.75,5,89,visa,0.7037037037037037,87.0,0.8425925925925926,0.24074074074074073,desktop,0.1574074074074074,2,0.018518518518518517,108.0
3531,72,8191.028000000001,W,0.6805555555555556,5,63,visa,0.5972222222222222,87.0,0.75,0.3194444444444444,desktop,0.2361111111111111,1,0.013888888888888888,106.053
3532,66,7889.580999999999,W,0.7272727272727273,4,47,visa,0.6363636363636364,87.0,0.7575757575757576,0.25757575757575757,mobile,0.13636363636363635,2,0.030303030303030304,240.0
3533,22,2106.4579999999996,W,0.7727272727272727,3,20,visa,0.7272727272727273,87.0,0.8181818181818182,0.22727272727272727,desktop,0.18181818181818182,0,0.0,
3534,10,726.39,W,1.0,1,9,visa,0.6,87.0,1.0,0.0,,,0,0.0,
3535,10,1488.2200000000003,W,0.9,2,10,visa,0.6,87.0,0.9,0.1,mobile,0.1,0,0.0,
3536,9,611.75,W,0.8888888888888888,2,8,visa,0.8888888888888888,87.0,1.0,0.1111111111111111,mobile,0.1111111111111111,0,0.0,
3537,15,1102.0620000000001,W,0.4666666666666667,5,13,visa,0.6,87.0,0.9333333333333333,0.5333333333333333,desktop,0.3333333333333333,4,0.26666666666666666,400.0
3538,23,3494.5699999999993,W,0.8695652173913043,2,20,visa,0.782608695652174,87.0,0.9565217391304348,0.13043478260869565,mobile,0.08695652173913043,1,0.043478260869565216,117.0
3539,67,7329.648000000001,W,0.8208955223880597,5,49,visa,0.6567164179104478,87.0,0.9253731343283582,0.1791044776119403,desktop,0.1044776119402985,5,0.07462686567164178,259.755
3540,110,14168.798000000004,W,0.8363636363636363,5,81,visa,0.6454545454545455,87.0,0.9272727272727272,0.16363636363636364,desktop,0.16363636363636364,10,0.09090909090909091,506.8879999999999
3541,116,23008.022000000004,W,0.8620689655172413,5,80,visa,0.6810344827586207,87.0,0.9827586206896551,0.1206896551724138,desktop,0.08620689655172414,4,0.034482758620689655,516.0
3542,132,29024.227,W,0.8181818181818182,5,109,visa,0.6136363636363636,87.0,0.9545454545454546,0.14393939393939395,desktop,0.12878787878787878,3,0.022727272727272728,1047.879
3543,161,33217.857,W,0.7453416149068323,5,116,visa,0.6024844720496895,87.0,0.9006211180124224,0.22981366459627328,desktop,0.16770186335403728,3,0.018633540372670808,294.95
3544,183,31731.484,W,0.825136612021858,5,127,visa,0.6612021857923497,87.0,0.9344262295081968,0.16939890710382513,desktop,0.14207650273224043,6,0.03278688524590164,2448.7
3545,198,25492.093,W,0.7828282828282829,5,142,visa,0.6616161616161617,87.0,0.898989898989899,0.17676767676767677,desktop,0.12121212121212122,2,0.010101010101010102,230.0
3546,174,37407.407,W,0.8103448275862069,5,132,visa,0.7298850574712644,87.0,0.9195402298850575,0.16666666666666666,desktop,0.11494252873563218,7,0.040229885057471264,664.01
3547,162,24397.706000000002,W,0.8271604938271605,5,129,visa,0.6666666666666666,87.0,0.9012345679012346,0.13580246913580246,desktop,0.09259259259259259,3,0.018518518518518517,155.0
3548,205,32905.351,W,0.8097560975609757,5,140,visa,0.5756097560975609,87.0,0.9073170731707317,0.18536585365853658,desktop,0.12195121951219512,4,0.01951219512195122,322.45
3549,183,24392.189000000002,W,0.819672131147541,5,127,visa,0.726775956284153,87.0,0.8907103825136612,0.15300546448087432,desktop,0.09836065573770492,6,0.03278688524590164,1159.466
3550,191,28940.898,W,0.8429319371727748,5,136,visa,0.6282722513089005,87.0,0.9057591623036649,0.15706806282722513,desktop,0.09424083769633508,2,0.010471204188481676,150.279
3551,166,24821.004,W,0.7951807228915663,5,124,visa,0.6746987951807228,87.0,0.8795180722891566,0.19879518072289157,desktop,0.12650602409638553,2,0.012048192771084338,242.89999999999998
3552,175,18891.698000000004,W,0.84,5,127,visa,0.6971428571428572,87.0,0.9142857142857143,0.15428571428571428,mobile,0.08571428571428572,3,0.017142857142857144,277.95
3553,186,19310.733000000004,W,0.7365591397849462,5,120,visa,0.7204301075268817,87.0,0.8010752688172043,0.26344086021505375,desktop,0.1774193548387097,2,0.010752688172043012,194.0
3554,85,6791.225,W,0.5529411764705883,4,67,visa,0.5882352941176471,87.0,0.6352941176470588,0.43529411764705883,desktop,0.2823529411764706,5,0.058823529411764705,827.2980000000001
3555,80,5976.156,W,0.575,4,61,visa,0.5875,87.0,0.6375,0.425,mobile,0.2875,4,0.05,281.834
3556,58,4523.233,W,0.5862068965517241,5,38,visa,0.7413793103448276,87.0,0.6896551724137931,0.39655172413793105,mobile,0.2413793103448276,0,0.0,
3557,32,2658.742,W,0.625,3,28,visa,0.6875,87.0,0.6875,0.34375,mobile,0.28125,0,0.0,
3558,10,1234.221,W,0.8,3,9,visa,0.8,87.0,0.9,0.2,desktop,0.2,0,0.0,
3559,12,1650.2220000000002,W,0.8333333333333334,3,10,visa,0.9166666666666666,87.0,0.9166666666666666,0.16666666666666666,desktop,0.08333333333333333,1,0.08333333333333333,59.0
3560,7,635.8800000000001,W,0.7142857142857143,2,6,visa,0.8571428571428571,87.0,1.0,0.2857142857142857,mobile,0.2857142857142857,0,0.0,
3561,9,3148.7000000000003,W,1.0,1,7,visa,1.0,87.0,1.0,0.0,,,0,0.0,
3562,36,4303.176,W,0.8888888888888888,4,26,visa,0.7222222222222222,87.0,0.9722222222222222,0.1111111111111111,desktop,0.1111111111111111,1,0.027777777777777776,59.0
3563,90,13098.760000000002,W,0.8333333333333334,4,61,visa,0.7222222222222222,87.0,0.9888888888888889,0.16666666666666666,desktop,0.15555555555555556,0,0.0,
3564,104,15187.341,W,0.7403846153846154,5,86,visa,0.625,87.0,0.9038461538461539,0.25961538461538464,desktop,0.14423076923076922,2,0.019230769230769232,126.0
3565,128,15955.589,W,0.8046875,5,105,visa,0.65625,87.0,0.8984375,0.1953125,desktop,0.1328125,3,0.0234375,226.18099999999998
3566,172,26613.871000000003,W,0.813953488372093,5,136,visa,0.7093023255813954,87.0,0.8953488372093024,0.16279069767441862,desktop,0.12209302325581395,3,0.01744186046511628,727.0
3567,185,31997.82,W,0.8432432432432433,5,132,visa,0.6324324324324324,87.0,0.9243243243243243,0.15135135135135136,desktop,0.10810810810810811,6,0.032432432432432434,1812.631
3568,230,30191.261000000002,W,0.8173913043478261,5,165,visa,0.7043478260869566,87.0,0.908695652173913,0.16521739130434782,desktop,0.13478260869565217,8,0.034782608695652174,1368.8870000000002
3569,249,50736.724,W,0.7670682730923695,5,171,visa,0.5943775100401606,87.0,0.8674698795180723,0.2248995983935743,desktop,0.17670682730923695,8,0.0321285140562249,1758.882
3570,209,36429.33,W,0.7655502392344498,5,138,visa,0.7033492822966507,87.0,0.9090909090909091,0.22009569377990432,desktop,0.13875598086124402,9,0.0430622009569378,1715.7620000000002
3571,199,31607.801,W,0.8492462311557789,5,139,visa,0.678391959798995,87.0,0.9095477386934674,0.1507537688442211,desktop,0.10050251256281408,4,0.020100502512562814,379.584
3572,220,38599.238999999994,W,0.8090909090909091,5,158,visa,0.6409090909090909,87.0,0.9090909090909091,0.17272727272727273,desktop,0.08636363636363636,4,0.01818181818181818,995.351
3573,221,31149.331000000002,W,0.7420814479638009,5,155,visa,0.665158371040724,87.0,0.8552036199095022,0.248868778280543,desktop,0.15384615384615385,6,0.027149321266968326,313.65
3574,188,21429.948000000004,W,0.824468085106383,5,129,visa,0.6808510638297872,87.0,0.8829787234042553,0.14361702127659576,desktop,0.09574468085106383,11,0.05851063829787234,1751.484
3575,175,24700.883000000005,W,0.8514285714285714,5,128,visa,0.7371428571428571,87.0,0.9371428571428572,0.12,desktop,0.09142857142857143,6,0.03428571428571429,363.0
3576,162,21624.057,W,0.8271604938271605,5,120,visa,0.6728395061728395,87.0,0.9197530864197531,0.16666666666666666,desktop,0.10493827160493827,4,0.024691358024691357,713.098
3577,142,14435.153,W,0.7746478873239436,4,114,visa,0.6056338028169014,87.0,0.8098591549295775,0.19014084507042253,desktop,0.14788732394366197,6,0.04225352112676056,1031.404
3578,90,12038.369,W,0.8333333333333334,5,69,visa,0.6777777777777778,87.0,0.9222222222222223,0.14444444444444443,desktop,0.1111111111111111,1,0.011111111111111112,49.0
3579,74,6648.4310000000005,W,0.7162162162162162,4,61,visa,0.6351351351351351,87.0,0.7702702702702703,0.28378378378378377,desktop,0.25675675675675674,10,0.13513513513513514,446.344
3580,40,7485.199,W,0.875,5,35,visa,0.6,87.0,0.975,0.125,desktop,0.075,2,0.05,300.0
3581,28,3497.3779999999997,W,0.8214285714285714,5,25,visa,0.5714285714285714,87.0,0.9285714285714286,0.17857142857142858,desktop,0.14285714285714285,5,0.17857142857142858,436.507
3582,18,1446.582,W,0.5555555555555556,3,17,visa,0.7777777777777778,87.0,0.7777777777777778,0.4444444444444444,desktop,0.2222222222222222,4,0.2222222222222222,375.096
3583,11,778.7570000000001,W,0.6363636363636364,2,10,visa,0.8181818181818182,87.0,0.6363636363636364,0.36363636363636365,desktop,0.36363636363636365,0,0.0,
3584,8,661.3,W,1.0,1,5,visa,0.75,87.0,1.0,0.0,,,0,0.0,
3585,8,1114.4,W,1.0,1,8,visa,0.625,87.0,1.0,0.0,,,0,0.0,
3586,5,534.9,W,1.0,1,5,mastercard,0.6,87.0,1.0,0.0,,,0,0.0,
3587,29,3404.8999999999996,W,0.9310344827586207,3,27,visa,0.7241379310344828,87.0,1.0,0.06896551724137931,desktop,0.06896551724137931,2,0.06896551724137931,725.0
3588,43,5537.905999999999,W,0.8604651162790697,4,41,visa,0.6744186046511628,87.0,0.9534883720930233,0.13953488372093023,desktop,0.13953488372093023,1,0.023255813953488372,150.0
3589,87,13205.983000000002,W,0.8850574712643678,5,73,visa,0.6551724137931034,87.0,0.9655172413793104,0.11494252873563218,desktop,0.10344827586206896,1,0.011494252873563218,39.0
3590,122,20065.783,W,0.8442622950819673,5,95,visa,0.6557377049180327,87.0,0.9836065573770492,0.13934426229508196,desktop,0.09836065573770492,1,0.00819672131147541,25.0
3591,162,21551.880000000005,W,0.8827160493827161,5,113,visa,0.6728395061728395,87.0,0.9629629629629629,0.10493827160493827,desktop,0.06172839506172839,0,0.0,
3592,147,17789.305,W,0.8367346938775511,4,111,visa,0.7006802721088435,87.0,0.9387755102040817,0.16326530612244897,desktop,0.1292517006802721,0,0.0,
3593,157,25593.985,W,0.8726114649681529,5,120,visa,0.6878980891719745,87.0,0.9745222929936306,0.12101910828025478,desktop,0.07006369426751592,3,0.01910828025477707,586.95
3594,166,22630.884000000002,W,0.8614457831325302,5,119,visa,0.7530120481927711,87.0,0.963855421686747,0.12650602409638553,desktop,0.06626506024096386,2,0.012048192771084338,152.966
3595,174,18108.840000000004,W,0.8505747126436781,5,129,visa,0.7011494252873564,87.0,0.9597701149425287,0.13793103448275862,desktop,0.08620689655172414,10,0.05747126436781609,1124.32
3596,146,20579.870000000003,W,0.863013698630137,5,99,visa,0.6643835616438356,87.0,0.9178082191780822,0.13013698630136986,desktop,0.1095890410958904,1,0.00684931506849315,117.0
3597,156,17110.242,W,0.8910256410256411,4,121,visa,0.7115384615384616,87.0,0.9487179487179487,0.09615384615384616,desktop,0.057692307692307696,4,0.02564102564102564,732.95
3598,148,20891.675,W,0.9256756756756757,4,120,visa,0.7162162162162162,87.0,0.9797297297297297,0.060810810810810814,mobile,0.033783783783783786,3,0.02027027027027027,151.766
3599,166,18132.47,W,0.8855421686746988,4,112,visa,0.6927710843373494,87.0,0.9578313253012049,0.10240963855421686,desktop,0.07228915662650602,6,0.03614457831325301,670.4
3600,133,14323.863,W,0.9323308270676691,4,103,visa,0.6842105263157895,87.0,0.9473684210526315,0.06766917293233082,desktop,0.06015037593984962,0,0.0,
3601,131,19255.386,W,0.8625954198473282,5,102,visa,0.7251908396946565,87.0,0.9618320610687023,0.13740458015267176,desktop,0.0916030534351145,2,0.015267175572519083,251.95
3602,85,7325.019,W,0.8705882352941177,4,61,visa,0.8,87.0,0.9058823529411765,0.12941176470588237,desktop,0.11764705882352941,0,0.0,
3603,52,6290.817999999999,W,0.7884615384615384,3,44,visa,0.6923076923076923,87.0,0.8461538461538461,0.21153846153846154,desktop,0.19230769230769232,5,0.09615384615384616,271.85299999999995
3604,44,3804.9139999999993,W,0.75,3,38,visa,0.6818181818181818,87.0,0.8181818181818182,0.25,desktop,0.18181818181818182,2,0.045454545454545456,63.94
3605,16,1191.3939999999998,W,0.8125,3,14,visa,0.5625,87.0,0.875,0.1875,desktop,0.1875,0,0.0,
3606,13,841.85,W,0.8461538461538461,3,10,visa,0.8461538461538461,87.0,1.0,0.15384615384615385,mobile,0.15384615384615385,1,0.07692307692307693,36.5
3607,9,1375.8000000000002,W,0.8888888888888888,2,6,visa,1.0,87.0,1.0,0.0,,,0,0.0,
3608,10,968.24,W,0.8,2,7,visa,0.8,87.0,0.8,0.2,mobile,0.2,0,0.0,
3609,16,1308.705,W,0.8125,3,10,mastercard,0.6875,87.0,0.9375,0.1875,desktop,0.125,0,0.0,
3610,19,2152.323,W,0.7894736842105263,3,14,visa,0.5789473684210527,87.0,0.8421052631578947,0.21052631578947367,desktop,0.15789473684210525,0,0.0,
3611,30,3729.1349999999993,W,0.8,4,26,visa,0.7666666666666667,87.0,0.9,0.2,desktop,0.1,1,0.03333333333333333,8.915
3612,43,6105.754999999999,W,0.8372093023255814,5,40,visa,0.6511627906976745,87.0,0.9069767441860465,0.16279069767441862,mobile,0.09302325581395349,1,0.023255813953488372,186.0
3613,80,8357.234,W,0.7875,5,68,visa,0.6125,87.0,0.9375,0.1875,mobile,0.1125,0,0.0,
3614,126,13038.158000000003,W,0.8095238095238095,5,89,visa,0.7301587301587301,87.0,0.9206349206349206,0.1746031746031746,desktop,0.11904761904761904,1,0.007936507936507936,49.0
3615,101,11461.112000000003,W,0.8613861386138614,3,78,visa,0.6831683168316832,87.0,0.8811881188118812,0.12871287128712872,desktop,0.06930693069306931,4,0.039603960396039604,324.61899999999997
3616,131,14494.135,W,0.8091603053435115,4,95,visa,0.5572519083969466,87.0,0.8625954198473282,0.19083969465648856,mobile,0.11450381679389313,5,0.03816793893129771,582.95
3617,150,12996.984,W,0.8133333333333334,5,106,visa,0.6666666666666666,87.0,0.9,0.17333333333333334,desktop,0.1,6,0.04,828.908
3618,164,18820.763,W,0.7682926829268293,5,114,visa,0.6707317073170732,87.0,0.8414634146341463,0.2073170731707317,desktop,0.15853658536585366,9,0.054878048780487805,1089.318
3619,182,21715.278000000002,W,0.8186813186813187,5,130,visa,0.6648351648351648,87.0,0.9065934065934066,0.16483516483516483,mobile,0.08791208791208792,13,0.07142857142857142,1456.347
3620,179,31412.635000000002,W,0.8268156424581006,5,135,visa,0.6759776536312849,87.0,0.9217877094972067,0.1564245810055866,mobile,0.08379888268156424,2,0.0111731843575419,185.5
3621,160,15390.139000000001,W,0.8375,5,114,visa,0.7,87.0,0.90625,0.1625,desktop,0.1125,6,0.0375,1948.565
3622,151,16920.847,W,0.847682119205298,5,113,visa,0.6688741721854304,87.0,0.8741721854304636,0.152317880794702,desktop,0.09271523178807947,6,0.039735099337748346,258.976
3623,184,18685.857,W,0.7717391304347826,5,131,visa,0.6032608695652174,87.0,0.8695652173913043,0.22826086956521738,mobile,0.14130434782608695,5,0.02717391304347826,238.87099999999998
3624,159,15295.531000000003,W,0.7232704402515723,5,120,visa,0.6037735849056604,87.0,0.8301886792452831,0.27044025157232704,desktop,0.14465408805031446,0,0.0,
3625,145,15784.165,W,0.8275862068965517,5,111,visa,0.696551724137931,87.0,0.8758620689655172,0.1724137931034483,mobile,0.1103448275862069,3,0.020689655172413793,442.58
3626,126,13512.609,W,0.8968253968253969,4,92,visa,0.7301587301587301,87.0,0.9206349206349206,0.10317460317460317,desktop,0.06349206349206349,0,0.0,
3627,100,10112.702000000003,W,0.84,5,71,visa,0.69,87.0,0.88,0.16,mobile,0.09,2,0.02,58.0
3628,57,7054.014,W,0.7543859649122807,5,43,visa,0.8421052631578947,87.0,0.8245614035087719,0.24561403508771928,mobile,0.14035087719298245,0,0.0,
3629,35,3379.2599999999993,W,0.6285714285714286,4,30,visa,0.6285714285714286,87.0,0.6857142857142857,0.37142857142857144,desktop,0.2571428571428571,10,0.2857142857142857,544.333
3630,17,1333.396,W,0.8235294117647058,4,16,visa,0.7058823529411765,87.0,0.9411764705882353,0.17647058823529413,mobile,0.11764705882352941,1,0.058823529411764705,113.95
3631,22,2080.547,S,0.4090909090909091,4,14,visa,0.8181818181818182,87.0,0.9545454545454546,0.5909090909090909,desktop,0.4090909090909091,15,0.6818181818181818,937.7470000000001
3632,13,1470.9460000000001,W,0.7692307692307693,2,11,visa,0.9230769230769231,87.0,0.7692307692307693,0.15384615384615385,desktop,0.15384615384615385,2,0.15384615384615385,130.706
3633,15,2637.5999999999995,W,1.0,1,14,visa,0.6666666666666666,87.0,1.0,0.0,,,0,0.0,
3634,36,4822.708999999999,W,0.8888888888888888,4,31,visa,0.6111111111111112,87.0,0.9722222222222222,0.1111111111111111,desktop,0.08333333333333333,0,0.0,
3635,71,9385.950000000004,W,0.9154929577464789,3,61,visa,0.676056338028169,87.0,1.0,0.08450704225352113,desktop,0.056338028169014086,5,0.07042253521126761,1074.95
3636,93,15621.315000000002,W,0.8817204301075269,5,73,visa,0.6129032258064516,87.0,0.956989247311828,0.11827956989247312,desktop,0.08602150537634409,2,0.021505376344086023,13.034
3637,176,29324.965,W,0.7840909090909091,5,121,visa,0.6988636363636364,87.0,0.9375,0.21022727272727273,desktop,0.1534090909090909,6,0.03409090909090909,926.0
3638,197,27252.807000000004,W,0.7817258883248731,5,140,visa,0.6091370558375635,87.0,0.9187817258883249,0.19796954314720813,desktop,0.13705583756345177,4,0.02030456852791878,789.95
3639,178,31455.532000000003,W,0.8146067415730337,5,132,visa,0.651685393258427,87.0,0.898876404494382,0.16853932584269662,desktop,0.1348314606741573,3,0.016853932584269662,237.97
3640,234,42830.931000000004,W,0.8290598290598291,5,169,visa,0.6452991452991453,87.0,0.8974358974358975,0.16666666666666666,desktop,0.11538461538461539,7,0.029914529914529916,1423.776
3641,198,31519.151,W,0.7727272727272727,5,127,visa,0.6666666666666666,87.0,0.8838383838383839,0.22727272727272727,desktop,0.14646464646464646,11,0.05555555555555555,884.8
3642,208,45224.945,W,0.7740384615384616,5,136,visa,0.6682692307692307,87.0,0.9182692307692307,0.20673076923076922,desktop,0.19230769230769232,9,0.04326923076923077,359.0
3643,189,36503.288,W,0.8571428571428571,5,142,visa,0.671957671957672,87.0,0.9629629629629629,0.13227513227513227,desktop,0.08465608465608465,3,0.015873015873015872,522.9
3644,215,32284.315000000002,W,0.813953488372093,5,159,visa,0.6558139534883721,87.0,0.9209302325581395,0.17674418604651163,desktop,0.13953488372093023,5,0.023255813953488372,910.833
3645,218,34365.417,W,0.8394495412844036,5,150,visa,0.6330275229357798,87.0,0.944954128440367,0.14678899082568808,desktop,0.0963302752293578,8,0.03669724770642202,557.0
3646,201,31385.178,W,0.8009950248756219,5,138,visa,0.6915422885572139,87.0,0.8855721393034826,0.1890547263681592,desktop,0.12935323383084577,2,0.009950248756218905,52.196
3647,198,31416.763,W,0.8737373737373737,5,147,visa,0.7070707070707071,87.0,0.9242424242424242,0.12121212121212122,mobile,0.0707070707070707,1,0.005050505050505051,126.526
3648,219,28751.887000000002,W,0.863013698630137,5,159,visa,0.7351598173515982,87.0,0.91324200913242,0.1278538812785388,desktop,0.091324200913242,9,0.0410958904109589,2445.553
3649,184,27137.495,W,0.875,5,137,visa,0.6902173913043478,87.0,0.9239130434782609,0.125,desktop,0.07608695652173914,2,0.010869565217391304,3812.0
3650,135,15942.955000000002,W,0.7481481481481481,5,101,visa,0.7851851851851852,87.0,0.8074074074074075,0.2518518518518518,desktop,0.13333333333333333,8,0.05925925925925926,722.952
3651,120,14307.764,W,0.8166666666666667,5,93,visa,0.6666666666666666,87.0,0.8916666666666667,0.18333333333333332,desktop,0.1,3,0.025,106.053
3652,69,12845.675,W,0.7101449275362319,4,53,visa,0.6811594202898551,87.0,0.7681159420289855,0.2898550724637681,desktop,0.18840579710144928,6,0.08695652173913043,256.855
3653,59,6214.737,W,0.8305084745762712,4,28,mastercard,0.6779661016949152,87.0,0.864406779661017,0.1694915254237288,desktop,0.1016949152542373,5,0.0847457627118644,497.45000000000005
3654,45,4520.086,W,0.9111111111111111,4,23,mastercard,0.6222222222222222,87.0,0.9777777777777777,0.08888888888888889,desktop,0.044444444444444446,3,0.06666666666666667,542.0
3655,36,3744.503999999999,W,0.6944444444444444,4,22,visa,0.5833333333333334,87.0,0.9444444444444444,0.3055555555555556,mobile,0.2777777777777778,8,0.2222222222222222,875.0
3656,20,4189.688999999999,W,0.95,2,12,mastercard,0.55,87.0,0.95,0.05,mobile,0.05,0,0.0,
3657,17,2227.95,W,0.9411764705882353,2,15,mastercard,0.6470588235294118,87.0,1.0,0.058823529411764705,desktop,0.058823529411764705,0,0.0,
3658,44,4820.929999999999,W,0.9090909090909091,3,31,visa,0.5,87.0,1.0,0.09090909090909091,desktop,0.09090909090909091,0,0.0,
3659,103,12694.459000000003,W,0.9320388349514563,4,67,visa,0.5825242718446602,87.0,0.9611650485436893,0.06796116504854369,desktop,0.05825242718446602,1,0.009708737864077669,171.0
3660,189,23934.198000000004,W,0.8994708994708994,5,119,visa,0.6243386243386243,87.0,0.9788359788359788,0.09523809523809523,desktop,0.07407407407407407,4,0.021164021164021163,460.0
3661,223,29210.984000000004,W,0.8923766816143498,5,148,visa,0.6098654708520179,87.0,0.9551569506726457,0.10762331838565023,desktop,0.06726457399103139,4,0.017937219730941704,410.0
3662,238,40468.685,W,0.8907563025210085,5,161,visa,0.542016806722689,87.0,0.957983193277311,0.10504201680672269,desktop,0.06302521008403361,0,0.0,
3663,259,34343.311,W,0.8532818532818532,5,163,visa,0.667953667953668,87.0,0.9266409266409267,0.14285714285714285,desktop,0.09266409266409266,3,0.011583011583011582,1470.0
3664,264,38666.01699999999,W,0.8409090909090909,5,162,visa,0.6287878787878788,87.0,0.928030303030303,0.12878787878787878,desktop,0.08712121212121213,7,0.026515151515151516,626.053
3665,252,41418.369,W,0.7896825396825397,5,154,visa,0.626984126984127,87.0,0.9166666666666666,0.19444444444444445,desktop,0.14682539682539683,13,0.051587301587301584,1327.906
3666,234,37926.839,W,0.8589743589743589,5,153,visa,0.594017094017094,87.0,0.9444444444444444,0.12393162393162394,desktop,0.09401709401709402,5,0.021367521367521368,507.9
3667,257,31723.286,W,0.8754863813229572,5,165,visa,0.6147859922178989,87.0,0.9182879377431906,0.11673151750972763,desktop,0.07392996108949416,8,0.0311284046692607,664.718
3668,269,45001.654,W,0.8364312267657993,5,162,visa,0.6431226765799256,87.0,0.8996282527881041,0.14869888475836432,desktop,0.07806691449814127,8,0.02973977695167286,3788.781
3669,241,31490.607,W,0.8672199170124482,5,156,visa,0.5518672199170125,87.0,0.9253112033195021,0.12033195020746888,mobile,0.06224066390041494,15,0.06224066390041494,559.778
3670,226,30958.099000000002,W,0.8761061946902655,5,153,visa,0.5973451327433629,87.0,0.9469026548672567,0.12389380530973451,desktop,0.0752212389380531,7,0.030973451327433628,589.359
3671,193,23274.442000000003,W,0.8911917098445595,5,124,visa,0.5751295336787565,87.0,0.927461139896373,0.09844559585492228,desktop,0.06217616580310881,1,0.0051813471502590676,87.0
3672,185,19517.023,W,0.8702702702702703,5,136,visa,0.6108108108108108,87.0,0.9135135135135135,0.11891891891891893,desktop,0.05945945945945946,0,0.0,
3673,186,21196.976000000002,W,0.8655913978494624,5,133,visa,0.6344086021505376,87.0,0.9301075268817204,0.13440860215053763,desktop,0.06989247311827956,2,0.010752688172043012,105.376
3674,159,16406.872000000003,W,0.7924528301886793,4,109,visa,0.6540880503144654,87.0,0.8490566037735849,0.20754716981132076,desktop,0.11949685534591195,8,0.050314465408805034,943.6650000000001
3675,110,12271.543000000003,W,0.8272727272727273,3,82,visa,0.5727272727272728,87.0,0.8363636363636363,0.17272727272727273,desktop,0.1,1,0.00909090909090909,230.181
3676,59,7382.006,W,0.7796610169491526,4,50,visa,0.6949152542372882,87.0,0.8305084745762712,0.22033898305084745,desktop,0.13559322033898305,0,0.0,
3677,38,5564.928999999999,W,0.6842105263157895,5,32,visa,0.6842105263157895,87.0,0.7631578947368421,0.3157894736842105,mobile,0.18421052631578946,4,0.10526315789473684,1205.223
3678,25,1871.054,W,0.6,3,20,visa,0.72,87.0,0.8,0.4,desktop,0.28,5,0.2,330.0
3679,10,860.75,W,0.9,2,8,visa,0.5,87.0,1.0,0.1,desktop,0.1,0,0.0,
3680,9,1880.77,W,1.0,1,8,visa,0.6666666666666666,87.0,1.0,0.0,,,1,0.1111111111111111,664.0
3681,21,1789.4900000000002,W,0.9523809523809523,2,13,mastercard,0.5714285714285714,87.0,1.0,0.047619047619047616,desktop,0.047619047619047616,0,0.0,
3682,31,3448.1699999999996,W,1.0,1,27,visa,0.5806451612903226,87.0,1.0,0.0,,,1,0.03225806451612903,171.0
3683,83,8397.61,W,0.9397590361445783,3,56,visa,0.6144578313253012,87.0,1.0,0.04819277108433735,desktop,0.04819277108433735,2,0.024096385542168676,188.0
3684,98,13122.08,W,0.8469387755102041,4,72,visa,0.7040816326530612,87.0,1.0,0.15306122448979592,desktop,0.1326530612244898,5,0.05102040816326531,916.95
3685,128,20339.078999999998,W,0.84375,5,94,visa,0.7265625,87.0,0.9765625,0.15625,desktop,0.125,5,0.0390625,868.0
3686,160,25007.622000000003,W,0.70625,5,117,visa,0.55,87.0,0.85625,0.2625,desktop,0.20625,0,0.0,
3687,196,37423.835,W,0.8214285714285714,5,147,visa,0.6683673469387755,87.0,0.9132653061224489,0.15816326530612246,desktop,0.10714285714285714,3,0.015306122448979591,1114.0
3688,208,29808.664,W,0.7932692307692307,5,144,visa,0.6778846153846154,87.0,0.8701923076923077,0.20192307692307693,desktop,0.1201923076923077,4,0.019230769230769232,1079.0
3689,203,40902.960999999996,W,0.7832512315270936,5,134,visa,0.6896551724137931,87.0,0.9113300492610837,0.19704433497536947,desktop,0.1724137931034483,5,0.024630541871921183,1091.5140000000001
3690,174,24733.645,W,0.7988505747126436,5,130,visa,0.6206896551724138,87.0,0.896551724137931,0.20114942528735633,desktop,0.14942528735632185,11,0.06321839080459771,2363.9059999999995
3691,184,26388.331000000002,W,0.8532608695652174,5,135,visa,0.6304347826086957,87.0,0.9239130434782609,0.13043478260869565,desktop,0.09239130434782608,12,0.06521739130434782,1043.125
3692,179,29044.305,W,0.7932960893854749,5,127,visa,0.659217877094972,87.0,0.888268156424581,0.18994413407821228,desktop,0.10614525139664804,5,0.027932960893854747,1559.416
3693,229,36210.380000000005,W,0.8034934497816594,5,139,visa,0.6681222707423581,87.0,0.8908296943231441,0.19213973799126638,desktop,0.1572052401746725,8,0.034934497816593885,375.275
3694,214,29810.765999999996,W,0.8130841121495327,5,142,visa,0.6588785046728972,87.0,0.8457943925233645,0.16822429906542055,desktop,0.16355140186915887,23,0.10747663551401869,426.8249999999999
3695,216,35900.15699999999,W,0.7870370370370371,5,139,visa,0.6527777777777778,87.0,0.8657407407407407,0.2037037037037037,desktop,0.1527777777777778,21,0.09722222222222222,1462.8080000000002
3696,224,33658.708,W,0.8482142857142857,5,152,visa,0.65625,87.0,0.9285714285714286,0.14732142857142858,desktop,0.08928571428571429,5,0.022321428571428572,325.18600000000004
3697,175,19601.716,W,0.8171428571428572,5,124,visa,0.6342857142857142,87.0,0.9142857142857143,0.18285714285714286,desktop,0.09714285714285714,1,0.005714285714285714,198.212
3698,126,16014.970000000003,W,0.8095238095238095,3,95,visa,0.6587301587301587,87.0,0.8253968253968254,0.19047619047619047,desktop,0.10317460317460317,3,0.023809523809523808,105.13199999999999
3699,120,12086.86,W,0.7833333333333333,3,79,visa,0.6833333333333333,87.0,0.7916666666666666,0.21666666666666667,mobile,0.13333333333333333,8,0.06666666666666667,359.044
3700,66,5606.753999999999,W,0.5757575757575758,4,46,visa,0.6363636363636364,87.0,0.6666666666666666,0.42424242424242425,mobile,0.24242424242424243,4,0.06060606060606061,189.789
3701,59,8279.390000000001,W,0.8135593220338984,3,27,mastercard,0.6101694915254238,87.0,0.8305084745762712,0.1694915254237288,mobile,0.1016949152542373,2,0.03389830508474576,415.0
3702,44,5560.191,W,0.8636363636363636,3,25,mastercard,0.6363636363636364,87.0,0.9318181818181818,0.09090909090909091,desktop,0.06818181818181818,3,0.06818181818181818,116.308
3703,32,5185.2300000000005,W,0.96875,2,16,mastercard,0.53125,87.0,1.0,0.03125,mobile,0.03125,2,0.0625,247.0
3704,30,4144.514999999999,W,0.7666666666666667,2,16,visa,0.6666666666666666,87.0,0.7666666666666667,0.23333333333333334,desktop,0.16666666666666666,4,0.13333333333333333,380.59000000000003
3705,31,5905.11,W,1.0,1,19,visa,0.6129032258064516,87.0,1.0,0.0,,,0,0.0,
3706,47,6719.07,W,0.8723404255319149,3,26,mastercard,0.5106382978723404,87.0,1.0,0.1276595744680851,mobile,0.1276595744680851,1,0.02127659574468085,186.0
3707,104,19831.181999999997,W,0.875,5,73,visa,0.5192307692307693,87.0,0.9807692307692307,0.10576923076923077,desktop,0.0673076923076923,0,0.0,
3708,146,24405.177,W,0.9383561643835616,5,93,visa,0.5684931506849316,87.0,0.9863013698630136,0.0547945205479452,desktop,0.04794520547945205,1,0.00684931506849315,226.0
3709,215,32035.131,W,0.8651162790697674,5,136,visa,0.5302325581395348,87.0,0.9488372093023256,0.13488372093023257,desktop,0.09767441860465116,4,0.018604651162790697,131.603
3710,220,25925.397000000004,W,0.8727272727272727,5,132,visa,0.5818181818181818,87.0,0.9409090909090909,0.09545454545454546,desktop,0.05909090909090909,5,0.022727272727272728,664.95
3711,208,34916.421,W,0.7836538461538461,5,140,visa,0.6538461538461539,87.0,0.8798076923076923,0.1971153846153846,desktop,0.11057692307692307,7,0.03365384615384615,210.424
3712,205,25235.157,W,0.8682926829268293,5,141,visa,0.6048780487804878,87.0,0.9512195121951219,0.12195121951219512,desktop,0.08780487804878048,3,0.014634146341463415,177.595
3713,255,37155.035,W,0.8862745098039215,5,148,visa,0.5803921568627451,87.0,0.9411764705882353,0.11372549019607843,desktop,0.08627450980392157,2,0.00784313725490196,275.0
3714,282,38172.367,W,0.9148936170212766,5,162,visa,0.5390070921985816,87.0,0.9716312056737588,0.07446808510638298,desktop,0.05673758865248227,1,0.0035460992907801418,425.0
3715,236,34945.656,W,0.8432203389830508,5,150,visa,0.5423728813559322,87.0,0.902542372881356,0.15677966101694915,desktop,0.11016949152542373,5,0.0211864406779661,1113.2119999999998
3716,259,33399.41,W,0.861003861003861,5,161,visa,0.6177606177606177,87.0,0.9343629343629344,0.1274131274131274,desktop,0.08494208494208494,9,0.03474903474903475,2915.025
3717,229,32051.799,W,0.8558951965065502,5,154,visa,0.6200873362445415,87.0,0.9213973799126638,0.12663755458515283,desktop,0.08733624454148471,7,0.03056768558951965,944.0
3718,247,33490.77,W,0.8785425101214575,5,159,visa,0.6477732793522267,87.0,0.9311740890688259,0.10931174089068826,desktop,0.0931174089068826,11,0.044534412955465584,1195.95
3719,223,32390.985,W,0.8565022421524664,5,133,visa,0.6412556053811659,87.0,0.9237668161434978,0.13452914798206278,desktop,0.08071748878923767,6,0.026905829596412557,2032.85
3720,167,17739.323000000004,W,0.8562874251497006,5,110,visa,0.6167664670658682,87.0,0.9221556886227545,0.1377245508982036,desktop,0.08383233532934131,3,0.017964071856287425,104.71300000000001
3721,164,14869.628,W,0.823170731707317,5,110,visa,0.6280487804878049,87.0,0.8597560975609756,0.17682926829268292,desktop,0.10975609756097561,5,0.03048780487804878,484.954
3722,153,18041.3,W,0.6862745098039216,5,94,visa,0.6666666666666666,87.0,0.7581699346405228,0.3137254901960784,mobile,0.1895424836601307,5,0.032679738562091505,514.0260000000001
3723,98,14018.695,W,0.6632653061224489,4,72,visa,0.6122448979591837,87.0,0.7755102040816326,0.336734693877551,desktop,0.19387755102040816,7,0.07142857142857142,3409.629
3724,86,12280.241000000004,W,0.43023255813953487,4,56,visa,0.627906976744186,87.0,0.6744186046511628,0.5697674418604651,mobile,0.38372093023255816,26,0.3023255813953488,5949.133
3725,46,9037.868999999999,W,0.5869565217391305,4,32,visa,0.7608695652173914,87.0,0.6956521739130435,0.41304347826086957,mobile,0.21739130434782608,8,0.17391304347826086,550.957
3726,19,2932.576,W,0.5789473684210527,3,15,visa,0.7368421052631579,87.0,0.7894736842105263,0.42105263157894735,desktop,0.3157894736842105,4,0.21052631578947367,1001.551
3727,7,455.92,W,0.8571428571428571,2,7,visa,0.5714285714285714,87.0,1.0,0.14285714285714285,mobile,0.14285714285714285,0,0.0,
3728,19,1383.0500000000002,W,1.0,1,17,visa,0.631578947368421,87.0,1.0,0.0,,,0,0.0,
3729,21,4584.0,W,0.9523809523809523,2,19,visa,0.7142857142857143,87.0,1.0,0.0,,,2,0.09523809523809523,1844.0
3730,26,3645.1,W,0.9615384615384616,2,21,visa,0.6923076923076923,87.0,1.0,0.038461538461538464,desktop,0.038461538461538464,0,0.0,
3731,70,11448.044000000002,W,0.8142857142857143,4,54,visa,0.6714285714285714,87.0,0.9285714285714286,0.18571428571428572,desktop,0.14285714285714285,0,0.0,
3732,115,24638.934,W,0.9043478260869565,4,89,visa,0.6086956521739131,87.0,0.9739130434782609,0.09565217391304348,desktop,0.0782608695652174,3,0.02608695652173913,654.95
3733,140,22338.444000000003,W,0.85,5,104,visa,0.7285714285714285,87.0,0.9785714285714285,0.14285714285714285,desktop,0.11428571428571428,6,0.04285714285714286,2166.0
3734,161,30681.037,W,0.84472049689441,5,118,visa,0.639751552795031,87.0,0.9254658385093167,0.14906832298136646,desktop,0.08695652173913043,12,0.07453416149068323,1412.903
3735,212,29890.25,W,0.8301886792452831,5,145,visa,0.6698113207547169,87.0,0.8962264150943396,0.14622641509433962,desktop,0.08490566037735849,4,0.018867924528301886,298.0
3736,240,33750.641,W,0.8125,5,157,visa,0.6708333333333333,87.0,0.9125,0.16666666666666666,desktop,0.1,10,0.041666666666666664,717.9
3737,245,37843.623999999996,W,0.8163265306122449,5,153,visa,0.6163265306122448,87.0,0.9551020408163265,0.17142857142857143,desktop,0.11836734693877551,4,0.0163265306122449,365.707
3738,219,39692.274000000005,W,0.8264840182648402,5,153,visa,0.6484018264840182,87.0,0.8858447488584474,0.1506849315068493,desktop,0.1095890410958904,10,0.045662100456621,5687.95
3739,220,32086.181,W,0.8727272727272727,5,144,visa,0.6727272727272727,87.0,0.9409090909090909,0.12272727272727273,desktop,0.09090909090909091,0,0.0,
3740,239,51108.958,W,0.8368200836820083,5,164,visa,0.6401673640167364,87.0,0.9037656903765691,0.14225941422594143,desktop,0.07531380753138076,2,0.008368200836820083,1000.0
3741,229,35150.382,W,0.8646288209606987,5,153,visa,0.6768558951965066,87.0,0.9213973799126638,0.1222707423580786,mobile,0.07423580786026202,6,0.026200873362445413,531.0609999999999
3742,262,32884.886,W,0.7748091603053435,5,160,visa,0.6221374045801527,87.0,0.8549618320610687,0.1984732824427481,desktop,0.16030534351145037,2,0.007633587786259542,262.95
3743,194,27976.067000000003,W,0.8350515463917526,5,133,visa,0.6494845360824743,87.0,0.8711340206185567,0.14948453608247422,desktop,0.0979381443298969,0,0.0,
3744,193,25054.525,W,0.8031088082901554,5,130,visa,0.6476683937823834,87.0,0.8860103626943006,0.18652849740932642,mobile,0.09844559585492228,3,0.015544041450777202,199.30200000000002
3745,148,15549.753,W,0.8581081081081081,4,112,visa,0.581081081081081,87.0,0.9121621621621622,0.12162162162162163,mobile,0.06756756756756757,2,0.013513513513513514,314.0
3746,103,12767.198000000004,W,0.8349514563106796,5,85,visa,0.5922330097087378,87.0,0.9029126213592233,0.1650485436893204,desktop,0.08737864077669903,2,0.019417475728155338,88.532
3747,71,10086.292000000001,W,0.704225352112676,5,57,visa,0.6056338028169014,87.0,0.7605633802816901,0.28169014084507044,desktop,0.2112676056338028,2,0.028169014084507043,1948.0
3748,33,4557.5960000000005,W,0.6363636363636364,3,27,visa,0.7575757575757576,87.0,0.6666666666666666,0.36363636363636365,desktop,0.2727272727272727,1,0.030303030303030304,944.0
3749,21,2415.611999999999,W,0.8571428571428571,2,17,visa,0.5714285714285714,87.0,0.8571428571428571,0.14285714285714285,desktop,0.09523809523809523,0,0.0,
3750,32,3900.681,W,0.53125,4,24,visa,0.75,87.0,0.71875,0.46875,desktop,0.25,3,0.09375,500.754
3751,9,1106.0,W,1.0,1,8,visa,0.5555555555555556,87.0,1.0,0.0,,,0,0.0,
3752,12,726.0,W,0.9166666666666666,2,9,visa,0.75,87.0,1.0,0.08333333333333333,desktop,0.08333333333333333,0,0.0,
3753,20,15231.361,W,0.85,4,14,visa,0.6,87.0,0.95,0.15,mobile,0.15,0,0.0,
3754,15,1248.8700000000001,W,0.8666666666666667,2,14,visa,0.7333333333333333,87.0,1.0,0.13333333333333333,mobile,0.13333333333333333,2,0.13333333333333333,85.0
3755,25,6861.3,W,0.88,3,22,visa,0.48,87.0,0.92,0.12,mobile,0.12,0,0.0,
3756,54,5239.273,W,0.8333333333333334,5,46,visa,0.7222222222222222,87.0,0.9814814814814815,0.16666666666666666,desktop,0.09259259259259259,0,0.0,
3757,121,14330.065,W,0.8512396694214877,5,88,visa,0.6859504132231405,87.0,0.9173553719008265,0.1487603305785124,mobile,0.08264462809917356,3,0.024793388429752067,794.9
3758,119,16322.402000000004,W,0.865546218487395,5,103,visa,0.6638655462184874,87.0,0.9411764705882353,0.12605042016806722,mobile,0.07563025210084033,1,0.008403361344537815,255.0
3759,151,22239.970000000005,W,0.8543046357615894,5,106,visa,0.6622516556291391,87.0,0.9602649006622517,0.1390728476821192,desktop,0.08609271523178808,0,0.0,
3760,186,33805.965,W,0.8709677419354839,4,124,visa,0.6935483870967742,87.0,0.9139784946236559,0.10752688172043011,mobile,0.06451612903225806,2,0.010752688172043012,576.0
3761,185,43709.138999999996,W,0.8810810810810811,5,133,visa,0.572972972972973,87.0,0.9297297297297298,0.10810810810810811,mobile,0.05405405405405406,2,0.010810810810810811,159.95
3762,178,23167.618000000002,W,0.797752808988764,5,127,visa,0.6629213483146067,87.0,0.9101123595505618,0.20224719101123595,desktop,0.11797752808988764,5,0.028089887640449437,493.19300000000004
3763,192,26128.045000000002,W,0.84375,4,132,visa,0.6458333333333334,87.0,0.8958333333333334,0.15104166666666666,desktop,0.09375,5,0.026041666666666668,834.85
3764,185,24017.387000000002,W,0.827027027027027,5,126,visa,0.7351351351351352,87.0,0.8972972972972973,0.16216216216216217,mobile,0.0918918918918919,7,0.03783783783783784,1117.671
3765,166,19184.811,W,0.8795180722891566,5,119,visa,0.5963855421686747,87.0,0.9337349397590361,0.1144578313253012,desktop,0.0783132530120482,2,0.012048192771084338,275.39300000000003
3766,188,22801.798000000003,W,0.8457446808510638,4,134,visa,0.6808510638297872,87.0,0.9361702127659575,0.14893617021276595,mobile,0.10638297872340426,7,0.03723404255319149,1253.888
3767,168,23513.041,W,0.7797619047619048,5,114,visa,0.6488095238095238,87.0,0.8571428571428571,0.21428571428571427,desktop,0.10714285714285714,5,0.02976190476190476,586.837
3768,134,14710.957,W,0.8059701492537313,5,96,visa,0.6567164179104478,87.0,0.917910447761194,0.1865671641791045,mobile,0.11194029850746269,2,0.014925373134328358,32.708
3769,135,14374.689999999999,W,0.8,5,87,visa,0.7037037037037037,87.0,0.8740740740740741,0.1925925925925926,mobile,0.1037037037037037,5,0.037037037037037035,1114.554
3770,104,8625.212,W,0.8173076923076923,4,71,visa,0.6442307692307693,87.0,0.8557692307692307,0.18269230769230768,mobile,0.10576923076923077,3,0.028846153846153848,170.59400000000002
3771,62,6408.203999999999,W,0.6612903225806451,4,48,visa,0.6290322580645161,87.0,0.7419354838709677,0.3225806451612903,mobile,0.1774193548387097,0,0.0,
3772,57,4861.61,W,0.5614035087719298,5,44,visa,0.631578947368421,87.0,0.6666666666666666,0.43859649122807015,mobile,0.3157894736842105,0,0.0,
3773,30,2789.9409999999993,W,0.6666666666666666,4,21,mastercard,0.5,87.0,0.7333333333333333,0.3333333333333333,desktop,0.2,0,0.0,
3774,17,1281.894,C,0.47058823529411764,3,15,visa,0.7058823529411765,87.0,0.5294117647058824,0.5294117647058824,mobile,0.47058823529411764,2,0.11764705882352941,156.774
3775,18,1393.941,W,0.8333333333333334,3,15,visa,0.5,87.0,0.8888888888888888,0.16666666666666666,desktop,0.16666666666666666,0,0.0,
3776,6,1833.95,W,0.8333333333333334,2,5,visa,0.8333333333333334,87.0,1.0,0.16666666666666666,desktop,0.16666666666666666,0,0.0,
3777,4,164.43,W,1.0,1,4,visa,0.75,87.0,1.0,0.0,,,0,0.0,
3778,26,5321.700000000001,W,0.8846153846153846,3,17,visa,0.6538461538461539,87.0,1.0,0.07692307692307693,desktop,0.038461538461538464,2,0.07692307692307693,174.0
3779,25,3828.786,W,0.84,4,22,visa,0.6,87.0,0.92,0.12,mobile,0.08,0,0.0,
3780,68,6551.608,W,0.8529411764705882,5,50,visa,0.6470588235294118,87.0,0.9411764705882353,0.1323529411764706,mobile,0.11764705882352941,6,0.08823529411764706,798.0
3781,76,7411.2609999999995,W,0.8026315789473685,4,62,visa,0.6578947368421053,87.0,0.8947368421052632,0.19736842105263158,mobile,0.14473684210526316,4,0.05263157894736842,283.0
3782,67,7072.155999999999,W,0.6119402985074627,5,52,visa,0.6119402985074627,87.0,0.7014925373134329,0.3582089552238806,mobile,0.23880597014925373,0,0.0,
3783,116,11892.756000000005,W,0.8620689655172413,5,99,visa,0.6637931034482759,87.0,0.9655172413793104,0.12931034482758622,desktop,0.07758620689655173,4,0.034482758620689655,566.896
3784,166,20913.554000000004,W,0.8614457831325302,5,119,visa,0.6626506024096386,87.0,0.9036144578313253,0.10843373493975904,mobile,0.06626506024096386,7,0.04216867469879518,1012.0970000000001
3785,145,16630.484,W,0.8,5,108,visa,0.6413793103448275,87.0,0.8758620689655172,0.18620689655172415,mobile,0.09655172413793103,3,0.020689655172413793,264.9
3786,145,13271.515,W,0.8551724137931035,5,105,visa,0.5448275862068965,87.0,0.9103448275862069,0.1310344827586207,mobile,0.06896551724137931,3,0.020689655172413793,150.913
3787,169,16273.562000000002,W,0.8402366863905325,5,117,visa,0.6449704142011834,87.0,0.9289940828402367,0.14201183431952663,desktop,0.08284023668639054,3,0.01775147928994083,651.0
3788,207,21062.210000000006,W,0.8405797101449275,5,141,visa,0.6521739130434783,87.0,0.9130434782608695,0.1497584541062802,desktop,0.08695652173913043,3,0.014492753623188406,323.85
3789,150,16493.815000000002,W,0.8266666666666667,4,111,visa,0.6866666666666666,87.0,0.8733333333333333,0.17333333333333334,mobile,0.10666666666666667,5,0.03333333333333333,298.586
3790,176,18425.86,W,0.8181818181818182,5,128,visa,0.6590909090909091,87.0,0.9034090909090909,0.17045454545454544,mobile,0.10227272727272728,11,0.0625,907.45
3791,156,15706.944,W,0.7884615384615384,4,112,visa,0.6282051282051282,87.0,0.8717948717948718,0.21153846153846154,mobile,0.11538461538461539,6,0.038461538461538464,515.143
3792,176,20311.084000000003,W,0.8579545454545454,5,125,visa,0.6988636363636364,87.0,0.9431818181818182,0.125,desktop,0.08522727272727272,6,0.03409090909090909,506.44399999999996
3793,169,16780.355,W,0.7692307692307693,5,121,visa,0.621301775147929,87.0,0.8402366863905325,0.20710059171597633,mobile,0.13609467455621302,3,0.01775147928994083,688.94
3794,128,12597.612000000001,W,0.8203125,4,92,visa,0.6796875,87.0,0.8671875,0.1640625,mobile,0.1171875,0,0.0,
3795,129,12345.84,W,0.7209302325581395,5,84,visa,0.7441860465116279,87.0,0.813953488372093,0.27906976744186046,desktop,0.17054263565891473,1,0.007751937984496124,97.0
3796,66,5179.41,W,0.7878787878787878,5,52,visa,0.7272727272727273,87.0,0.8636363636363636,0.16666666666666666,mobile,0.10606060606060606,2,0.030303030303030304,177.0
3797,33,2393.1049999999996,W,0.696969696969697,3,26,visa,0.6666666666666666,87.0,0.8181818181818182,0.30303030303030304,mobile,0.21212121212121213,1,0.030303030303030304,33.814
3798,20,2710.267,W,0.7,3,16,visa,0.65,87.0,0.75,0.3,desktop,0.2,2,0.1,166.9
3799,8,2658.9369999999994,W,0.875,2,7,visa,0.625,87.0,0.875,0.125,desktop,0.125,1,0.125,86.687
3800,4,642.87,W,1.0,1,4,visa,0.75,87.0,1.0,0.0,,,0,0.0,
3801,10,913.78,W,0.9,2,10,mastercard,0.6,87.0,1.0,0.1,mobile,0.1,0,0.0,
3802,31,3441.45,W,0.9032258064516129,2,27,visa,0.7741935483870968,87.0,1.0,0.0967741935483871,desktop,0.06451612903225806,0,0.0,
3803,47,6645.283999999999,W,0.8723404255319149,5,36,visa,0.6595744680851063,87.0,0.9787234042553191,0.1276595744680851,mobile,0.0851063829787234,1,0.02127659574468085,117.0
3804,110,13998.879000000003,W,0.7727272727272727,5,77,visa,0.6,87.0,0.9545454545454546,0.21818181818181817,desktop,0.15454545454545454,2,0.01818181818181818,190.0
3805,111,14522.142000000003,W,0.9009009009009009,4,86,visa,0.5945945945945946,87.0,0.963963963963964,0.0990990990990991,desktop,0.05405405405405406,2,0.018018018018018018,113.0
3806,177,22196.870000000003,W,0.8361581920903954,5,130,visa,0.6666666666666666,87.0,0.9378531073446328,0.15254237288135594,desktop,0.11299435028248588,4,0.022598870056497175,644.9
3807,176,25402.784,W,0.8295454545454546,5,129,visa,0.6136363636363636,87.0,0.9488636363636364,0.16477272727272727,desktop,0.09659090909090909,3,0.017045454545454544,362.95
3808,200,32224.192,W,0.8,5,136,visa,0.62,87.0,0.87,0.195,desktop,0.15,10,0.05,557.1949999999999
3809,204,32128.402000000002,W,0.8235294117647058,5,155,visa,0.6568627450980392,87.0,0.9411764705882353,0.1715686274509804,desktop,0.11764705882352941,3,0.014705882352941176,395.0
3810,186,24193.684,W,0.8602150537634409,5,136,visa,0.7258064516129032,87.0,0.9086021505376344,0.12903225806451613,desktop,0.08602150537634409,5,0.026881720430107527,489.75
3811,213,34297.351,W,0.7699530516431925,5,148,visa,0.6572769953051644,87.0,0.8967136150234741,0.19248826291079812,desktop,0.12206572769953052,12,0.056338028169014086,1122.679
3812,194,29934.280000000002,W,0.7731958762886598,5,141,visa,0.6185567010309279,87.0,0.8969072164948454,0.22164948453608246,desktop,0.11855670103092783,8,0.041237113402061855,2658.798
3813,212,26783.255000000005,W,0.8160377358490566,5,136,visa,0.660377358490566,87.0,0.8915094339622641,0.17452830188679244,desktop,0.09905660377358491,0,0.0,
3814,226,34794.5,W,0.8539823008849557,4,160,visa,0.6327433628318584,87.0,0.9203539823008849,0.13274336283185842,desktop,0.07964601769911504,1,0.004424778761061947,374.95
3815,218,28863.655,W,0.7981651376146789,5,149,visa,0.7110091743119266,87.0,0.8532110091743119,0.17889908256880735,desktop,0.09174311926605505,14,0.06422018348623854,678.9659999999999
3816,194,21908.638,W,0.8144329896907216,5,136,visa,0.6597938144329897,87.0,0.8711340206185567,0.16494845360824742,desktop,0.0979381443298969,7,0.03608247422680412,370.11499999999995
3817,183,17082.841,W,0.819672131147541,5,130,visa,0.6830601092896175,87.0,0.8524590163934426,0.18032786885245902,mobile,0.1092896174863388,2,0.01092896174863388,60.159000000000006
3818,140,12055.918,W,0.6785714285714286,5,109,visa,0.5714285714285714,87.0,0.8214285714285714,0.30714285714285716,mobile,0.18571428571428572,20,0.14285714285714285,1608.8519999999999
3819,105,13392.619999999999,W,0.7142857142857143,5,85,visa,0.6571428571428571,87.0,0.8,0.2761904761904762,mobile,0.17142857142857143,7,0.06666666666666667,1298.1370000000002
3820,70,6497.375,W,0.6571428571428571,5,56,visa,0.6428571428571429,87.0,0.7142857142857143,0.34285714285714286,mobile,0.21428571428571427,5,0.07142857142857142,422.61400000000003
3821,21,1649.4130000000002,W,0.7619047619047619,3,20,visa,0.7142857142857143,87.0,0.8095238095238095,0.23809523809523808,desktop,0.19047619047619047,2,0.09523809523809523,63.94
3822,19,2464.0659999999993,W,0.8421052631578947,3,16,visa,0.631578947368421,87.0,0.8947368421052632,0.15789473684210525,mobile,0.10526315789473684,0,0.0,
3823,15,2964.16,W,0.6666666666666666,2,12,visa,0.8,87.0,0.6666666666666666,0.3333333333333333,desktop,0.26666666666666666,2,0.13333333333333333,81.892
3824,4,281.45,W,1.0,1,4,mastercard,0.75,87.0,1.0,0.0,,,0,0.0,
3825,23,3077.8099999999995,W,0.9130434782608695,2,22,visa,0.5652173913043478,87.0,1.0,0.08695652173913043,desktop,0.043478260869565216,0,0.0,
3826,32,2357.734,W,0.75,3,25,visa,0.6875,87.0,0.8125,0.25,mobile,0.25,0,0.0,
3827,59,7268.321,W,0.7796610169491526,5,52,visa,0.5254237288135594,87.0,0.9661016949152542,0.22033898305084745,desktop,0.13559322033898305,1,0.01694915254237288,57.95
3828,101,8934.414000000004,W,0.7821782178217822,5,77,visa,0.6336633663366337,87.0,0.9801980198019802,0.19801980198019803,desktop,0.12871287128712872,4,0.039603960396039604,258.95
3829,95,17280.214,W,0.8210526315789474,5,78,visa,0.6842105263157895,87.0,0.9578947368421052,0.17894736842105263,desktop,0.11578947368421053,3,0.031578947368421054,367.0
3830,160,20420.317000000003,W,0.84375,5,122,visa,0.68125,87.0,0.9375,0.1375,desktop,0.1125,0,0.0,
3831,147,23802.645,W,0.8095238095238095,5,110,visa,0.6394557823129252,87.0,0.9251700680272109,0.14285714285714285,desktop,0.09523809523809523,2,0.013605442176870748,867.5
3832,163,21196.228000000003,W,0.803680981595092,5,120,visa,0.5950920245398773,87.0,0.901840490797546,0.1656441717791411,mobile,0.08588957055214724,4,0.024539877300613498,404.17
3833,155,24557.953999999998,W,0.8774193548387097,5,104,visa,0.6451612903225806,87.0,0.9419354838709677,0.1032258064516129,desktop,0.07096774193548387,5,0.03225806451612903,441.84999999999997
3834,190,24962.397,W,0.8421052631578947,5,137,visa,0.6210526315789474,87.0,0.9263157894736842,0.14210526315789473,desktop,0.08421052631578947,0,0.0,
3835,207,33071.850999999995,W,0.8309178743961353,5,145,visa,0.6859903381642513,87.0,0.9130434782608695,0.14492753623188406,desktop,0.10628019323671498,5,0.024154589371980676,432.5
3836,200,33607.013999999996,W,0.75,5,139,visa,0.675,87.0,0.9,0.21,desktop,0.15,4,0.02,1146.0
3837,173,24936.338000000003,W,0.8323699421965318,5,129,visa,0.6820809248554913,87.0,0.9421965317919075,0.15028901734104047,desktop,0.08670520231213873,5,0.028901734104046242,1194.0
3838,187,21268.391000000003,W,0.7700534759358288,5,124,visa,0.3582887700534759,87.0,0.8716577540106952,0.22459893048128343,desktop,0.12299465240641712,11,0.058823529411764705,840.0029999999999
3839,202,26311.135000000002,W,0.806930693069307,5,138,visa,0.04455445544554455,87.0,0.8663366336633663,0.13861386138613863,desktop,0.07920792079207921,0,0.0,
3840,192,21929.952999999998,W,0.7604166666666666,5,132,visa,0.10416666666666667,87.0,0.8697916666666666,0.234375,mobile,0.125,0,0.0,
3841,145,14922.105,W,0.7724137931034483,4,104,american express,0.041379310344827586,87.0,0.8482758620689655,0.2206896551724138,mobile,0.1310344827586207,3,0.020689655172413793,66.86699999999999
3842,145,12877.055,W,0.7379310344827587,5,122,visa,0.08275862068965517,87.0,0.8275862068965517,0.2620689655172414,mobile,0.15172413793103448,4,0.027586206896551724,274.428
3843,98,9676.892,W,0.7448979591836735,4,75,visa,0.4897959183673469,87.0,0.8469387755102041,0.25510204081632654,mobile,0.1326530612244898,2,0.02040816326530612,82.95
3844,57,5641.354,W,0.631578947368421,4,53,visa,0.7543859649122807,87.0,0.7192982456140351,0.3508771929824561,mobile,0.22807017543859648,5,0.08771929824561403,124.80499999999999
3845,30,2033.595,W,0.7666666666666667,2,23,visa,0.7666666666666667,87.0,0.7666666666666667,0.23333333333333334,desktop,0.23333333333333334,4,0.13333333333333333,194.066
3846,16,1552.1329999999998,W,0.9375,2,13,mastercard,0.5,87.0,0.9375,0.0625,desktop,0.0625,1,0.0625,22.133
3847,10,1213.028,W,0.9,2,9,visa,0.8,87.0,0.9,0.1,desktop,0.1,0,0.0,
3848,10,510.82,W,0.7,3,10,mastercard,0.5,87.0,0.9,0.3,mobile,0.2,0,0.0,
3849,14,3318.7999999999997,W,0.6428571428571429,3,11,mastercard,0.6428571428571429,87.0,1.0,0.35714285714285715,desktop,0.21428571428571427,3,0.21428571428571427,1931.0
3850,28,2757.2819999999992,W,0.8214285714285714,3,23,visa,0.6428571428571429,87.0,0.9285714285714286,0.17857142857142858,desktop,0.10714285714285714,1,0.03571428571428571,87.95
3851,55,8048.373999999999,W,0.7818181818181819,5,47,visa,0.6363636363636364,87.0,0.9636363636363636,0.21818181818181817,desktop,0.12727272727272726,6,0.10909090909090909,2845.0
3852,105,11974.122,W,0.7904761904761904,5,89,visa,0.5523809523809524,87.0,0.9714285714285714,0.20952380952380953,desktop,0.1619047619047619,2,0.01904761904761905,118.0
3853,171,28057.828,W,0.7777777777777778,5,126,visa,0.6198830409356725,87.0,0.9415204678362573,0.2222222222222222,desktop,0.19298245614035087,1,0.005847953216374269,445.0
3854,160,21320.621,W,0.825,5,116,visa,0.63125,87.0,0.9125,0.13125,desktop,0.08125,4,0.025,510.95
3855,156,35162.902,W,0.8525641025641025,5,108,visa,0.6794871794871795,87.0,0.9423076923076923,0.1346153846153846,desktop,0.08333333333333333,3,0.019230769230769232,752.95
3856,175,23188.186,W,0.7485714285714286,5,132,visa,0.6971428571428572,87.0,0.9028571428571428,0.22285714285714286,desktop,0.14285714285714285,2,0.011428571428571429,166.95
3857,191,34218.436,W,0.743455497382199,5,145,visa,0.6335078534031413,87.0,0.8848167539267016,0.2198952879581152,desktop,0.14659685863874344,2,0.010471204188481676,473.83799999999997
3858,176,30689.763,W,0.7670454545454546,5,135,visa,0.6875,87.0,0.875,0.19318181818181818,desktop,0.11363636363636363,10,0.056818181818181816,870.2399999999999
3859,196,30938.376000000004,W,0.7295918367346939,5,146,visa,0.6632653061224489,87.0,0.8877551020408163,0.22448979591836735,desktop,0.1326530612244898,1,0.00510204081632653,82.0
3860,183,21832.320999999996,W,0.7377049180327869,5,121,visa,0.73224043715847,87.0,0.8688524590163934,0.24043715846994534,desktop,0.17486338797814208,10,0.0546448087431694,1183.33
3861,185,24322.644,W,0.7783783783783784,5,125,visa,0.6864864864864865,87.0,0.8864864864864865,0.2,desktop,0.14594594594594595,14,0.07567567567567568,2966.715
3862,184,22903.983,W,0.8315217391304348,5,141,visa,0.6847826086956522,87.0,0.907608695652174,0.16304347826086957,desktop,0.09782608695652174,2,0.010869565217391304,210.0
3863,196,31253.163,W,0.7653061224489796,5,138,visa,0.673469387755102,87.0,0.8622448979591837,0.22448979591836735,mobile,0.11224489795918367,5,0.025510204081632654,218.784
3864,163,19571.156000000003,W,0.7423312883435583,5,118,visa,0.6809815950920245,87.0,0.852760736196319,0.25766871165644173,desktop,0.22085889570552147,1,0.006134969325153374,42.95
3865,155,15896.230000000001,W,0.8,5,107,visa,0.5935483870967742,87.0,0.864516129032258,0.1935483870967742,mobile,0.1032258064516129,2,0.012903225806451613,495.0
3866,95,10665.356000000003,W,0.6631578947368421,5,74,visa,0.6631578947368421,87.0,0.7578947368421053,0.3368421052631579,mobile,0.2,2,0.021052631578947368,60.742
3867,87,11455.057,W,0.632183908045977,5,64,visa,0.632183908045977,87.0,0.7586206896551724,0.367816091954023,desktop,0.20689655172413793,2,0.022988505747126436,1388.95
3868,56,4050.303,C,0.44642857142857145,4,39,visa,0.6964285714285714,87.0,0.5535714285714286,0.5,mobile,0.39285714285714285,0,0.0,
3869,37,3906.369,C,0.5135135135135135,3,25,visa,0.8378378378378378,87.0,0.4864864864864865,0.43243243243243246,mobile,0.2702702702702703,0,0.0,
3870,21,1033.253,C,0.5238095238095238,2,18,visa,0.8095238095238095,87.0,0.47619047619047616,0.5238095238095238,mobile,0.47619047619047616,4,0.19047619047619047,74.268
3871,18,3399.5969999999998,W,0.8333333333333334,4,16,visa,0.6111111111111112,87.0,0.9444444444444444,0.16666666666666666,mobile,0.16666666666666666,1,0.05555555555555555,206.0
3872,9,2638.877,W,0.6666666666666666,3,8,visa,0.6666666666666666,87.0,0.7777777777777778,0.3333333333333333,mobile,0.3333333333333333,0,0.0,
3873,8,1022.836,W,0.75,3,7,visa,0.5,87.0,0.875,0.125,mobile,0.125,1,0.125,175.0
3874,59,5808.575,W,0.4576271186440678,4,33,visa,0.6949152542372882,87.0,0.711864406779661,0.4745762711864407,desktop,0.2542372881355932,0,0.0,
3875,42,4080.9150000000004,W,0.8571428571428571,5,39,visa,0.5238095238095238,87.0,0.9761904761904762,0.14285714285714285,desktop,0.09523809523809523,0,0.0,
3876,97,12707.397,W,0.8247422680412371,5,77,visa,0.6804123711340206,87.0,0.9278350515463918,0.16494845360824742,mobile,0.09278350515463918,5,0.05154639175257732,313.834
3877,157,27386.835,W,0.8980891719745223,5,120,visa,0.6496815286624203,87.0,0.9617834394904459,0.10191082802547771,desktop,0.07643312101910828,0,0.0,
3878,179,26485.888,W,0.7821229050279329,5,133,visa,0.5865921787709497,87.0,0.8770949720670391,0.17318435754189945,desktop,0.13966480446927373,3,0.01675977653631285,153.0
3879,189,31836.440000000002,W,0.7777777777777778,5,132,visa,0.6190476190476191,87.0,0.8994708994708994,0.21164021164021163,desktop,0.13756613756613756,2,0.010582010582010581,282.95
3880,165,25776.639000000003,W,0.7575757575757576,4,118,visa,0.6181818181818182,87.0,0.8606060606060606,0.19393939393939394,desktop,0.1393939393939394,2,0.012121212121212121,579.0
3881,166,35133.155,W,0.8192771084337349,4,120,visa,0.6927710843373494,87.0,0.9216867469879518,0.1746987951807229,desktop,0.1144578313253012,2,0.012048192771084338,704.0
3882,195,26850.593,W,0.764102564102564,5,132,visa,0.6615384615384615,87.0,0.8769230769230769,0.20512820512820512,mobile,0.1076923076923077,9,0.046153846153846156,809.2
3883,195,33024.574,W,0.8051282051282052,5,136,visa,0.6615384615384615,87.0,0.9179487179487179,0.18974358974358974,desktop,0.12307692307692308,4,0.020512820512820513,333.9
3884,191,26736.266,W,0.7958115183246073,5,134,visa,0.6492146596858639,87.0,0.900523560209424,0.18848167539267016,desktop,0.14659685863874344,11,0.05759162303664921,808.4359999999999
3885,170,23628.894999999997,W,0.7058823529411765,5,124,visa,0.6764705882352942,87.0,0.888235294117647,0.29411764705882354,mobile,0.1588235294117647,9,0.052941176470588235,2428.908
3886,191,18910.296,W,0.7696335078534031,4,144,visa,0.6596858638743456,87.0,0.8795811518324608,0.23036649214659685,desktop,0.11518324607329843,6,0.031413612565445025,462.9080000000001
3887,209,28398.274,W,0.8325358851674641,5,153,visa,0.6698564593301436,87.0,0.8947368421052632,0.1674641148325359,mobile,0.11483253588516747,2,0.009569377990430622,88.0
3888,142,15194.737999999998,W,0.7605633802816901,5,110,visa,0.6901408450704225,87.0,0.8732394366197183,0.22535211267605634,mobile,0.11267605633802817,5,0.035211267605633804,332.9
3889,147,21038.995000000003,W,0.7006802721088435,5,109,visa,0.6666666666666666,87.0,0.7959183673469388,0.29931972789115646,desktop,0.16326530612244897,2,0.013605442176870748,73.65299999999999
3890,103,11543.28,W,0.7572815533980582,5,80,visa,0.6699029126213593,87.0,0.8349514563106796,0.24271844660194175,desktop,0.13592233009708737,2,0.019417475728155338,608.0
3891,92,15088.213999999998,W,0.6086956521739131,5,66,visa,0.7065217391304348,87.0,0.6630434782608695,0.358695652173913,mobile,0.21739130434782608,2,0.021739130434782608,1108.0
3892,57,4969.315,W,0.47368421052631576,4,43,visa,0.6491228070175439,87.0,0.6140350877192983,0.5263157894736842,mobile,0.2807017543859649,2,0.03508771929824561,24.592
3893,26,3927.3599999999997,W,0.6538461538461539,4,19,visa,0.7692307692307693,87.0,0.7692307692307693,0.34615384615384615,mobile,0.19230769230769232,4,0.15384615384615385,419.54
3894,29,2775.6669999999995,C,0.4827586206896552,4,18,visa,0.5172413793103449,87.0,0.5172413793103449,0.5172413793103449,desktop,0.27586206896551724,6,0.20689655172413793,1003.8459999999999
3895,14,1861.844,W,0.5714285714285714,2,13,visa,0.5,87.0,0.5714285714285714,0.42857142857142855,desktop,0.42857142857142855,5,0.35714285714285715,1074.556
3896,8,1239.1,W,1.0,1,7,mastercard,0.625,87.0,1.0,0.0,,,0,0.0,
3897,15,4402.769999999999,W,0.8666666666666667,3,14,visa,0.6,87.0,1.0,0.13333333333333333,desktop,0.13333333333333333,0,0.0,
3898,28,3182.12,W,0.8214285714285714,4,25,mastercard,0.5714285714285714,87.0,0.9285714285714286,0.17857142857142858,desktop,0.10714285714285714,0,0.0,
3899,82,11183.259,W,0.8048780487804879,5,65,visa,0.7195121951219512,87.0,0.9390243902439024,0.18292682926829268,mobile,0.10975609756097561,3,0.036585365853658534,271.46000000000004
3900,104,13272.586000000001,W,0.8269230769230769,5,84,visa,0.6346153846153846,87.0,0.9326923076923077,0.17307692307692307,desktop,0.11538461538461539,2,0.019230769230769232,245.0
3901,139,21949.591,W,0.7266187050359713,5,109,visa,0.7194244604316546,87.0,0.8848920863309353,0.23741007194244604,desktop,0.17985611510791366,11,0.07913669064748201,2428.41
3902,188,28844.346999999998,W,0.7074468085106383,5,147,visa,0.675531914893617,87.0,0.8936170212765957,0.2765957446808511,desktop,0.17553191489361702,10,0.05319148936170213,676.0680000000001
3903,212,28171.141000000003,W,0.7735849056603774,5,158,visa,0.6933962264150944,87.0,0.9481132075471698,0.2169811320754717,desktop,0.15566037735849056,5,0.02358490566037736,725.5420000000001
3904,206,34481.232,W,0.7718446601941747,5,137,visa,0.6553398058252428,87.0,0.8980582524271845,0.20388349514563106,mobile,0.12135922330097088,5,0.024271844660194174,676.373
3905,238,50771.011999999995,W,0.7815126050420168,4,168,visa,0.7058823529411765,87.0,0.907563025210084,0.20588235294117646,desktop,0.11764705882352941,8,0.03361344537815126,3319.5519999999997
3906,239,33698.676999999996,W,0.7112970711297071,5,156,visa,0.6861924686192469,87.0,0.8158995815899581,0.2594142259414226,desktop,0.1589958158995816,5,0.02092050209205021,480.452
3907,219,32432.945,W,0.7397260273972602,5,149,visa,0.684931506849315,87.0,0.9223744292237442,0.2374429223744292,desktop,0.1552511415525114,5,0.0228310502283105,495.775
3908,240,39364.577999999994,W,0.7958333333333333,5,166,visa,0.6666666666666666,87.0,0.9208333333333333,0.19166666666666668,desktop,0.1625,7,0.029166666666666667,487.282
3909,258,29202.571,W,0.7209302325581395,5,167,visa,0.6550387596899225,87.0,0.8178294573643411,0.2596899224806202,mobile,0.1511627906976744,10,0.03875968992248062,686.104
3910,224,26434.392,W,0.6830357142857143,5,152,visa,0.6607142857142857,87.0,0.8080357142857143,0.29910714285714285,desktop,0.15178571428571427,10,0.044642857142857144,735.5260000000001
3911,223,27597.224000000002,W,0.7354260089686099,5,147,visa,0.6457399103139013,87.0,0.8385650224215246,0.242152466367713,desktop,0.17040358744394618,5,0.02242152466367713,352.367
3912,200,29962.698,W,0.77,5,141,visa,0.665,87.0,0.865,0.225,mobile,0.13,4,0.02,45.477
3913,185,24195.1,W,0.6756756756756757,4,121,visa,0.6756756756756757,87.0,0.772972972972973,0.32432432432432434,desktop,0.1945945945945946,11,0.05945945945945946,1095.0819999999999
3914,137,23963.449,W,0.6788321167883211,4,86,visa,0.6934306569343066,87.0,0.7518248175182481,0.31386861313868614,desktop,0.19708029197080293,6,0.043795620437956206,3914.118
3915,99,8265.857,W,0.5656565656565656,4,67,visa,0.6262626262626263,87.0,0.6262626262626263,0.43434343434343436,mobile,0.2828282828282828,6,0.06060606060606061,357.443
3916,65,4556.315,W,0.5076923076923077,4,48,visa,0.6307692307692307,87.0,0.5692307692307692,0.49230769230769234,mobile,0.38461538461538464,12,0.18461538461538463,456.411
3917,23,2717.3630000000007,W,0.5217391304347826,3,16,visa,0.6521739130434783,87.0,0.5652173913043478,0.4782608695652174,mobile,0.43478260869565216,5,0.21739130434782608,725.1410000000001
3918,28,2458.665,W,0.8214285714285714,3,20,visa,0.75,87.0,0.8571428571428571,0.17857142857142858,mobile,0.14285714285714285,2,0.07142857142857142,351.77299999999997
3919,8,836.8199999999999,W,0.875,2,7,visa,0.625,87.0,1.0,0.125,mobile,0.125,0,0.0,
3920,9,2265.95,W,0.8888888888888888,2,8,visa,0.6666666666666666,87.0,1.0,0.0,,,0,0.0,
3921,4,239.5,W,0.5,3,3,mastercard,0.5,87.0,1.0,0.5,desktop,0.5,0,0.0,
3922,23,1897.2160000000001,W,0.6086956521739131,4,18,visa,0.6086956521739131,87.0,0.8695652173913043,0.391304347826087,desktop,0.21739130434782608,0,0.0,
3923,41,4186.785,W,0.5609756097560976,5,32,visa,0.5853658536585366,87.0,0.7317073170731707,0.43902439024390244,mobile,0.3170731707317073,1,0.024390243902439025,50.0
3924,91,15542.855000000001,W,0.6813186813186813,5,66,visa,0.6923076923076923,87.0,0.9010989010989011,0.3076923076923077,mobile,0.16483516483516483,3,0.03296703296703297,380.11699999999996
3925,108,13464.594000000003,W,0.7222222222222222,5,84,visa,0.7407407407407407,87.0,0.9259259259259259,0.25925925925925924,mobile,0.12962962962962962,2,0.018518518518518517,240.921
3926,119,11600.6,W,0.7394957983193278,5,92,visa,0.680672268907563,87.0,0.9411764705882353,0.2184873949579832,desktop,0.13445378151260504,4,0.03361344537815126,148.84199999999998
3927,178,25633.120000000003,W,0.6966292134831461,5,128,visa,0.6292134831460674,87.0,0.9325842696629213,0.28651685393258425,desktop,0.21348314606741572,7,0.03932584269662921,690.0
3928,208,28341.004999999997,W,0.6682692307692307,5,145,visa,0.6442307692307693,87.0,0.8653846153846154,0.32211538461538464,desktop,0.20673076923076922,19,0.09134615384615384,532.844
3929,166,20345.239999999998,W,0.7289156626506024,5,117,visa,0.6385542168674698,87.0,0.9036144578313253,0.2469879518072289,desktop,0.13855421686746988,2,0.012048192771084338,89.146
3930,217,24226.245000000003,W,0.7419354838709677,5,140,visa,0.7327188940092166,87.0,0.8709677419354839,0.23963133640552994,mobile,0.1336405529953917,9,0.041474654377880185,489.161
3931,217,23124.403,W,0.7142857142857143,5,141,visa,0.7327188940092166,87.0,0.9032258064516129,0.2626728110599078,mobile,0.15207373271889402,16,0.07373271889400922,1349.758
3932,191,25425.653000000006,W,0.7172774869109948,5,130,visa,0.6858638743455497,87.0,0.9319371727748691,0.2670157068062827,mobile,0.13612565445026178,1,0.005235602094240838,26.498
3933,202,23199.857,W,0.6881188118811881,5,135,visa,0.6138613861386139,87.0,0.8712871287128713,0.3069306930693069,mobile,0.19306930693069307,18,0.0891089108910891,2448.3070000000002
3934,183,20752.741,W,0.7103825136612022,4,113,visa,0.6557377049180327,87.0,0.8743169398907104,0.2568306010928962,mobile,0.16393442622950818,5,0.0273224043715847,173.566
3935,178,17910.229,W,0.6404494382022472,5,121,visa,0.5786516853932584,87.0,0.8146067415730337,0.34269662921348315,mobile,0.24157303370786518,3,0.016853932584269662,447.0
3936,166,17527.744,W,0.6144578313253012,4,120,visa,0.6566265060240963,87.0,0.8433734939759037,0.37349397590361444,mobile,0.26506024096385544,6,0.03614457831325301,107.42699999999999
3937,131,17593.239,W,0.6870229007633588,5,98,visa,0.6259541984732825,87.0,0.8625954198473282,0.31297709923664124,desktop,0.17557251908396945,6,0.04580152671755725,1061.95
3938,88,8370.146,W,0.6704545454545454,4,70,visa,0.6818181818181818,87.0,0.8636363636363636,0.32954545454545453,mobile,0.17045454545454544,2,0.022727272727272728,60.887
3939,90,9285.31,W,0.5444444444444444,4,68,visa,0.6111111111111112,87.0,0.7888888888888889,0.45555555555555555,desktop,0.24444444444444444,4,0.044444444444444446,365.415
3940,56,5722.540999999999,W,0.48214285714285715,5,47,visa,0.5714285714285714,87.0,0.7321428571428571,0.48214285714285715,mobile,0.2857142857142857,1,0.017857142857142856,28.096
3941,41,4929.463,W,0.6097560975609756,4,32,visa,0.6585365853658537,87.0,0.8780487804878049,0.3902439024390244,mobile,0.21951219512195122,3,0.07317073170731707,108.94200000000001
3942,36,5151.0109999999995,W,0.3611111111111111,4,29,visa,0.6666666666666666,87.0,0.6944444444444444,0.6388888888888888,mobile,0.3888888888888889,4,0.1111111111111111,1165.48
3943,25,1991.06,W,0.44,4,14,visa,0.56,87.0,0.68,0.52,mobile,0.36,0,0.0,
3944,12,714.476,W,0.5,4,11,visa,0.9166666666666666,87.0,0.6666666666666666,0.5,mobile,0.3333333333333333,3,0.25,96.401
3945,9,1329.35,W,0.8888888888888888,2,9,visa,0.7777777777777778,87.0,1.0,0.1111111111111111,mobile,0.1111111111111111,0,0.0,
3946,24,4095.0759999999996,W,0.5416666666666666,5,21,visa,0.6666666666666666,87.0,0.75,0.4583333333333333,mobile,0.4583333333333333,0,0.0,
3947,43,5370.354,W,0.6046511627906976,5,39,visa,0.6511627906976745,87.0,0.9767441860465116,0.3953488372093023,mobile,0.3023255813953488,0,0.0,
3948,91,9495.311000000002,W,0.4945054945054945,5,65,visa,0.7692307692307693,87.0,0.978021978021978,0.4835164835164835,desktop,0.26373626373626374,1,0.01098901098901099,92.0
3949,169,15296.271,W,0.39644970414201186,5,90,mastercard,0.48520710059171596,87.0,0.9349112426035503,0.5976331360946746,desktop,0.40236686390532544,4,0.023668639053254437,244.39999999999998
3950,209,18800.228000000003,W,0.4688995215311005,5,121,visa,0.583732057416268,87.0,0.9090909090909091,0.507177033492823,desktop,0.3588516746411483,4,0.019138755980861243,269.0
3951,231,26303.236000000004,W,0.5064935064935064,5,127,mastercard,0.49783549783549785,87.0,0.935064935064935,0.4935064935064935,desktop,0.3593073593073593,3,0.012987012987012988,138.637
3952,223,25565.274000000005,W,0.5067264573991032,5,124,visa,0.49327354260089684,87.0,0.9282511210762332,0.484304932735426,desktop,0.3632286995515695,7,0.03139013452914798,1230.0
3953,191,22789.974000000002,W,0.680628272251309,5,137,visa,0.6335078534031413,87.0,0.8848167539267016,0.29842931937172773,mobile,0.21465968586387435,1,0.005235602094240838,30.003
3954,217,24839.701999999997,W,0.5529953917050692,5,123,visa,0.543778801843318,87.0,0.8663594470046083,0.41013824884792627,desktop,0.28110599078341014,5,0.02304147465437788,1549.674
3955,168,18728.537,W,0.6964285714285714,5,107,visa,0.6369047619047619,87.0,0.8630952380952381,0.2857142857142857,desktop,0.18452380952380953,2,0.011904761904761904,112.587
3956,222,25117.478000000003,W,0.5585585585585585,5,120,visa,0.5315315315315315,87.0,0.9414414414414415,0.4369369369369369,desktop,0.2747747747747748,4,0.018018018018018018,1039.663
3957,158,14728.173,W,0.740506329113924,5,116,visa,0.7278481012658228,87.0,0.9556962025316456,0.24050632911392406,mobile,0.1518987341772152,3,0.0189873417721519,685.0
3958,210,21643.722,W,0.6857142857142857,5,141,visa,0.5857142857142857,87.0,0.919047619047619,0.3142857142857143,desktop,0.21904761904761905,9,0.04285714285714286,1299.0210000000002
3959,178,20824.569,W,0.7640449438202247,5,123,visa,0.6741573033707865,87.0,0.8370786516853933,0.21348314606741572,mobile,0.12359550561797752,5,0.028089887640449437,558.174
3960,166,17216.81,W,0.7108433734939759,5,117,visa,0.7349397590361446,87.0,0.8253012048192772,0.2891566265060241,mobile,0.21084337349397592,3,0.018072289156626505,546.95
3961,179,15333.859999999999,W,0.6871508379888268,4,129,visa,0.7094972067039106,87.0,0.776536312849162,0.30726256983240224,mobile,0.1564245810055866,3,0.01675977653631285,257.0
3962,120,11530.647,W,0.7416666666666667,5,87,visa,0.65,87.0,0.8166666666666667,0.25833333333333336,desktop,0.14166666666666666,3,0.025,497.0
3963,141,12501.252,W,0.6312056737588653,5,86,visa,0.6737588652482269,87.0,0.6666666666666666,0.3617021276595745,mobile,0.24822695035460993,7,0.04964539007092199,959.3669999999998
3964,69,5060.543,W,0.6521739130434783,5,59,visa,0.5797101449275363,87.0,0.7681159420289855,0.34782608695652173,mobile,0.2463768115942029,1,0.014492753623188406,15.0
3965,35,2387.9059999999995,W,0.7428571428571429,3,32,visa,0.6571428571428571,87.0,0.7714285714285715,0.2571428571428571,desktop,0.17142857142857143,0,0.0,
3966,26,1983.813,W,0.6538461538461539,2,17,visa,0.6153846153846154,87.0,0.6538461538461539,0.34615384615384615,desktop,0.23076923076923078,6,0.23076923076923078,632.7199999999999
3967,18,1226.201,W,0.8333333333333334,4,16,visa,0.7222222222222222,87.0,0.9444444444444444,0.16666666666666666,desktop,0.1111111111111111,0,0.0,
3968,18,2063.9970000000003,W,0.7222222222222222,2,12,mastercard,0.6111111111111112,87.0,0.7222222222222222,0.2777777777777778,desktop,0.2777777777777778,2,0.1111111111111111,139.551
3969,16,1611.1789999999999,W,0.9375,2,12,visa,0.6875,87.0,0.9375,0.0625,desktop,0.0625,0,0.0,
3970,21,2660.1769999999997,W,0.7619047619047619,3,20,visa,0.5714285714285714,87.0,0.8571428571428571,0.23809523809523808,desktop,0.14285714285714285,1,0.047619047619047616,20.657
3971,50,6334.109,W,0.88,4,43,visa,0.6,87.0,0.94,0.12,desktop,0.1,0,0.0,
3972,101,9374.692,W,0.801980198019802,5,73,visa,0.7227722772277227,87.0,0.9207920792079208,0.18811881188118812,desktop,0.12871287128712872,1,0.009900990099009901,50.0
3973,145,22926.461,W,0.7172413793103448,5,98,mastercard,0.5379310344827586,87.0,0.9241379310344827,0.27586206896551724,desktop,0.1724137931034483,5,0.034482758620689655,354.675
3974,157,30294.432,W,0.8343949044585988,5,111,visa,0.5859872611464968,87.0,0.9235668789808917,0.16560509554140126,desktop,0.08280254777070063,1,0.006369426751592357,35.351
3975,182,40342.217000000004,W,0.7912087912087912,5,134,visa,0.5604395604395604,87.0,0.8901098901098901,0.17582417582417584,desktop,0.14285714285714285,4,0.02197802197802198,751.586
3976,181,28188.751,W,0.7569060773480663,5,133,visa,0.6906077348066298,87.0,0.856353591160221,0.2265193370165746,desktop,0.13812154696132597,4,0.022099447513812154,468.916
3977,203,33514.949,W,0.7980295566502463,5,149,visa,0.6600985221674877,87.0,0.9310344827586207,0.18226600985221675,desktop,0.10344827586206896,3,0.014778325123152709,202.14
3978,219,27654.501,W,0.8036529680365296,4,143,visa,0.684931506849315,87.0,0.8767123287671232,0.1689497716894977,mobile,0.0867579908675799,1,0.0045662100456621,35.95
3979,203,29983.475,W,0.7931034482758621,5,138,visa,0.6305418719211823,87.0,0.896551724137931,0.1921182266009852,desktop,0.11822660098522167,6,0.029556650246305417,1115.5
3980,226,38465.826,W,0.7831858407079646,5,156,visa,0.6283185840707964,87.0,0.9026548672566371,0.1902654867256637,desktop,0.11504424778761062,10,0.04424778761061947,3480.0699999999997
3981,190,28064.798000000003,W,0.8052631578947368,4,132,visa,0.6789473684210526,87.0,0.8789473684210526,0.1736842105263158,mobile,0.10526315789473684,5,0.02631578947368421,2305.0
3982,177,23890.283000000003,W,0.8192090395480226,4,133,visa,0.6271186440677966,87.0,0.8870056497175142,0.1807909604519774,desktop,0.1016949152542373,5,0.02824858757062147,845.449
3983,195,22795.083,W,0.7948717948717948,5,139,visa,0.6256410256410256,87.0,0.8769230769230769,0.1794871794871795,mobile,0.09743589743589744,2,0.010256410256410256,940.0
3984,184,20153.357000000004,W,0.7554347826086957,5,142,visa,0.6793478260869565,87.0,0.8206521739130435,0.24456521739130435,desktop,0.16304347826086957,16,0.08695652173913043,294.856
3985,134,12103.651,W,0.7313432835820896,5,100,visa,0.6417910447761194,87.0,0.8507462686567164,0.26865671641791045,mobile,0.1417910447761194,4,0.029850746268656716,102.24
3986,155,13260.734,W,0.6709677419354839,5,97,visa,0.6645161290322581,87.0,0.7483870967741936,0.32903225806451614,mobile,0.23225806451612904,6,0.03870967741935484,1017.597
3987,96,7158.106,W,0.6458333333333334,5,80,visa,0.6458333333333334,87.0,0.75,0.3541666666666667,mobile,0.23958333333333334,4,0.041666666666666664,169.666
3988,61,4576.030000000001,W,0.6065573770491803,5,48,visa,0.6721311475409836,87.0,0.7377049180327869,0.39344262295081966,mobile,0.32786885245901637,3,0.04918032786885246,123.453
3989,30,2955.7909999999997,W,0.7,3,28,visa,0.7666666666666667,87.0,0.8,0.3,mobile,0.23333333333333334,1,0.03333333333333333,58.95
3990,22,3155.870999999999,W,0.9545454545454546,2,21,mastercard,0.5,87.0,0.9545454545454546,0.045454545454545456,desktop,0.045454545454545456,0,0.0,
3991,15,4145.87,W,0.9333333333333333,2,14,visa,0.4666666666666667,87.0,1.0,0.06666666666666667,desktop,0.06666666666666667,0,0.0,
3992,12,1850.8000000000002,W,0.8333333333333334,2,12,visa,0.6666666666666666,87.0,1.0,0.16666666666666666,desktop,0.16666666666666666,0,0.0,
3993,12,1479.1000000000001,W,1.0,1,10,visa,0.75,87.0,1.0,0.0,,,0,0.0,
3994,49,6230.739,W,0.7346938775510204,3,24,visa,0.6530612244897959,87.0,0.9795918367346939,0.2653061224489796,desktop,0.22448979591836735,0,0.0,
3995,58,7057.1900000000005,W,0.9827586206896551,2,48,visa,0.6896551724137931,87.0,1.0,0.017241379310344827,desktop,0.017241379310344827,0,0.0,
3996,67,6770.404,W,0.8059701492537313,5,58,visa,0.6268656716417911,87.0,0.9701492537313433,0.1791044776119403,desktop,0.16417910447761194,6,0.08955223880597014,653.0
3997,181,23940.787000000004,W,0.7900552486187845,5,127,visa,0.6077348066298343,87.0,0.9613259668508287,0.20994475138121546,desktop,0.18232044198895028,5,0.027624309392265192,1139.0
3998,176,26058.233,W,0.6988636363636364,5,119,visa,0.5852272727272727,87.0,0.8465909090909091,0.26136363636363635,desktop,0.14772727272727273,15,0.08522727272727272,913.437
3999,157,36612.171,W,0.8280254777070064,5,114,visa,0.6560509554140127,87.0,0.9044585987261147,0.16560509554140126,desktop,0.1337579617834395,3,0.01910828025477707,438.303
4000,189,29659.832000000002,W,0.7407407407407407,5,122,visa,0.7037037037037037,87.0,0.8465608465608465,0.2328042328042328,desktop,0.164021164021164,1,0.005291005291005291,225.0
4001,177,35685.114,W,0.8305084745762712,5,134,visa,0.5819209039548022,87.0,0.9378531073446328,0.15254237288135594,desktop,0.10734463276836158,3,0.01694915254237288,897.0
4002,194,31092.517,W,0.8247422680412371,5,153,visa,0.6134020618556701,87.0,0.8865979381443299,0.15979381443298968,desktop,0.09278350515463918,4,0.020618556701030927,594.722
4003,186,24445.358,W,0.8440860215053764,5,139,visa,0.6989247311827957,87.0,0.9247311827956989,0.14516129032258066,desktop,0.0967741935483871,3,0.016129032258064516,424.95
4004,185,22409.157,W,0.8648648648648649,5,127,visa,0.6378378378378379,87.0,0.9513513513513514,0.12972972972972974,desktop,0.08108108108108109,2,0.010810810810810811,671.0
4005,228,35691.805,W,0.8070175438596491,5,150,visa,0.6578947368421053,87.0,0.9210526315789473,0.17543859649122806,desktop,0.10087719298245613,10,0.043859649122807015,1719.453
4006,188,20867.549000000003,W,0.8031914893617021,5,133,visa,0.6329787234042553,87.0,0.8936170212765957,0.17553191489361702,desktop,0.11702127659574468,6,0.031914893617021274,732.2359999999999
4007,175,28728.271,W,0.8285714285714286,5,136,visa,0.6685714285714286,87.0,0.9428571428571428,0.15428571428571428,mobile,0.09714285714285714,2,0.011428571428571429,144.0
4008,164,18997.714,W,0.8048780487804879,5,108,visa,0.6646341463414634,87.0,0.8658536585365854,0.1951219512195122,mobile,0.10365853658536585,0,0.0,
4009,180,21247.377,W,0.7833333333333333,4,119,visa,0.6444444444444445,87.0,0.8388888888888889,0.21666666666666667,mobile,0.1111111111111111,10,0.05555555555555555,709.3449999999999
4010,116,12043.704,W,0.7155172413793104,5,83,visa,0.5948275862068966,87.0,0.8017241379310345,0.28448275862068967,desktop,0.15517241379310345,6,0.05172413793103448,655.0
4011,111,7777.692,W,0.4864864864864865,5,73,visa,0.7567567567567568,87.0,0.5405405405405406,0.5045045045045045,mobile,0.32432432432432434,13,0.11711711711711711,910.5360000000001
4012,44,2730.2360000000003,C,0.4772727272727273,3,33,visa,0.6590909090909091,87.0,0.5227272727272727,0.5227272727272727,desktop,0.2727272727272727,0,0.0,
4013,38,3443.2439999999997,W,0.7631578947368421,3,35,visa,0.6842105263157895,87.0,0.8157894736842105,0.23684210526315788,mobile,0.15789473684210525,2,0.05263157894736842,66.522
4014,32,1794.3069999999998,W,0.6875,2,24,visa,0.6875,87.0,0.6875,0.3125,desktop,0.28125,1,0.03125,159.95
4015,7,476.73199999999997,W,0.5714285714285714,3,5,visa,0.8571428571428571,87.0,0.7142857142857143,0.42857142857142855,mobile,0.42857142857142855,2,0.2857142857142857,71.932
4016,8,1022.866,W,0.875,2,7,visa,0.875,87.0,0.875,0.125,desktop,0.125,1,0.125,35.966
4017,29,6081.754,W,0.7931034482758621,3,23,visa,0.6896551724137931,87.0,0.896551724137931,0.20689655172413793,desktop,0.10344827586206896,8,0.27586206896551724,4076.494
4018,20,2332.755,W,0.85,3,18,mastercard,0.55,87.0,0.9,0.15,mobile,0.1,0,0.0,
4019,67,7900.086,W,0.8955223880597015,4,54,visa,0.6268656716417911,87.0,0.9701492537313433,0.1044776119402985,desktop,0.08955223880597014,1,0.014925373134328358,39.0
4020,120,19383.497999999996,W,0.8583333333333333,4,88,visa,0.7,87.0,0.975,0.11666666666666667,desktop,0.1,5,0.041666666666666664,814.0
4021,123,17207.487000000005,W,0.8943089430894309,5,91,visa,0.6178861788617886,87.0,0.967479674796748,0.0975609756097561,desktop,0.07317073170731707,3,0.024390243902439025,218.95
4022,186,28148.512,W,0.8279569892473119,5,129,visa,0.6774193548387096,87.0,0.9086021505376344,0.15591397849462366,desktop,0.10215053763440861,7,0.03763440860215054,1240.364
4023,177,26820.177000000003,W,0.7853107344632768,5,119,visa,0.6892655367231638,87.0,0.8926553672316384,0.2033898305084746,desktop,0.12994350282485875,5,0.02824858757062147,3172.461
4024,227,31532.633,W,0.8149779735682819,5,149,visa,0.6563876651982379,87.0,0.9251101321585903,0.17180616740088106,desktop,0.11894273127753303,5,0.022026431718061675,672.0
4025,212,27371.548000000003,W,0.7924528301886793,5,150,visa,0.6037735849056604,87.0,0.8726415094339622,0.19339622641509435,desktop,0.15566037735849056,12,0.05660377358490566,2101.275
4026,199,32661.216000000004,W,0.7587939698492462,5,143,visa,0.7336683417085427,87.0,0.8442211055276382,0.22613065326633167,desktop,0.1658291457286432,13,0.06532663316582915,768.0360000000001
4027,200,27546.599000000002,W,0.785,5,140,visa,0.635,87.0,0.92,0.2,desktop,0.12,8,0.04,1962.95
4028,207,31495.589,W,0.8260869565217391,5,152,visa,0.6183574879227053,87.0,0.9178743961352657,0.1642512077294686,desktop,0.08695652173913043,4,0.01932367149758454,282.06600000000003
4029,176,31544.699,W,0.7897727272727273,5,125,visa,0.6534090909090909,87.0,0.8920454545454546,0.20454545454545456,desktop,0.1534090909090909,4,0.022727272727272728,2989.72
4030,205,37652.083,W,0.8195121951219512,5,150,visa,0.6829268292682927,87.0,0.9073170731707317,0.14146341463414633,desktop,0.1024390243902439,7,0.03414634146341464,504.9
4031,172,20281.382,W,0.8430232558139535,5,125,visa,0.6627906976744186,87.0,0.9069767441860465,0.13953488372093023,mobile,0.08139534883720931,2,0.011627906976744186,780.0
4032,176,30810.542,W,0.8068181818181818,4,134,visa,0.6534090909090909,87.0,0.8352272727272727,0.17613636363636365,mobile,0.125,14,0.07954545454545454,3972.459
4033,145,15432.435000000001,W,0.7034482758620689,5,114,visa,0.6551724137931034,87.0,0.7931034482758621,0.2896551724137931,desktop,0.1793103448275862,2,0.013793103448275862,44.02
4034,134,20621.422,W,0.7164179104477612,5,95,visa,0.6940298507462687,87.0,0.835820895522388,0.2835820895522388,mobile,0.17164179104477612,2,0.014925373134328358,412.0
4035,82,6379.8060000000005,W,0.6707317073170732,4,65,visa,0.6585365853658537,87.0,0.7317073170731707,0.32926829268292684,mobile,0.17073170731707318,0,0.0,
4036,57,3620.349,W,0.5263157894736842,3,43,visa,0.631578947368421,87.0,0.5789473684210527,0.47368421052631576,mobile,0.3508771929824561,7,0.12280701754385964,247.51800000000003
4037,32,2818.8779999999997,W,0.6875,2,26,visa,0.71875,87.0,0.6875,0.3125,mobile,0.21875,11,0.34375,865.55
4038,21,1685.9950000000001,W,0.8095238095238095,2,18,visa,0.5714285714285714,87.0,0.8095238095238095,0.19047619047619047,mobile,0.19047619047619047,2,0.09523809523809523,87.548
4039,21,1446.4350000000002,C,0.5238095238095238,2,12,visa,0.5238095238095238,87.0,0.47619047619047616,0.5238095238095238,desktop,0.38095238095238093,3,0.14285714285714285,34.061
4040,15,1461.4920000000002,W,0.8,3,10,visa,0.6666666666666666,87.0,0.8666666666666667,0.2,mobile,0.2,2,0.13333333333333333,343.0
4041,17,3136.308,W,0.6470588235294118,3,15,visa,0.6470588235294118,87.0,0.8235294117647058,0.35294117647058826,desktop,0.23529411764705882,0,0.0,
4042,31,2948.9719999999993,W,0.9032258064516129,3,25,visa,0.7096774193548387,87.0,0.967741935483871,0.0967741935483871,desktop,0.06451612903225806,0,0.0,
4043,60,5613.66,W,0.8833333333333333,4,51,visa,0.7,87.0,1.0,0.11666666666666667,desktop,0.11666666666666667,1,0.016666666666666666,59.0
4044,92,13948.886,W,0.75,5,68,visa,0.5978260869565217,87.0,0.9021739130434783,0.25,desktop,0.13043478260869565,2,0.021739130434782608,70.088
4045,136,16848.194000000003,W,0.8823529411764706,4,103,visa,0.6838235294117647,87.0,0.9338235294117647,0.11764705882352941,desktop,0.07352941176470588,1,0.007352941176470588,19.674
4046,156,18707.608,W,0.7756410256410257,5,121,visa,0.6730769230769231,87.0,0.8910256410256411,0.1858974358974359,desktop,0.14102564102564102,4,0.02564102564102564,290.95
4047,162,23347.969,W,0.7839506172839507,5,120,visa,0.6666666666666666,87.0,0.8703703703703703,0.18518518518518517,desktop,0.11728395061728394,0,0.0,
4048,194,30035.181,W,0.788659793814433,5,141,visa,0.6701030927835051,87.0,0.8969072164948454,0.19072164948453607,desktop,0.0979381443298969,5,0.02577319587628866,913.0
4049,216,48155.81,W,0.8287037037037037,5,151,visa,0.6851851851851852,87.0,0.8935185185185185,0.16203703703703703,desktop,0.10185185185185185,5,0.023148148148148147,1412.0
4050,211,30831.175000000003,W,0.7440758293838863,5,149,visa,0.6824644549763034,87.0,0.8815165876777251,0.24644549763033174,desktop,0.15639810426540285,13,0.061611374407582936,3049.674
4051,214,36854.070999999996,W,0.7850467289719626,5,153,visa,0.677570093457944,87.0,0.8925233644859814,0.205607476635514,desktop,0.11214953271028037,13,0.06074766355140187,1269.2359999999996
4052,199,23869.041000000005,W,0.7738693467336684,5,134,visa,0.7236180904522613,87.0,0.8693467336683417,0.21105527638190955,desktop,0.135678391959799,13,0.06532663316582915,608.6959999999999
4053,195,36289.039000000004,W,0.8051282051282052,5,135,visa,0.6102564102564103,87.0,0.8923076923076924,0.17435897435897435,desktop,0.12307692307692308,3,0.015384615384615385,244.168
4054,182,23643.903000000002,W,0.8076923076923077,5,124,visa,0.6263736263736264,87.0,0.8296703296703297,0.1813186813186813,desktop,0.13186813186813187,4,0.02197802197802198,152.552
4055,200,22333.726000000002,W,0.8,5,136,visa,0.615,87.0,0.88,0.185,mobile,0.11,9,0.045,400.224
4056,199,19021.661,W,0.7638190954773869,5,131,visa,0.6633165829145728,87.0,0.8190954773869347,0.22110552763819097,desktop,0.1407035175879397,12,0.06030150753768844,534.0129999999999
4057,129,10111.444,W,0.8217054263565892,4,103,visa,0.6589147286821705,87.0,0.875968992248062,0.17054263565891473,desktop,0.08527131782945736,6,0.046511627906976744,511.95
4058,122,17864.079,W,0.7295081967213115,5,92,visa,0.6475409836065574,87.0,0.7622950819672131,0.27049180327868855,mobile,0.1721311475409836,2,0.01639344262295082,131.0
4059,111,13435.778,W,0.6306306306306306,5,72,visa,0.7657657657657657,87.0,0.6846846846846847,0.36036036036036034,mobile,0.18018018018018017,2,0.018018018018018018,331.62399999999997
4060,66,5983.105999999999,C,0.5,3,45,visa,0.7424242424242424,87.0,0.5,0.5151515151515151,mobile,0.2878787878787879,13,0.19696969696969696,1496.325
4061,28,4650.956,W,0.5357142857142857,3,23,visa,0.5714285714285714,87.0,0.5714285714285714,0.39285714285714285,desktop,0.25,2,0.07142857142857142,221.762
4062,26,2144.137,W,0.7692307692307693,3,24,mastercard,0.6153846153846154,87.0,0.8076923076923077,0.23076923076923078,mobile,0.15384615384615385,1,0.038461538461538464,54.5
4063,8,547.85,W,0.875,2,6,visa,0.875,87.0,0.875,0.125,mobile,0.125,0,0.0,
4064,6,720.5840000000001,W,0.6666666666666666,2,5,mastercard,0.8333333333333334,87.0,0.6666666666666666,0.3333333333333333,desktop,0.3333333333333333,2,0.3333333333333333,4.584
4065,21,2254.5499999999993,W,0.9523809523809523,2,19,visa,0.7619047619047619,87.0,1.0,0.047619047619047616,desktop,0.047619047619047616,0,0.0,
4066,32,7666.76,W,0.9375,2,28,visa,0.625,87.0,1.0,0.0625,desktop,0.0625,0,0.0,
4067,69,7557.744000000001,W,0.8115942028985508,4,51,visa,0.782608695652174,87.0,0.9565217391304348,0.17391304347826086,desktop,0.14492753623188406,4,0.057971014492753624,123.98599999999999
4068,103,16461.786,W,0.8543689320388349,4,88,visa,0.6601941747572816,87.0,0.912621359223301,0.14563106796116504,mobile,0.07766990291262135,2,0.019417475728155338,121.95
4069,138,31510.775999999998,W,0.8405797101449275,5,111,visa,0.6811594202898551,87.0,0.927536231884058,0.15217391304347827,desktop,0.10144927536231885,7,0.050724637681159424,1663.774
4070,179,21514.116,W,0.7541899441340782,5,134,visa,0.659217877094972,87.0,0.888268156424581,0.24022346368715083,desktop,0.12849162011173185,10,0.055865921787709494,1615.8110000000001
4071,195,53720.564999999995,W,0.8564102564102564,5,137,visa,0.6051282051282051,87.0,0.9179487179487179,0.13846153846153847,mobile,0.07692307692307693,7,0.035897435897435895,774.7539999999999
4072,212,39768.041,W,0.8018867924528302,5,147,visa,0.6462264150943396,87.0,0.9056603773584906,0.19811320754716982,desktop,0.09905660377358491,10,0.04716981132075472,1199.572
4073,242,36297.827000000005,W,0.8553719008264463,5,158,visa,0.6528925619834711,87.0,0.9173553719008265,0.128099173553719,desktop,0.07851239669421488,3,0.012396694214876033,464.95
4074,214,43414.79,W,0.822429906542056,5,150,visa,0.6822429906542056,87.0,0.897196261682243,0.17757009345794392,desktop,0.102803738317757,6,0.028037383177570093,1328.4479999999999
4075,206,28437.393000000004,W,0.8495145631067961,5,144,visa,0.6990291262135923,87.0,0.9077669902912622,0.14563106796116504,mobile,0.0825242718446602,8,0.038834951456310676,509.76500000000004
4076,226,27477.852,W,0.8097345132743363,5,169,visa,0.6150442477876106,87.0,0.9070796460176991,0.18584070796460178,mobile,0.12389380530973451,16,0.07079646017699115,2119.1440000000002
4077,237,36697.074,W,0.8396624472573839,5,158,visa,0.6371308016877637,87.0,0.9029535864978903,0.15611814345991562,desktop,0.0970464135021097,9,0.0379746835443038,1118.62
4078,209,26778.708,W,0.8373205741626795,5,145,visa,0.631578947368421,87.0,0.8947368421052632,0.16267942583732056,mobile,0.09569377990430622,3,0.014354066985645933,189.18
4079,213,24468.79,W,0.7136150234741784,5,138,visa,0.647887323943662,87.0,0.812206572769953,0.28169014084507044,mobile,0.15023474178403756,21,0.09859154929577464,1013.08
4080,202,21887.522,W,0.7772277227722773,5,131,visa,0.7079207920792079,87.0,0.8267326732673267,0.22277227722772278,desktop,0.15346534653465346,5,0.024752475247524754,581.789
4081,118,13222.325,W,0.847457627118644,5,93,visa,0.7796610169491526,87.0,0.923728813559322,0.15254237288135594,mobile,0.11016949152542373,4,0.03389830508474576,1886.0
4082,114,10648.705000000002,W,0.6842105263157895,5,83,visa,0.6929824561403509,87.0,0.7543859649122807,0.3157894736842105,mobile,0.18421052631578946,3,0.02631578947368421,130.029
4083,74,7538.304,W,0.6621621621621622,4,58,visa,0.5540540540540541,87.0,0.7027027027027027,0.33783783783783783,mobile,0.24324324324324326,8,0.10810810810810811,300.96400000000006
4084,41,3981.087,C,0.5121951219512195,3,30,visa,0.7073170731707317,87.0,0.4878048780487805,0.6341463414634146,desktop,0.34146341463414637,2,0.04878048780487805,68.489
4085,19,2673.169,W,0.5789473684210527,3,15,visa,0.7368421052631579,87.0,0.631578947368421,0.42105263157894735,desktop,0.2631578947368421,1,0.05263157894736842,1384.95
4086,22,2075.83,W,0.5454545454545454,2,17,visa,0.5909090909090909,87.0,0.5454545454545454,0.45454545454545453,mobile,0.36363636363636365,6,0.2727272727272727,327.751
4087,5,2246.4700000000003,W,1.0,1,5,visa,0.8,87.0,1.0,0.0,,,0,0.0,
4088,4,533.95,W,1.0,1,4,mastercard,0.5,87.0,1.0,0.0,,,0,0.0,
4089,9,590.1429999999999,W,0.8888888888888888,2,8,visa,0.5555555555555556,87.0,0.8888888888888888,0.1111111111111111,mobile,0.1111111111111111,2,0.2222222222222222,102.343
4090,21,2515.6519999999996,W,0.7142857142857143,4,17,mastercard,0.47619047619047616,87.0,0.8571428571428571,0.2857142857142857,desktop,0.14285714285714285,0,0.0,
4091,29,3831.493,W,0.7931034482758621,4,19,visa,0.7931034482758621,87.0,0.896551724137931,0.20689655172413793,mobile,0.10344827586206896,0,0.0,
4092,69,7647.237,W,0.8115942028985508,5,51,visa,0.7536231884057971,87.0,0.9710144927536232,0.18840579710144928,desktop,0.10144927536231885,1,0.014492753623188406,334.99
4093,87,13332.444000000003,W,0.7586206896551724,5,74,visa,0.6436781609195402,87.0,0.9425287356321839,0.2413793103448276,desktop,0.14942528735632185,1,0.011494252873563218,49.0
4094,114,12705.974,W,0.7280701754385965,5,92,visa,0.6666666666666666,87.0,0.868421052631579,0.2631578947368421,mobile,0.13157894736842105,9,0.07894736842105263,1041.603
4095,134,18482.515,W,0.8731343283582089,5,106,visa,0.7089552238805971,87.0,0.9552238805970149,0.12686567164179105,mobile,0.08208955223880597,3,0.022388059701492536,363.5
4096,172,30414.857,W,0.813953488372093,5,119,visa,0.6627906976744186,87.0,0.9593023255813954,0.1569767441860465,mobile,0.0872093023255814,5,0.029069767441860465,268.366
4097,190,23929.369,W,0.7842105263157895,5,120,visa,0.6736842105263158,87.0,0.9,0.21052631578947367,desktop,0.13157894736842105,16,0.08421052631578947,1659.7979999999998
4098,141,15491.731,W,0.8439716312056738,5,113,visa,0.6524822695035462,87.0,0.9078014184397163,0.15602836879432624,mobile,0.09219858156028368,7,0.04964539007092199,658.253
4099,169,18957.902000000002,W,0.834319526627219,5,124,visa,0.5857988165680473,87.0,0.9171597633136095,0.15976331360946747,mobile,0.10650887573964497,2,0.011834319526627219,126.95
4100,177,26478.975000000002,W,0.7796610169491526,5,127,visa,0.672316384180791,87.0,0.8757062146892656,0.22033898305084745,desktop,0.11864406779661017,7,0.03954802259887006,904.811
4101,163,15768.411,W,0.8711656441717791,5,119,visa,0.6687116564417178,87.0,0.901840490797546,0.11042944785276074,desktop,0.06748466257668712,4,0.024539877300613498,287.0
4102,169,17361.134,W,0.8106508875739645,5,116,visa,0.6094674556213018,87.0,0.8698224852071006,0.1893491124260355,desktop,0.11242603550295859,4,0.023668639053254437,184.95
4103,166,18205.128000000004,W,0.7771084337349398,5,114,visa,0.6626506024096386,87.0,0.891566265060241,0.20481927710843373,desktop,0.12048192771084337,11,0.06626506024096386,2297.776
4104,148,14657.466000000002,W,0.8581081081081081,5,115,visa,0.6418918918918919,87.0,0.9054054054054054,0.14189189189189189,desktop,0.08108108108108109,2,0.013513513513513514,309.0
4105,110,9081.521,W,0.8181818181818182,4,86,visa,0.7090909090909091,87.0,0.8545454545454545,0.18181818181818182,mobile,0.12727272727272726,2,0.01818181818181818,250.0
4106,91,10202.657000000001,W,0.8901098901098901,4,70,visa,0.7142857142857143,87.0,0.9120879120879121,0.10989010989010989,mobile,0.07692307692307693,3,0.03296703296703297,632.0
4107,82,7658.567,W,0.5853658536585366,4,58,visa,0.6951219512195121,87.0,0.6463414634146342,0.3902439024390244,mobile,0.1951219512195122,8,0.0975609756097561,807.8720000000001
4108,46,4379.143,W,0.4782608695652174,4,29,visa,0.7391304347826086,87.0,0.6304347826086957,0.5217391304347826,mobile,0.391304347826087,4,0.08695652173913043,435.34000000000003
4109,21,2064.294,W,0.6666666666666666,4,16,visa,0.8095238095238095,87.0,0.8095238095238095,0.3333333333333333,mobile,0.3333333333333333,2,0.09523809523809523,42.79
4110,11,565.308,W,0.5454545454545454,4,11,visa,0.45454545454545453,87.0,0.7272727272727273,0.45454545454545453,desktop,0.2727272727272727,0,0.0,
4111,14,1276.9300000000003,C,0.5,3,13,visa,0.5714285714285714,87.0,0.5,0.6428571428571429,mobile,0.35714285714285715,2,0.14285714285714285,600.0
4112,5,349.4,W,1.0,1,5,visa,0.6,87.0,1.0,0.0,,,1,0.2,126.0
4113,10,1431.509,W,0.8,2,8,visa,0.7,87.0,0.8,0.2,mobile,0.2,0,0.0,
4114,7,2242.95,W,0.8571428571428571,2,7,mastercard,0.42857142857142855,87.0,1.0,0.14285714285714285,mobile,0.14285714285714285,0,0.0,
4115,22,2058.3559999999998,W,0.6363636363636364,4,18,visa,0.45454545454545453,87.0,0.8181818181818182,0.36363636363636365,mobile,0.36363636363636365,2,0.09090909090909091,127.88
4116,40,6369.106,W,0.925,3,32,visa,0.725,87.0,0.975,0.075,mobile,0.075,0,0.0,
4117,136,14503.387,S,0.5220588235294118,5,55,mastercard,0.6764705882352942,87.0,0.9558823529411765,0.6176470588235294,desktop,0.5367647058823529,2,0.014705882352941176,863.0
4118,238,24450.241,S,0.5672268907563025,5,86,mastercard,0.7310924369747899,87.0,0.9327731092436975,0.680672268907563,desktop,0.6008403361344538,1,0.004201680672268907,34.0
4119,261,27774.259000000002,S,0.5670498084291188,4,94,mastercard,0.6743295019157088,87.0,0.9540229885057471,0.6436781609195402,desktop,0.5938697318007663,3,0.011494252873563218,119.96600000000001
4120,182,17170.729,W,0.5274725274725275,5,102,mastercard,0.5494505494505495,87.0,0.8516483516483516,0.46703296703296704,desktop,0.32967032967032966,8,0.04395604395604396,411.058
4121,166,17274.619,W,0.7409638554216867,5,116,visa,0.6385542168674698,87.0,0.8614457831325302,0.25301204819277107,desktop,0.13253012048192772,1,0.006024096385542169,25.95
4122,159,18697.632,W,0.8427672955974843,5,113,visa,0.710691823899371,87.0,0.9182389937106918,0.1509433962264151,mobile,0.08176100628930817,3,0.018867924528301886,180.0
4123,179,21287.383,W,0.8435754189944135,5,131,visa,0.659217877094972,87.0,0.9217877094972067,0.1452513966480447,mobile,0.0782122905027933,3,0.01675977653631285,391.95
4124,195,21745.453,W,0.7025641025641025,5,129,visa,0.5846153846153846,87.0,0.9025641025641026,0.2923076923076923,desktop,0.1641025641025641,2,0.010256410256410256,111.956
4125,178,19680.754,W,0.7134831460674157,5,117,visa,0.5393258426966292,87.0,0.9382022471910112,0.2640449438202247,desktop,0.1853932584269663,3,0.016853932584269662,494.795
4126,227,24654.762000000002,W,0.5418502202643172,5,114,mastercard,0.5242290748898678,87.0,0.920704845814978,0.4581497797356828,desktop,0.3832599118942731,9,0.039647577092511016,1501.834
4127,267,26351.211000000003,W,0.48314606741573035,5,111,mastercard,0.5730337078651685,87.0,0.947565543071161,0.5093632958801498,desktop,0.44569288389513106,7,0.026217228464419477,532.6759999999999
4128,369,37306.776000000005,S,0.5257452574525745,5,123,mastercard,0.6422764227642277,87.0,0.9539295392953929,0.6205962059620597,desktop,0.5528455284552846,9,0.024390243902439025,2566.2309999999998
4129,156,13930.114,W,0.75,5,96,visa,0.6858974358974359,87.0,0.9166666666666666,0.25,desktop,0.16025641025641027,3,0.019230769230769232,295.718
4130,136,13216.396,W,0.7941176470588235,5,99,visa,0.6911764705882353,87.0,0.8897058823529411,0.19852941176470587,mobile,0.11764705882352941,0,0.0,
4131,93,12895.422000000006,W,0.8709677419354839,4,71,visa,0.7741935483870968,87.0,0.9032258064516129,0.11827956989247312,mobile,0.07526881720430108,3,0.03225806451612903,120.984
4132,49,8550.455000000002,W,0.7755102040816326,3,39,visa,0.7755102040816326,87.0,0.7755102040816326,0.22448979591836735,mobile,0.20408163265306123,2,0.04081632653061224,1112.287
4133,36,4361.554,W,0.6944444444444444,4,31,visa,0.5833333333333334,87.0,0.75,0.3055555555555556,mobile,0.25,0,0.0,
4134,30,2957.917,W,0.9333333333333333,2,20,visa,0.8666666666666667,87.0,0.9,0.06666666666666667,desktop,0.03333333333333333,0,0.0,
4135,11,1118.605,W,0.6363636363636364,3,11,visa,0.6363636363636364,87.0,0.7272727272727273,0.36363636363636365,mobile,0.2727272727272727,0,0.0,
4136,5,381.8,W,0.8,2,4,visa,1.0,87.0,1.0,0.2,mobile,0.2,0,0.0,
4137,11,1961.6750000000002,W,0.8181818181818182,3,11,visa,0.6363636363636364,87.0,0.9090909090909091,0.18181818181818182,desktop,0.09090909090909091,0,0.0,
4138,33,3254.821,W,0.7878787878787878,4,26,visa,0.48484848484848486,87.0,0.9696969696969697,0.21212121212121213,desktop,0.18181818181818182,0,0.0,
4139,65,7462.762,W,0.8615384615384616,5,48,visa,0.6615384615384615,87.0,0.9846153846153847,0.13846153846153847,desktop,0.09230769230769231,1,0.015384615384615385,34.0
4140,76,10939.795000000004,W,0.8947368421052632,5,65,visa,0.6842105263157895,87.0,0.9605263157894737,0.10526315789473684,desktop,0.05263157894736842,0,0.0,
4141,128,17572.927,W,0.7265625,5,73,visa,0.609375,87.0,0.9765625,0.25,desktop,0.2265625,4,0.03125,340.95
4142,162,20656.127999999997,W,0.8395061728395061,5,119,visa,0.6666666666666666,87.0,0.9320987654320988,0.15432098765432098,desktop,0.08024691358024691,2,0.012345679012345678,588.0
4143,193,25955.15,W,0.6735751295336787,5,118,visa,0.5077720207253886,87.0,0.9533678756476683,0.32642487046632124,desktop,0.2849740932642487,3,0.015544041450777202,118.0
4144,212,31766.313000000002,W,0.8066037735849056,5,152,visa,0.5849056603773585,87.0,0.9009433962264151,0.18396226415094338,desktop,0.12264150943396226,8,0.03773584905660377,2005.8
4145,185,34876.001000000004,W,0.8162162162162162,5,137,visa,0.6378378378378379,87.0,0.9351351351351351,0.16756756756756758,desktop,0.11351351351351352,0,0.0,
4146,178,26839.298000000003,W,0.7696629213483146,5,126,visa,0.6179775280898876,87.0,0.898876404494382,0.2247191011235955,desktop,0.12359550561797752,8,0.0449438202247191,3459.1699999999996
4147,176,38433.625,W,0.8920454545454546,5,126,visa,0.6420454545454546,87.0,0.9431818181818182,0.10795454545454546,desktop,0.07386363636363637,5,0.028409090909090908,3482.95
4148,244,38693.79,W,0.8360655737704918,5,169,visa,0.6065573770491803,87.0,0.9180327868852459,0.1598360655737705,desktop,0.11065573770491803,6,0.02459016393442623,1378.912
4149,206,29315.934999999998,W,0.7718446601941747,5,135,visa,0.6650485436893204,87.0,0.8543689320388349,0.22815533980582525,desktop,0.1407766990291262,16,0.07766990291262135,1922.661
4150,226,34417.966,W,0.8761061946902655,5,159,visa,0.6902654867256637,87.0,0.911504424778761,0.11946902654867257,desktop,0.07079646017699115,7,0.030973451327433628,665.207
4151,180,23683.818,W,0.85,5,128,visa,0.6555555555555556,87.0,0.8777777777777778,0.15,mobile,0.08888888888888889,4,0.022222222222222223,718.985
4152,186,23525.902000000002,W,0.8655913978494624,5,137,visa,0.6935483870967742,87.0,0.946236559139785,0.13440860215053763,mobile,0.08602150537634409,6,0.03225806451612903,1726.1840000000002
4153,200,19717.451,W,0.7,5,145,visa,0.6,87.0,0.82,0.3,mobile,0.17,11,0.055,649.502
4154,147,12992.332,W,0.8163265306122449,5,106,visa,0.7210884353741497,87.0,0.8639455782312925,0.1836734693877551,desktop,0.09523809523809523,3,0.02040816326530612,411.003
4155,94,9673.390000000003,W,0.7446808510638298,5,69,visa,0.7553191489361702,87.0,0.8191489361702128,0.2553191489361702,desktop,0.13829787234042554,2,0.02127659574468085,389.95
4156,56,4122.253,W,0.5357142857142857,3,40,visa,0.6607142857142857,87.0,0.5535714285714286,0.4642857142857143,mobile,0.2857142857142857,5,0.08928571428571429,47.031
4157,29,2444.5910000000003,W,0.5172413793103449,4,21,visa,0.8620689655172413,87.0,0.6551724137931034,0.4827586206896552,desktop,0.27586206896551724,6,0.20689655172413793,51.522
4158,18,2224.634,W,0.8333333333333334,4,17,visa,0.6111111111111112,87.0,0.9444444444444444,0.16666666666666666,desktop,0.16666666666666666,0,0.0,
4159,14,2193.032,W,0.5714285714285714,4,10,visa,0.7142857142857143,87.0,0.7142857142857143,0.42857142857142855,desktop,0.2857142857142857,3,0.21428571428571427,212.084
4160,5,420.34999999999997,W,1.0,1,5,mastercard,0.6,87.0,1.0,0.0,,,0,0.0,
4161,19,3678.45,W,1.0,1,13,visa,0.7894736842105263,87.0,1.0,0.0,,,1,0.05263157894736842,944.0
4162,29,5690.9,W,0.9310344827586207,2,25,visa,0.6206896551724138,87.0,0.9655172413793104,0.06896551724137931,mobile,0.06896551724137931,0,0.0,
4163,51,4999.14,W,0.9411764705882353,3,34,visa,0.5098039215686274,87.0,1.0,0.058823529411764705,mobile,0.0392156862745098,0,0.0,
4164,76,11063.549000000003,W,0.8552631578947368,5,61,visa,0.5657894736842105,87.0,0.9868421052631579,0.14473684210526316,mobile,0.07894736842105263,1,0.013157894736842105,107.95
4165,120,16799.644,W,0.8666666666666667,5,91,visa,0.6666666666666666,87.0,0.95,0.11666666666666667,desktop,0.075,5,0.041666666666666664,771.95
4166,157,21772.374,W,0.8726114649681529,5,116,visa,0.6624203821656051,87.0,0.9490445859872612,0.11464968152866242,desktop,0.08917197452229299,4,0.025477707006369428,301.806
4167,156,23088.188000000002,W,0.7243589743589743,5,116,visa,0.6730769230769231,87.0,0.8846153846153846,0.2564102564102564,desktop,0.1987179487179487,10,0.0641025641025641,5211.842
4168,219,44474.365,W,0.7351598173515982,5,155,visa,0.6986301369863014,87.0,0.8127853881278538,0.2602739726027397,desktop,0.1461187214611872,30,0.136986301369863,2588.7660000000005
4169,167,25935.167999999998,W,0.7485029940119761,5,120,visa,0.6586826347305389,87.0,0.8562874251497006,0.24550898203592814,mobile,0.12574850299401197,5,0.029940119760479042,515.356
4170,191,32364.921000000002,W,0.7958115183246073,5,137,visa,0.6596858638743456,87.0,0.9267015706806283,0.19895287958115182,desktop,0.14659685863874344,9,0.04712041884816754,1630.517
4171,179,33335.365999999995,W,0.7932960893854749,5,127,visa,0.7430167597765364,87.0,0.9329608938547486,0.18994413407821228,desktop,0.1452513966480447,10,0.055865921787709494,2684.223
4172,188,26138.932,W,0.8191489361702128,5,133,visa,0.675531914893617,87.0,0.8882978723404256,0.17553191489361702,mobile,0.09042553191489362,5,0.026595744680851064,485.755
4173,166,23079.903000000006,W,0.8734939759036144,5,127,visa,0.6686746987951807,87.0,0.9096385542168675,0.12650602409638553,mobile,0.06626506024096386,7,0.04216867469879518,1200.8959999999997
4174,221,29666.050000000003,W,0.8009049773755657,5,148,visa,0.6289592760180995,87.0,0.8733031674208145,0.19004524886877827,desktop,0.14027149321266968,12,0.05429864253393665,1502.814
4175,178,24036.973,W,0.8146067415730337,5,140,visa,0.7078651685393258,87.0,0.8764044943820225,0.17415730337078653,desktop,0.09550561797752809,7,0.03932584269662921,367.608
4176,157,17619.191000000003,W,0.8343949044585988,5,115,visa,0.6496815286624203,87.0,0.9235668789808917,0.15286624203821655,desktop,0.10191082802547771,3,0.01910828025477707,379.349
4177,169,17079.472,W,0.7810650887573964,5,115,visa,0.650887573964497,87.0,0.8402366863905325,0.20118343195266272,desktop,0.13609467455621302,10,0.05917159763313609,905.4350000000001
4178,137,14396.880000000001,W,0.6788321167883211,5,83,visa,0.7518248175182481,87.0,0.7518248175182481,0.31386861313868614,mobile,0.2116788321167883,4,0.029197080291970802,1300.0
4179,94,9382.720000000001,W,0.7021276595744681,4,69,visa,0.7446808510638298,87.0,0.7446808510638298,0.2872340425531915,desktop,0.1595744680851064,2,0.02127659574468085,205.95
4180,45,6288.99,W,0.6666666666666666,3,36,visa,0.7111111111111111,87.0,0.6888888888888889,0.3333333333333333,desktop,0.2,1,0.022222222222222223,119.21
4181,38,3848.408,C,0.47368421052631576,4,27,visa,0.5526315789473685,87.0,0.5,0.5263157894736842,mobile,0.34210526315789475,10,0.2631578947368421,1192.1
4182,19,1163.615,W,0.8421052631578947,2,14,visa,0.631578947368421,87.0,0.8421052631578947,0.15789473684210525,desktop,0.15789473684210525,1,0.05263157894736842,58.95
4183,12,1641.7,W,0.8333333333333334,2,10,visa,0.75,87.0,1.0,0.16666666666666666,desktop,0.16666666666666666,0,0.0,
4184,9,3699.7999999999997,W,1.0,1,9,visa,0.6666666666666666,87.0,1.0,0.0,,,0,0.0,
4185,27,7309.64,W,0.9259259259259259,2,22,visa,0.5925925925925926,87.0,0.9259259259259259,0.07407407407407407,mobile,0.037037037037037035,0,0.0,
4186,33,6130.46,W,0.9090909090909091,3,23,visa,0.5757575757575758,87.0,0.9393939393939394,0.09090909090909091,mobile,0.06060606060606061,0,0.0,
4187,66,9229.220000000001,W,0.8636363636363636,4,53,visa,0.7575757575757576,87.0,0.9696969696969697,0.13636363636363635,desktop,0.07575757575757576,0,0.0,
4188,102,17280.118,W,0.8235294117647058,5,80,visa,0.7352941176470589,87.0,0.9411764705882353,0.17647058823529413,desktop,0.10784313725490197,5,0.049019607843137254,750.0
4189,143,23948.349000000002,W,0.7552447552447552,5,111,visa,0.7272727272727273,87.0,0.8811188811188811,0.24475524475524477,desktop,0.17482517482517482,2,0.013986013986013986,150.0
4190,169,24858.362999999998,W,0.8047337278106509,5,123,visa,0.6331360946745562,87.0,0.9289940828402367,0.1893491124260355,desktop,0.11834319526627218,3,0.01775147928994083,201.221
4191,173,25140.081,W,0.8265895953757225,5,127,visa,0.6647398843930635,87.0,0.9132947976878613,0.15028901734104047,desktop,0.10404624277456648,6,0.03468208092485549,516.8679999999999
4192,168,19955.076999999997,W,0.8571428571428571,5,119,visa,0.6071428571428571,87.0,0.9464285714285714,0.13095238095238096,desktop,0.10119047619047619,2,0.011904761904761904,86.95
4193,208,34807.805,W,0.7980769230769231,5,137,visa,0.6586538461538461,87.0,0.9375,0.1875,desktop,0.125,11,0.052884615384615384,2591.0
4194,197,31132.441,W,0.883248730964467,5,136,visa,0.6395939086294417,87.0,0.9695431472081218,0.09644670050761421,desktop,0.07106598984771574,4,0.02030456852791878,377.41999999999996
4195,165,27092.93,W,0.8181818181818182,5,121,visa,0.6060606060606061,87.0,0.9515151515151515,0.1696969696969697,mobile,0.09090909090909091,7,0.04242424242424243,2557.0
4196,168,25118.779,W,0.875,5,112,visa,0.6190476190476191,87.0,0.9702380952380952,0.10119047619047619,desktop,0.07738095238095238,5,0.02976190476190476,1456.554
4197,193,27517.667,W,0.8031088082901554,5,140,visa,0.5803108808290155,87.0,0.9481865284974094,0.19170984455958548,mobile,0.09844559585492228,4,0.02072538860103627,959.0
4198,177,22075.826,W,0.8418079096045198,5,128,visa,0.6610169491525424,87.0,0.9322033898305084,0.15819209039548024,desktop,0.096045197740113,3,0.01694915254237288,484.0
4199,168,24474.133,W,0.9464285714285714,3,111,visa,0.6904761904761905,87.0,0.9583333333333334,0.05357142857142857,desktop,0.041666666666666664,4,0.023809523809523808,528.9
4200,169,19803.177000000003,W,0.9112426035502958,5,129,visa,0.6272189349112426,87.0,0.9467455621301775,0.08284023668639054,desktop,0.0650887573964497,3,0.01775147928994083,242.64100000000002
4201,113,11962.548000000003,W,0.8761061946902655,4,88,visa,0.6814159292035398,87.0,0.9469026548672567,0.12389380530973451,desktop,0.061946902654867256,1,0.008849557522123894,59.0
4202,94,10347.929,W,0.8085106382978723,4,77,visa,0.6063829787234043,87.0,0.9148936170212766,0.19148936170212766,desktop,0.1276595744680851,0,0.0,
4203,58,5201.275,W,0.8103448275862069,4,46,visa,0.7413793103448276,87.0,0.8448275862068966,0.15517241379310345,mobile,0.10344827586206896,0,0.0,
4204,57,10344.328000000001,W,0.6842105263157895,5,37,visa,0.5789473684210527,87.0,0.7719298245614035,0.14035087719298245,mobile,0.08771929824561403,4,0.07017543859649122,2733.822
4205,22,1694.084,W,0.8181818181818182,4,20,visa,0.6818181818181818,87.0,0.9545454545454546,0.18181818181818182,desktop,0.13636363636363635,0,0.0,
4206,25,2314.5,W,0.84,3,22,visa,0.64,87.0,0.92,0.16,desktop,0.08,3,0.12,321.0
4207,9,2378.85,W,0.8888888888888888,2,8,visa,0.8888888888888888,87.0,1.0,0.1111111111111111,desktop,0.1111111111111111,0,0.0,
4208,14,3334.676,W,0.8571428571428571,3,10,visa,0.7142857142857143,87.0,0.9285714285714286,0.14285714285714285,mobile,0.14285714285714285,0,0.0,
4209,17,1515.21,W,0.6470588235294118,4,14,visa,0.5882352941176471,87.0,0.7647058823529411,0.35294117647058826,mobile,0.17647058823529413,0,0.0,
4210,37,3721.2399999999993,W,0.8648648648648649,4,33,visa,0.6756756756756757,87.0,1.0,0.13513513513513514,desktop,0.10810810810810811,0,0.0,
4211,77,10676.199,W,0.8701298701298701,4,55,visa,0.6363636363636364,87.0,0.961038961038961,0.12987012987012986,desktop,0.07792207792207792,6,0.07792207792207792,626.0
4212,101,20490.600000000002,W,0.9504950495049505,4,82,visa,0.7029702970297029,87.0,1.0,0.04950495049504951,desktop,0.0297029702970297,1,0.009900990099009901,47.95
4213,123,20264.364999999998,W,0.7723577235772358,5,96,visa,0.6341463414634146,87.0,0.9349593495934959,0.21138211382113822,desktop,0.17073170731707318,4,0.032520325203252036,3084.0
4214,127,18610.106000000003,W,0.7795275590551181,5,89,visa,0.6692913385826772,87.0,0.8976377952755905,0.2047244094488189,desktop,0.14960629921259844,6,0.047244094488188976,2046.95
4215,151,20733.631,W,0.8410596026490066,5,109,visa,0.6754966887417219,87.0,0.9337748344370861,0.15894039735099338,desktop,0.11258278145695365,7,0.046357615894039736,750.0219999999999
4216,173,27717.289,W,0.7976878612716763,5,127,visa,0.6705202312138728,87.0,0.9190751445086706,0.19653179190751446,mobile,0.09826589595375723,8,0.046242774566473986,1215.296
4217,175,23632.435999999998,W,0.7771428571428571,5,125,visa,0.6514285714285715,87.0,0.9314285714285714,0.21714285714285714,desktop,0.14857142857142858,3,0.017142857142857144,238.93200000000002
4218,183,30605.185,W,0.73224043715847,5,132,visa,0.6775956284153005,87.0,0.8797814207650273,0.2568306010928962,desktop,0.17486338797814208,10,0.0546448087431694,494.596
4219,175,26165.201,W,0.8342857142857143,5,122,visa,0.6742857142857143,87.0,0.88,0.1657142857142857,desktop,0.09714285714285714,18,0.10285714285714286,1553.2579999999998
4220,201,32945.749,W,0.7412935323383084,5,152,visa,0.5771144278606966,87.0,0.8258706467661692,0.23880597014925373,desktop,0.14427860696517414,9,0.04477611940298507,473.516
4221,200,36630.044,W,0.805,5,150,visa,0.61,87.0,0.86,0.195,desktop,0.105,7,0.035,1029.1
4222,214,33250.121,W,0.7616822429906542,4,146,visa,0.6542056074766355,87.0,0.8411214953271028,0.21962616822429906,desktop,0.11214953271028037,14,0.06542056074766354,3099.986
4223,168,17539.89,W,0.8392857142857143,5,123,visa,0.625,87.0,0.9226190476190477,0.15476190476190477,mobile,0.08333333333333333,4,0.023809523809523808,284.01300000000003
4224,158,17409.674000000003,W,0.8544303797468354,4,110,visa,0.6708860759493671,87.0,0.8987341772151899,0.14556962025316456,mobile,0.08860759493670886,3,0.0189873417721519,32.829
4225,130,14284.433,W,0.7076923076923077,5,95,visa,0.6615384615384615,87.0,0.7769230769230769,0.2923076923076923,desktop,0.14615384615384616,3,0.023076923076923078,46.08
4226,145,11749.675000000001,W,0.5103448275862069,4,95,visa,0.7034482758620689,87.0,0.6344827586206897,0.4827586206896552,desktop,0.2482758620689655,25,0.1724137931034483,1601.1240000000003
4227,79,7717.005000000001,W,0.5443037974683544,5,56,visa,0.5949367088607594,87.0,0.6329113924050633,0.45569620253164556,desktop,0.26582278481012656,11,0.13924050632911392,500.96500000000003
4228,43,3157.505,W,0.5348837209302325,3,34,visa,0.6511627906976745,87.0,0.5581395348837209,0.46511627906976744,mobile,0.27906976744186046,5,0.11627906976744186,255.012
4229,33,3163.7160000000003,W,0.48484848484848486,3,22,visa,0.5454545454545454,87.0,0.6060606060606061,0.48484848484848486,desktop,0.2727272727272727,7,0.21212121212121213,367.05199999999996
4230,26,2667.4280000000003,W,0.6153846153846154,3,17,visa,0.7692307692307693,87.0,0.6923076923076923,0.38461538461538464,mobile,0.34615384615384615,3,0.11538461538461539,66.394
4231,8,1465.85,W,1.0,1,7,visa,0.875,87.0,1.0,0.0,,,1,0.125,554.0
4232,9,974.97,W,0.7777777777777778,3,9,visa,0.5555555555555556,87.0,1.0,0.2222222222222222,desktop,0.1111111111111111,1,0.1111111111111111,226.0
4233,24,2209.94,W,0.9583333333333334,2,23,mastercard,0.5,87.0,1.0,0.041666666666666664,desktop,0.041666666666666664,1,0.041666666666666664,87.0
4234,44,4953.709999999999,W,0.8636363636363636,3,41,visa,0.5681818181818182,87.0,0.9545454545454546,0.13636363636363635,desktop,0.06818181818181818,0,0.0,
4235,43,8778.929,W,0.8837209302325582,3,37,visa,0.5348837209302325,87.0,0.9302325581395349,0.11627906976744186,mobile,0.09302325581395349,4,0.09302325581395349,1645.566
4236,118,16265.107000000002,W,0.7542372881355932,5,89,visa,0.576271186440678,87.0,0.940677966101695,0.2457627118644068,mobile,0.1271186440677966,4,0.03389830508474576,600.0
4237,117,17957.134,W,0.811965811965812,5,100,visa,0.6581196581196581,87.0,0.9658119658119658,0.1794871794871795,desktop,0.10256410256410256,2,0.017094017094017096,341.95
4238,157,21131.086000000003,W,0.821656050955414,5,113,visa,0.7834394904458599,87.0,0.9617834394904459,0.16560509554140126,desktop,0.1337579617834395,0,0.0,
4239,193,28957.099000000002,W,0.7668393782383419,5,149,visa,0.6476683937823834,87.0,0.9015544041450777,0.22797927461139897,mobile,0.11917098445595854,3,0.015544041450777202,205.986
4240,175,33853.829000000005,W,0.8228571428571428,5,124,visa,0.6914285714285714,87.0,0.8971428571428571,0.17142857142857143,desktop,0.08571428571428572,5,0.02857142857142857,2721.544
4241,197,31165.213,W,0.8121827411167513,5,137,visa,0.7868020304568528,87.0,0.8984771573604061,0.18274111675126903,desktop,0.10152284263959391,5,0.025380710659898477,531.0
4242,222,48164.4,W,0.8018018018018018,5,138,visa,0.6801801801801802,87.0,0.9234234234234234,0.1891891891891892,desktop,0.11711711711711711,6,0.02702702702702703,1239.287
4243,200,35563.960999999996,W,0.875,5,137,visa,0.715,87.0,0.935,0.125,desktop,0.075,11,0.055,2990.149
4244,254,51408.313,W,0.7992125984251969,5,167,visa,0.65748031496063,87.0,0.8503937007874016,0.1889763779527559,mobile,0.1141732283464567,22,0.08661417322834646,3207.059
4245,222,44647.64,W,0.8738738738738738,5,150,visa,0.6756756756756757,87.0,0.9279279279279279,0.12162162162162163,desktop,0.06306306306306306,6,0.02702702702702703,3835.0
4246,248,45667.14599999999,W,0.8951612903225806,5,161,visa,0.7338709677419355,87.0,0.9354838709677419,0.10483870967741936,desktop,0.056451612903225805,9,0.036290322580645164,528.22
4247,187,23584.044,W,0.8877005347593583,5,140,visa,0.7005347593582888,87.0,0.9518716577540107,0.11229946524064172,desktop,0.06951871657754011,8,0.0427807486631016,492.942
4248,168,21656.328,W,0.8809523809523809,3,125,visa,0.6190476190476191,87.0,0.9107142857142857,0.11904761904761904,desktop,0.06547619047619048,4,0.023809523809523808,601.5219999999999
4249,145,12054.428,W,0.8344827586206897,5,110,visa,0.7793103448275862,87.0,0.8896551724137931,0.15862068965517243,desktop,0.08275862068965517,5,0.034482758620689655,451.73199999999997
4250,88,10000.698,W,0.7272727272727273,4,76,visa,0.6022727272727273,87.0,0.7840909090909091,0.2727272727272727,desktop,0.1590909090909091,8,0.09090909090909091,562.642
4251,62,9272.170000000002,W,0.7903225806451613,3,46,visa,0.7741935483870968,87.0,0.7903225806451613,0.20967741935483872,mobile,0.12903225806451613,3,0.04838709677419355,1372.5
4252,27,2579.79,C,0.5555555555555556,3,23,visa,0.7037037037037037,87.0,0.4444444444444444,0.5555555555555556,mobile,0.3333333333333333,6,0.2222222222222222,890.5630000000001
4253,29,2201.7729999999997,W,0.5862068965517241,5,25,visa,0.6206896551724138,87.0,0.8275862068965517,0.41379310344827586,mobile,0.20689655172413793,2,0.06896551724137931,35.044
4254,16,1135.754,C,0.5625,2,13,visa,0.625,87.0,0.4375,0.5625,mobile,0.5,1,0.0625,17.522
4255,6,896.9,W,0.6666666666666666,2,4,mastercard,0.5,87.0,1.0,0.3333333333333333,desktop,0.3333333333333333,3,0.5,414.95
4256,4,241.45,W,1.0,1,4,visa,1.0,87.0,1.0,0.0,,,0,0.0,
4257,19,1592.67,W,0.8947368421052632,2,16,visa,0.6842105263157895,87.0,0.8947368421052632,0.10526315789473684,desktop,0.10526315789473684,0,0.0,
4258,14,1287.8,W,1.0,1,13,visa,0.8571428571428571,87.0,1.0,0.0,,,0,0.0,
4259,42,5041.063999999999,W,0.8809523809523809,4,31,visa,0.5952380952380952,87.0,0.9523809523809523,0.11904761904761904,mobile,0.07142857142857142,3,0.07142857142857142,119.0
4260,69,12943.809000000001,W,0.6376811594202898,5,47,visa,0.7101449275362319,87.0,0.9420289855072463,0.2753623188405797,desktop,0.2028985507246377,6,0.08695652173913043,210.0
4261,97,13302.994000000002,W,0.8144329896907216,5,73,visa,0.6185567010309279,87.0,0.8762886597938144,0.18556701030927836,mobile,0.14432989690721648,3,0.030927835051546393,1844.443
4262,133,21194.934,W,0.8045112781954887,5,93,visa,0.8120300751879699,87.0,0.9097744360902256,0.18796992481203006,mobile,0.10526315789473684,5,0.03759398496240601,652.044
4263,155,25268.22,W,0.8129032258064516,5,118,visa,0.6387096774193548,87.0,0.8903225806451613,0.18064516129032257,mobile,0.12903225806451613,11,0.07096774193548387,937.594
4264,157,20085.705,W,0.8662420382165605,5,121,visa,0.7261146496815286,87.0,0.9044585987261147,0.12738853503184713,mobile,0.08280254777070063,4,0.025477707006369428,789.624
4265,165,19484.728000000003,W,0.8242424242424242,4,118,visa,0.6363636363636364,87.0,0.8545454545454545,0.17575757575757575,mobile,0.12727272727272726,4,0.024242424242424242,377.885
4266,169,19119.485,W,0.8224852071005917,5,130,visa,0.6863905325443787,87.0,0.8875739644970414,0.17751479289940827,mobile,0.09467455621301775,4,0.023668639053254437,368.196
4267,175,20112.963000000003,W,0.8857142857142857,5,123,visa,0.6628571428571428,87.0,0.9257142857142857,0.09714285714285714,mobile,0.07428571428571429,8,0.045714285714285714,1605.628
4268,138,18101.639,W,0.8623188405797102,5,110,visa,0.7318840579710145,87.0,0.9057971014492754,0.13768115942028986,mobile,0.08695652173913043,11,0.07971014492753623,1213.54
4269,192,20418.155,W,0.8125,5,129,visa,0.7552083333333334,87.0,0.953125,0.18229166666666666,mobile,0.11458333333333333,9,0.046875,419.044
4270,155,16799.507,W,0.8387096774193549,5,119,visa,0.7032258064516129,87.0,0.9032258064516129,0.16129032258064516,mobile,0.0967741935483871,7,0.04516129032258064,1426.727
4271,139,13295.863000000001,W,0.9064748201438849,5,106,visa,0.6546762589928058,87.0,0.9568345323741008,0.08633093525179857,mobile,0.04316546762589928,2,0.014388489208633094,131.0
4272,139,12012.726999999999,W,0.8345323741007195,5,104,visa,0.7697841726618705,87.0,0.8776978417266187,0.16546762589928057,mobile,0.10071942446043165,0,0.0,
4273,112,11425.673,W,0.75,5,83,visa,0.7767857142857143,87.0,0.8303571428571429,0.24107142857142858,mobile,0.15178571428571427,3,0.026785714285714284,363.438
4274,84,7127.2789999999995,W,0.6785714285714286,5,66,visa,0.6904761904761905,87.0,0.8095238095238095,0.2976190476190476,mobile,0.23809523809523808,10,0.11904761904761904,1763.6670000000001
4275,69,7786.447999999999,W,0.7101449275362319,5,53,visa,0.6376811594202898,87.0,0.8260869565217391,0.2898550724637681,mobile,0.14492753623188406,0,0.0,
4276,51,3562.357,W,0.39215686274509803,4,35,visa,0.6078431372549019,87.0,0.6078431372549019,0.6078431372549019,mobile,0.43137254901960786,0,0.0,
4277,26,2245.759,W,0.5769230769230769,4,23,visa,0.6153846153846154,87.0,0.6538461538461539,0.38461538461538464,desktop,0.3076923076923077,0,0.0,
4278,13,1217.8190000000002,W,0.5384615384615384,4,12,visa,0.6923076923076923,87.0,0.6923076923076923,0.46153846153846156,desktop,0.23076923076923078,0,0.0,
4279,4,272.297,W,0.5,2,4,mastercard,1.0,87.0,0.5,0.5,desktop,0.25,0,0.0,
4280,6,687.534,W,0.5,3,5,visa,1.0,87.0,0.8333333333333334,0.5,mobile,0.5,0,0.0,
4281,9,821.8,W,0.8888888888888888,2,8,visa,0.6666666666666666,87.0,1.0,0.1111111111111111,desktop,0.1111111111111111,0,0.0,
4282,9,936.9000000000001,W,0.8888888888888888,2,9,visa,0.6666666666666666,87.0,1.0,0.1111111111111111,mobile,0.1111111111111111,0,0.0,
4283,46,3240.015,S,0.6086956521739131,4,36,visa,0.5,87.0,0.9347826086956522,0.5652173913043478,desktop,0.5,25,0.5434782608695652,1714.0
4284,51,4622.606,W,0.8431372549019608,4,38,visa,0.5490196078431373,87.0,0.9215686274509803,0.1568627450980392,mobile,0.11764705882352941,0,0.0,
4285,88,14863.329,W,0.8068181818181818,4,69,visa,0.75,87.0,0.9090909090909091,0.19318181818181818,mobile,0.10227272727272728,3,0.03409090909090909,981.95
4286,92,12549.198000000002,W,0.8260869565217391,4,77,visa,0.6956521739130435,87.0,0.9021739130434783,0.16304347826086957,mobile,0.13043478260869565,3,0.03260869565217391,2010.287
4287,108,17231.67,W,0.8148148148148148,4,80,visa,0.6759259259259259,87.0,0.8611111111111112,0.18518518518518517,mobile,0.12962962962962962,13,0.12037037037037036,738.7939999999999
4288,125,13394.241000000002,W,0.816,5,105,visa,0.624,87.0,0.872,0.184,mobile,0.128,8,0.064,983.732
4289,132,13487.113000000001,W,0.7954545454545454,5,104,visa,0.696969696969697,87.0,0.9242424242424242,0.20454545454545456,mobile,0.13636363636363635,2,0.015151515151515152,121.731
4290,167,18156.455,W,0.8323353293413174,5,116,visa,0.6646706586826348,87.0,0.8862275449101796,0.16167664670658682,mobile,0.10179640718562874,5,0.029940119760479042,858.985
4291,147,18110.440000000002,W,0.7959183673469388,5,103,visa,0.6802721088435374,87.0,0.8503401360544217,0.19727891156462585,mobile,0.11564625850340136,4,0.027210884353741496,2023.894
4292,158,15606.181,W,0.8291139240506329,5,117,visa,0.5822784810126582,87.0,0.9113924050632911,0.17088607594936708,mobile,0.12025316455696203,1,0.006329113924050633,554.0
4293,158,17488.178,W,0.8670886075949367,5,111,visa,0.6582278481012658,87.0,0.9367088607594937,0.13291139240506328,desktop,0.0759493670886076,7,0.04430379746835443,2794.5
4294,145,12681.415,W,0.8344827586206897,5,104,visa,0.696551724137931,87.0,0.896551724137931,0.16551724137931034,mobile,0.0896551724137931,4,0.027586206896551724,871.0
4295,129,12284.374,W,0.7984496124031008,5,96,visa,0.7054263565891473,87.0,0.9147286821705426,0.17829457364341086,mobile,0.09302325581395349,0,0.0,
4296,129,13295.359,W,0.9224806201550387,4,97,visa,0.689922480620155,87.0,0.9457364341085271,0.06976744186046512,mobile,0.046511627906976744,4,0.031007751937984496,2423.8999999999996
4297,120,12849.059,W,0.875,4,88,visa,0.725,87.0,0.9,0.125,mobile,0.1,2,0.016666666666666666,277.0
4298,93,8440.308,W,0.8064516129032258,4,66,visa,0.6451612903225806,87.0,0.8709677419354839,0.1827956989247312,mobile,0.16129032258064516,0,0.0,
4299,77,8892.589000000002,W,0.7142857142857143,4,56,visa,0.7402597402597403,87.0,0.7532467532467533,0.2727272727272727,mobile,0.22077922077922077,9,0.11688311688311688,1335.7150000000001
4300,37,3387.7899999999995,C,0.4864864864864865,3,23,visa,0.8648648648648649,87.0,0.5135135135135135,0.5405405405405406,mobile,0.35135135135135137,4,0.10810810810810811,150.442
4301,15,3889.521999999999,W,0.7333333333333333,3,12,visa,0.6,87.0,0.8,0.26666666666666666,mobile,0.13333333333333333,1,0.06666666666666667,107.95
4302,14,993.8640000000001,W,0.9285714285714286,2,11,visa,0.6428571428571429,87.0,0.9285714285714286,0.07142857142857142,mobile,0.07142857142857142,0,0.0,
4303,13,1100.494,W,0.6923076923076923,4,10,visa,0.7692307692307693,87.0,0.8461538461538461,0.3076923076923077,desktop,0.23076923076923078,4,0.3076923076923077,277.694
4304,10,3520.8,W,0.8,2,8,visa,0.9,87.0,1.0,0.2,mobile,0.2,1,0.1,2680.0
4305,8,794.8199999999999,W,0.875,2,8,visa,0.625,87.0,1.0,0.125,mobile,0.125,0,0.0,
4306,14,1676.3970000000002,W,0.8571428571428571,3,14,visa,1.0,87.0,0.9285714285714286,0.14285714285714285,mobile,0.14285714285714285,1,0.07142857142857142,75.0
4307,34,3358.59,W,0.9117647058823529,2,28,visa,0.6764705882352942,87.0,1.0,0.058823529411764705,desktop,0.058823529411764705,1,0.029411764705882353,335.0
4308,62,4453.7699999999995,W,0.8548387096774194,4,54,visa,0.5645161290322581,87.0,0.9354838709677419,0.12903225806451613,mobile,0.08064516129032258,2,0.03225806451612903,33.2
4309,99,10704.707000000002,W,0.797979797979798,5,70,visa,0.7676767676767676,87.0,0.9090909090909091,0.20202020202020202,mobile,0.15151515151515152,0,0.0,
4310,111,12957.118000000004,W,0.8558558558558559,5,88,visa,0.7027027027027027,87.0,0.954954954954955,0.14414414414414414,mobile,0.07207207207207207,1,0.009009009009009009,92.0
4311,153,18374.136,W,0.8169934640522876,5,116,visa,0.6666666666666666,87.0,0.9673202614379085,0.1568627450980392,desktop,0.13071895424836602,6,0.0392156862745098,447.95
4312,163,19532.324999999997,W,0.852760736196319,5,114,visa,0.6748466257668712,87.0,0.9325153374233128,0.147239263803681,mobile,0.08588957055214724,4,0.024539877300613498,1888.0
4313,157,19626.756,W,0.8471337579617835,5,119,visa,0.7452229299363057,87.0,0.9235668789808917,0.1464968152866242,mobile,0.09554140127388536,5,0.03184713375796178,338.0
4314,123,15458.148000000001,W,0.7886178861788617,5,91,visa,0.6991869918699187,87.0,0.975609756097561,0.21138211382113822,mobile,0.11382113821138211,3,0.024390243902439025,1021.0
4315,138,18738.21,W,0.8405797101449275,5,111,visa,0.6666666666666666,87.0,0.9347826086956522,0.14492753623188406,mobile,0.09420289855072464,5,0.036231884057971016,3092.0
4316,142,13811.932999999999,W,0.8450704225352113,5,106,visa,0.6830985915492958,87.0,0.9154929577464789,0.15492957746478872,mobile,0.07746478873239436,2,0.014084507042253521,234.0
4317,142,13435.641,W,0.9014084507042254,5,109,visa,0.6901408450704225,87.0,0.9295774647887324,0.09859154929577464,desktop,0.04929577464788732,2,0.014084507042253521,207.0
4318,167,15425.486,W,0.8263473053892215,4,127,visa,0.7005988023952096,87.0,0.8802395209580839,0.1497005988023952,mobile,0.08383233532934131,3,0.017964071856287425,292.0
4319,156,17771.129,W,0.8717948717948718,5,116,visa,0.6217948717948718,87.0,0.9166666666666666,0.1282051282051282,desktop,0.07692307692307693,6,0.038461538461538464,2289.0
4320,133,15817.978000000003,W,0.849624060150376,5,109,visa,0.7293233082706767,87.0,0.9022556390977443,0.12781954887218044,mobile,0.06766917293233082,5,0.03759398496240601,335.534
4321,134,18275.633,W,0.8134328358208955,4,100,visa,0.746268656716418,87.0,0.8731343283582089,0.1791044776119403,mobile,0.08955223880597014,6,0.04477611940298507,589.75
4322,118,12677.916000000003,W,0.7627118644067796,5,91,visa,0.7457627118644068,87.0,0.7966101694915254,0.23728813559322035,mobile,0.17796610169491525,8,0.06779661016949153,1102.356
4323,57,6633.275999999999,W,0.8245614035087719,4,48,visa,0.631578947368421,87.0,0.8596491228070176,0.17543859649122806,mobile,0.08771929824561403,1,0.017543859649122806,200.0
4324,36,2973.744,W,0.5555555555555556,4,23,visa,0.8611111111111112,87.0,0.7222222222222222,0.4444444444444444,mobile,0.3333333333333333,0,0.0,
4325,29,1785.336,C,0.4482758620689655,3,22,visa,0.7931034482758621,87.0,0.5517241379310345,0.6206896551724138,desktop,0.41379310344827586,7,0.2413793103448276,35.287000000000006
4326,20,1719.8039999999999,W,0.7,3,19,visa,0.75,87.0,0.75,0.3,mobile,0.15,1,0.05,9.591
4327,12,984.202,W,0.8333333333333334,3,12,visa,0.6666666666666666,87.0,0.9166666666666666,0.16666666666666666,mobile,0.08333333333333333,0,0.0,
4328,8,2249.82,W,1.0,1,6,visa,0.5,87.0,1.0,0.0,,,0,0.0,
4329,12,884.062,W,0.5833333333333334,3,9,visa,0.8333333333333334,87.0,0.6666666666666666,0.4166666666666667,desktop,0.4166666666666667,0,0.0,
4330,27,3117.1499999999996,W,0.8518518518518519,3,27,visa,0.5925925925925926,87.0,1.0,0.14814814814814814,desktop,0.1111111111111111,0,0.0,
4331,36,4155.532,W,0.8888888888888888,4,31,visa,0.7222222222222222,87.0,0.9722222222222222,0.1111111111111111,desktop,0.08333333333333333,0,0.0,
4332,89,10543.900000000001,W,0.898876404494382,4,70,visa,0.7078651685393258,87.0,1.0,0.10112359550561797,desktop,0.056179775280898875,2,0.02247191011235955,60.0
4333,134,19683.013000000003,W,0.8432835820895522,5,101,visa,0.664179104477612,87.0,0.9626865671641791,0.14925373134328357,desktop,0.11194029850746269,5,0.03731343283582089,1756.0
4334,141,22978.000000000004,W,0.8368794326241135,5,109,visa,0.6666666666666666,87.0,0.9219858156028369,0.1347517730496454,desktop,0.09219858156028368,1,0.0070921985815602835,49.0
4335,193,28196.87,W,0.8031088082901554,5,137,visa,0.772020725388601,87.0,0.917098445595855,0.18134715025906736,desktop,0.11917098445595854,7,0.03626943005181347,1472.9
4336,184,37947.655,W,0.8043478260869565,5,129,visa,0.6630434782608695,87.0,0.907608695652174,0.1956521739130435,desktop,0.125,12,0.06521739130434782,2025.9529999999997
4337,198,28530.674,W,0.8080808080808081,5,134,visa,0.6717171717171717,87.0,0.898989898989899,0.1919191919191919,desktop,0.13131313131313133,12,0.06060606060606061,3057.931
4338,202,37979.903000000006,W,0.806930693069307,5,134,visa,0.7128712871287128,87.0,0.9207920792079208,0.1782178217821782,desktop,0.14356435643564355,12,0.0594059405940594,668.856
4339,185,24204.131,W,0.8,5,139,visa,0.6864864864864865,87.0,0.9027027027027027,0.2,desktop,0.16216216216216217,0,0.0,
4340,160,29043.858,W,0.78125,5,112,visa,0.6125,87.0,0.9625,0.2125,desktop,0.15,9,0.05625,864.529
4341,179,32321.430999999997,W,0.88268156424581,5,138,visa,0.659217877094972,87.0,0.9329608938547486,0.11731843575418995,desktop,0.0670391061452514,3,0.01675977653631285,176.324
4342,146,33542.432,W,0.910958904109589,4,111,visa,0.7054794520547946,87.0,0.9452054794520548,0.0821917808219178,mobile,0.06164383561643835,2,0.0136986301369863,2925.06
4343,185,24825.755,W,0.8108108108108109,5,126,visa,0.6756756756756757,87.0,0.9081081081081082,0.1783783783783784,desktop,0.11891891891891893,5,0.02702702702702703,381.95
4344,193,34142.061,W,0.8549222797927462,4,132,visa,0.7098445595854922,87.0,0.9533678756476683,0.14507772020725387,mobile,0.08290155440414508,11,0.05699481865284974,2189.045
4345,127,15397.748000000003,W,0.8503937007874016,5,100,visa,0.6850393700787402,87.0,0.9448818897637795,0.14960629921259844,desktop,0.07874015748031496,3,0.023622047244094488,600.0
4346,133,20592.078,W,0.8195488721804511,5,103,visa,0.706766917293233,87.0,0.9172932330827067,0.18045112781954886,desktop,0.12781954887218044,8,0.06015037593984962,2571.252
4347,104,14388.858000000002,W,0.6923076923076923,4,68,visa,0.6538461538461539,87.0,0.8942307692307693,0.3076923076923077,mobile,0.16346153846153846,4,0.038461538461538464,292.0
4348,27,2941.6150000000002,C,0.4444444444444444,4,21,visa,0.6666666666666666,87.0,0.5555555555555556,0.4444444444444444,desktop,0.3333333333333333,0,0.0,
4349,30,3072.9399999999996,W,0.7,3,21,visa,0.6333333333333333,87.0,0.7666666666666667,0.23333333333333334,mobile,0.13333333333333333,0,0.0,
4350,12,1139.6000000000001,W,0.9166666666666666,2,12,visa,0.8333333333333334,87.0,1.0,0.08333333333333333,mobile,0.08333333333333333,1,0.08333333333333333,175.0
4351,7,549.9,W,1.0,1,5,visa,0.8571428571428571,87.0,1.0,0.0,,,0,0.0,
4352,10,1520.442,W,0.9,2,9,visa,0.9,87.0,0.9,0.1,mobile,0.1,1,0.1,117.0
4353,10,1006.32,W,1.0,1,10,visa,0.5,87.0,1.0,0.0,,,0,0.0,
4354,35,3654.103,W,0.8,5,33,visa,0.8,87.0,0.9428571428571428,0.2,desktop,0.14285714285714285,1,0.02857142857142857,445.0
4355,47,5185.999999999999,W,0.8297872340425532,3,36,visa,0.6808510638297872,87.0,1.0,0.1702127659574468,mobile,0.1276595744680851,0,0.0,
4356,79,7720.806,W,0.8607594936708861,4,60,visa,0.7341772151898734,87.0,0.9873417721518988,0.10126582278481013,mobile,0.06329113924050633,4,0.05063291139240506,318.0
4357,119,23842.417,W,0.8319327731092437,5,89,visa,0.680672268907563,87.0,0.9411764705882353,0.16806722689075632,desktop,0.14285714285714285,5,0.04201680672268908,3591.95
4358,151,30026.211000000003,W,0.847682119205298,5,115,visa,0.609271523178808,87.0,0.9271523178807947,0.1390728476821192,desktop,0.11258278145695365,6,0.039735099337748346,923.3470000000001
4359,163,30596.832000000002,W,0.8282208588957055,5,123,visa,0.6073619631901841,87.0,0.9447852760736196,0.1656441717791411,desktop,0.12883435582822086,7,0.04294478527607362,456.255
4360,216,36928.5,W,0.7222222222222222,5,147,visa,0.5879629629629629,87.0,0.8842592592592593,0.24074074074074073,desktop,0.12962962962962962,4,0.018518518518518517,2028.63
4361,169,24342.392,W,0.8047337278106509,5,120,visa,0.6745562130177515,87.0,0.9171597633136095,0.1893491124260355,desktop,0.11242603550295859,10,0.05917159763313609,2355.902
4362,182,22760.587,W,0.8131868131868132,5,123,visa,0.6208791208791209,87.0,0.945054945054945,0.15384615384615385,desktop,0.12087912087912088,11,0.06043956043956044,1972.1190000000001
4363,191,29645.027000000002,W,0.8534031413612565,5,131,visa,0.6544502617801047,87.0,0.9319371727748691,0.13612565445026178,desktop,0.09947643979057591,8,0.041884816753926704,558.5
4364,176,28880.852,W,0.8068181818181818,5,123,visa,0.6875,87.0,0.9261363636363636,0.19318181818181818,desktop,0.11363636363636363,3,0.017045454545454544,873.602
4365,178,27537.153000000002,W,0.8876404494382022,5,131,visa,0.6685393258426966,87.0,0.949438202247191,0.10674157303370786,desktop,0.06179775280898876,7,0.03932584269662921,721.573
4366,182,26188.924,W,0.8131868131868132,5,121,visa,0.7252747252747253,87.0,0.8846153846153846,0.18681318681318682,desktop,0.0989010989010989,17,0.09340659340659341,1971.852
4367,198,30517.178,W,0.8484848484848485,5,132,visa,0.6666666666666666,87.0,0.9242424242424242,0.15151515151515152,desktop,0.13131313131313133,11,0.05555555555555555,74.676
4368,155,21322.337,W,0.8258064516129032,5,115,visa,0.632258064516129,87.0,0.9354838709677419,0.17419354838709677,desktop,0.10967741935483871,3,0.01935483870967742,382.0
4369,143,14905.114000000001,W,0.7622377622377622,5,92,visa,0.6433566433566433,87.0,0.8251748251748252,0.23076923076923078,desktop,0.16083916083916083,8,0.055944055944055944,330.14000000000004
4370,98,10459.407,W,0.8877551020408163,4,76,visa,0.6326530612244898,87.0,0.9285714285714286,0.11224489795918367,desktop,0.061224489795918366,6,0.061224489795918366,997.1800000000001
4371,95,13294.267000000002,W,0.7157894736842105,4,71,visa,0.6736842105263158,87.0,0.8315789473684211,0.28421052631578947,mobile,0.17894736842105263,10,0.10526315789473684,3148.5240000000003
4372,31,3787.946,W,0.5161290322580645,4,26,visa,0.6129032258064516,87.0,0.6451612903225806,0.45161290322580644,desktop,0.22580645161290322,2,0.06451612903225806,300.0
4373,36,5595.6759999999995,W,0.7222222222222222,3,26,visa,0.75,87.0,0.8055555555555556,0.25,mobile,0.16666666666666666,3,0.08333333333333333,1101.676
4374,17,3004.7200000000003,W,0.9411764705882353,2,14,visa,0.7647058823529411,87.0,1.0,0.058823529411764705,desktop,0.058823529411764705,0,0.0,
4375,13,940.3500000000001,W,1.0,1,5,visa,1.0,87.0,1.0,0.0,,,0,0.0,
4376,10,6131.046,W,0.8,2,8,visa,0.6,87.0,0.8,0.2,desktop,0.2,0,0.0,
4377,21,4513.4,W,1.0,1,18,visa,0.7619047619047619,87.0,1.0,0.0,,,2,0.09523809523809523,318.0
4378,48,8374.460000000001,W,0.8958333333333334,2,38,visa,0.5833333333333334,87.0,0.8958333333333334,0.10416666666666667,desktop,0.10416666666666667,3,0.0625,315.0
4379,70,9444.904000000002,W,0.9,4,62,visa,0.5714285714285714,87.0,0.9857142857142858,0.1,mobile,0.05714285714285714,0,0.0,
4380,110,14569.200000000003,W,0.8363636363636363,5,83,visa,0.6454545454545455,87.0,0.9636363636363636,0.12727272727272726,desktop,0.08181818181818182,8,0.07272727272727272,2130.0
4381,125,29311.083999999995,W,0.8,5,95,visa,0.6,87.0,0.904,0.192,desktop,0.104,7,0.056,475.6040000000001
4382,185,21819.842,W,0.827027027027027,5,119,visa,0.6432432432432432,87.0,0.9297297297297298,0.16216216216216217,desktop,0.10270270270270271,3,0.016216216216216217,1054.17
4383,174,27941.305,W,0.7931034482758621,5,124,visa,0.6609195402298851,87.0,0.896551724137931,0.19540229885057472,mobile,0.10919540229885058,8,0.04597701149425287,994.4000000000001
4384,167,24829.063000000002,W,0.7904191616766467,5,128,visa,0.6826347305389222,87.0,0.9401197604790419,0.20359281437125748,desktop,0.1377245508982036,4,0.023952095808383235,469.049
4385,200,42978.009,W,0.825,5,140,visa,0.685,87.0,0.92,0.175,desktop,0.14,3,0.015,589.5
4386,183,30186.899,W,0.8087431693989071,5,130,visa,0.6338797814207651,87.0,0.8797814207650273,0.18032786885245902,desktop,0.14207650273224043,13,0.07103825136612021,1012.1809999999998
4387,189,50836.496,W,0.8253968253968254,4,136,visa,0.6190476190476191,87.0,0.91005291005291,0.15343915343915343,desktop,0.10582010582010581,7,0.037037037037037035,418.024
4388,173,33948.208,W,0.8265895953757225,5,127,visa,0.7167630057803468,87.0,0.953757225433526,0.15606936416184972,desktop,0.10404624277456648,7,0.04046242774566474,1527.95
4389,171,32601.546000000002,W,0.7660818713450293,4,134,visa,0.7309941520467836,87.0,0.8538011695906432,0.2222222222222222,desktop,0.11695906432748537,9,0.05263157894736842,1287.3980000000001
4390,165,27179.98,W,0.8606060606060606,4,111,visa,0.7090909090909091,87.0,0.9212121212121213,0.1393939393939394,desktop,0.08484848484848485,10,0.06060606060606061,4694.244
4391,175,34224.557,W,0.84,4,124,visa,0.6685714285714286,87.0,0.92,0.16,desktop,0.09142857142857143,3,0.017142857142857144,467.0
